1,-0.307
2,-0.15
3,0.475
4,1.021
5,1.248
6,1.239
7,0.839
8,0.06
9,-0.545
10,-0.63
11,-0.558
12,-0.524
13,-0.587
14,-0.676
15,-0.83
16,-1.057
17,-1.163
18,-1.104
19,-0.884
20,-0.692
21,-0.584
22,-0.397
23,-0.289
24,-0.267
25,-0.433
26,-0.64
27,-0.584
28,-0.221
29,0.284
30,0.427
31,0.162
32,-0.817
33,-1.743
34,-2.238
35,-2.671
36,-2.98
37,-3.115
38,-3.05
39,-3.084
40,-2.951
41,-2.784
42,-2.571
43,-2.378
44,-2.377
45,-2.561
46,-2.812
47,-3.086
48,-3.254
49,-3.193
50,-2.842
51,-1.996
52,-1.165
53,-0.611
54,-0.245
55,-0.146
56,-0.434
57,-0.439
58,0.102
59,0.656
60,0.945
61,1.088
62,1.094
63,1.149
64,1.13
65,1.033
66,1.111
67,1.226
68,1.225
69,1.312
70,1.488
71,1.716
72,1.928
73,2.044
74,2.059
75,2.157
76,2.345
77,2.748
78,3.206
79,3.402
80,3.264
81,3.118
82,3.104
83,2.721
84,2.365
85,2.169
86,2.122
87,2.097
88,2.113
89,2.168
90,2.137
91,2.126
92,2.157
93,2.195
94,2.223
95,2.302
96,2.488
97,2.746
98,2.933
99,3.088
100,3.315
101,3.43
102,3.588
103,3.765
104,3.876
105,3.708
106,3.377
107,2.914
108,2.529
109,2.229
110,2.015
111,1.737
112,1.55
113,1.317
114,1.246
115,1.263
116,1.179
117,1.032
118,0.883
119,0.766
120,0.665
121,0.627
122,0.795
123,1.152
124,1.392
125,1.53
126,1.632
127,1.635
128,1.357
129,1.221
130,1.525
131,1.927
132,2.303
133,2.625
134,2.928
135,3.207
136,3.391
137,3.533
138,3.57
139,3.594
140,3.608
141,3.573
142,3.526
143,3.496
144,3.508
145,3.522
146,3.59
147,3.75
148,3.806
149,3.695
150,3.49
151,3.243
152,3.02
153,2.881
154,2.857
155,2.848
156,2.836
157,2.815
158,2.788
159,2.763
160,2.816
161,2.908
162,2.974
163,2.868
164,2.637
165,2.377
166,2.21
167,2.152
168,2.216
169,2.323
170,2.581
171,3.03
172,3.329
173,3.263
174,3.096
175,2.821
176,2.491
177,2.183
178,2.134
179,2.14
180,2.141
181,2.096
182,2.034
183,1.957
184,1.848
185,1.777
186,1.711
187,1.607
188,1.468
189,1.318
190,1.227
191,1.177
192,1.173
193,1.186
194,1.34
195,1.674
196,2.014
197,2.193
198,2.297
199,2.266
200,2.009
201,1.682
202,1.66
203,1.763
204,1.912
205,2.067
206,2.241
207,2.414
208,2.497
209,2.557
210,2.599
211,2.616
212,2.658
213,2.716
214,2.865
215,3.026
216,3.202
217,3.416
218,3.712
219,4.035
220,4.154
221,4.094
222,4.025
223,3.938
224,3.814
225,3.658
226,3.545
227,3.432
228,3.327
229,3.266
230,3.22
231,3.203
232,3.258
233,3.353
234,3.415
235,3.509
236,3.582
237,3.638
238,3.5
239,3.284
240,3.23
241,3.137
242,3.308
243,3.548
244,3.715
245,3.828
246,3.824
247,3.69
248,3.458
249,3.228
250,3.247
251,3.309
252,3.381
253,3.477
254,3.587
255,3.754
256,3.896
257,4.013
258,3.973
259,3.871
260,3.688
261,3.521
262,3.397
263,3.27
264,3.21
265,3.163
266,3.219
267,3.388
268,3.599
269,3.904
270,4.215
271,4.43
272,4.518
273,4.459
274,4.24
275,4.142
276,4.278
277,4.41
278,4.445
279,4.461
280,4.417
281,4.338
282,4.175
283,3.952
284,3.659
285,3.364
286,3.1
287,2.895
288,2.669
289,2.411
290,2.488
291,2.799
292,3.081
293,3.351
294,3.542
295,3.565
296,3.332
297,2.916
298,2.772
299,2.707
300,2.751
301,2.917
302,2.991
303,2.826
304,2.303
305,2.096
306,1.971
307,1.844
308,1.708
309,1.531
310,1.514
311,1.744
312,2.101
313,2.535
314,3.205
315,3.999
316,4.709
317,4.936
318,4.904
319,4.847
320,4.698
321,4.464
322,4.146
323,3.339
324,2.741
325,2.459
326,2.627
327,2.984
328,3.197
329,3.352
330,3.315
331,3.664
332,4.016
333,4.129
334,4.261
335,4.59
336,4.703
337,4.44
338,4.108
339,4.149
340,4.382
341,4.586
342,4.629
343,4.475
344,4.018
345,3.349
346,2.906
347,2.439
348,2.02
349,1.634
350,1.191
351,0.802
352,0.702
353,0.789
354,0.91
355,0.844
356,0.671
357,0.522
358,0.353
359,0.126
360,0.042
361,0.091
362,0.997
363,2.544
364,3.516
365,3.93
366,4.006
367,3.742
368,3.242
369,2.697
370,2.592
371,2.566
372,2.529
373,2.46
374,2.409
375,2.449
376,2.406
377,2.159
378,1.791
379,1.307
380,0.768
381,0.368
382,0.082
383,-0.142
384,-0.426
385,-0.629
386,-0.486
387,-0.176
388,0.398
389,1.183
390,1.914
391,2.344
392,2.267
393,1.826
394,2.125
395,2.728
396,3.391
397,3.282
398,2.745
399,1.955
400,1.213
401,0.825
402,0.52
403,0.298
404,0.204
405,0.159
406,0.288
407,0.489
408,0.705
409,0.779
410,1.109
411,1.541
412,2.003
413,2.508
414,2.844
415,2.916
416,2.652
417,2.094
418,1.921
419,1.84
420,1.528
421,1.355
422,1.396
423,1.185
424,0.598
425,0.248
426,0.043
427,-0.049
428,0.022
429,0.108
430,0.192
431,0.133
432,0.07
433,0.027
434,0.329
435,0.705
436,1.107
437,1.621
438,2.175
439,2.431
440,1.843
441,1.077
442,0.868
443,0.855
444,0.949
445,1.055
446,1.009
447,0.988
448,0.996
449,0.799
450,0.566
451,0.24
452,-0.07
453,-0.258
454,-0.242
455,-0.144
456,0.098
457,0.343
458,0.889
459,1.61
460,2.081
461,2.417
462,2.609
463,2.468
464,1.95
465,1.108
466,0.682
467,0.378
468,0.19
469,-0.029
470,-0.122
471,-0.117
472,-0.064
473,0.184
474,0.53
475,0.765
476,0.957
477,1.141
478,1.317
479,1.478
480,1.598
481,1.737
482,2.135
483,2.675
484,3.228
485,3.693
486,3.99
487,3.989
488,3.611
489,3.017
490,2.581
491,2.269
492,2.063
493,1.931
494,1.769
495,1.569
496,1.356
497,1.241
498,1.217
499,1.154
500,0.958
501,0.773
502,0.654
503,0.492
504,0.319
505,0.19
506,0.45
507,1.029
508,1.733
509,2.274
510,2.443
511,2.28
512,1.635
513,0.571
514,0.11
515,-0.206
516,-0.441
517,-0.633
518,-0.677
519,-0.638
520,-0.597
521,-0.657
522,-0.643
523,-0.278
524,0.373
525,0.95
526,1.127
527,1.202
528,1.492
529,1.903
530,2.319
531,2.629
532,2.746
533,2.753
534,2.801
535,2.791
536,2.555
537,2.313
538,2.457
539,2.784
540,3.077
541,3.301
542,3.481
543,3.527
544,3.448
545,3.455
546,3.551
547,3.549
548,3.372
549,3.367
550,3.412
551,3.377
552,3.372
553,3.259
554,3.286
555,3.42
556,3.589
557,3.861
558,4.216
559,4.436
560,4.346
561,3.784
562,3.686
563,3.352
564,3.083
565,2.944
566,2.813
567,2.709
568,2.664
569,2.501
570,2.392
571,2.278
572,2.386
573,2.423
574,2.45
575,2.204
576,1.96
577,1.898
578,2.082
579,2.483
580,2.93
581,3.29
582,3.592
583,4.119
584,4.382
585,4.035
586,3.224
587,2.51
588,2.124
589,1.918
590,1.788
591,1.837
592,2.333
593,3.091
594,3.716
595,4.077
596,4.169
597,4.17
598,4.169
599,4.133
600,3.96
601,3.797
602,4.023
603,4.468
604,4.962
605,5.295
606,5.444
607,5.643
608,5.691
609,5.426
610,5.015
611,4.419
612,4.158
613,4.019
614,3.821
615,3.579
616,3.455
617,3.483
618,3.507
619,3.414
620,3.326
621,3.293
622,3.458
623,3.703
624,3.894
625,4.106
626,4.45
627,4.639
628,4.733
629,4.679
630,4.56
631,4.398
632,4.204
633,3.984
634,3.669
635,3.242
636,2.728
637,2.061
638,1.31
639,0.705
640,0.27
641,0.003
642,-0.175
643,-0.334
644,-0.53
645,-0.727
646,-0.952
647,-1.155
648,-1.251
649,-1.063
650,-0.015
651,0.728
652,1.09
653,1.199
654,1.204
655,1.069
656,0.641
657,-0.071
658,-0.151
659,-0.127
660,-0.052
661,0.038
662,0.123
663,0.195
664,0.292
665,0.431
666,0.49
667,0.53
668,0.54
669,0.577
670,0.616
671,0.647
672,0.693
673,0.862
674,1.42
675,1.882
676,2.219
677,2.47
678,2.547
679,2.419
680,2.104
681,1.612
682,1.469
683,1.595
684,1.651
685,1.735
686,1.896
687,2.07
688,2.241
689,2.372
690,2.537
691,2.679
692,2.758
693,2.777
694,2.824
695,2.864
696,2.886
697,2.916
698,3.116
699,3.374
700,3.553
701,3.565
702,3.497
703,3.331
704,2.988
705,2.606
706,2.422
707,2.319
708,2.252
709,2.312
710,2.508
711,2.608
712,2.464
713,2.191
714,1.916
715,1.683
716,1.454
717,1.203
718,1.05
719,1.184
720,1.56
721,1.892
722,2.375
723,2.59
724,2.753
725,3.024
726,3.324
727,3.401
728,3.251
729,3.12
730,3.154
731,3.091
732,3.02
733,2.73
734,2.283
735,1.873
736,1.637
737,1.455
738,1.474
739,1.336
740,1.212
741,1.208
742,1.298
743,1.437
744,1.507
745,1.58
746,1.775
747,2.022
748,2.373
749,2.786
750,3.348
751,3.68
752,3.436
753,2.485
754,2.133
755,2.236
756,2.4
757,2.609
758,2.806
759,3.0
760,3.329
761,3.676
762,3.767
763,3.72
764,4.018
765,4.87
766,5.528
767,5.638
768,5.694
769,5.758
770,5.784
771,5.845
772,5.715
773,5.652
774,5.651
775,5.582
776,5.253
777,4.496
778,3.886
779,3.586
780,3.383
781,3.271
782,3.175
783,3.008
784,2.742
785,2.596
786,2.566
787,2.575
788,2.614
789,2.588
790,2.486
791,2.342
792,2.196
793,2.129
794,2.644
795,3.209
796,3.683
797,3.803
798,3.708
799,3.524
800,3.296
801,3.145
802,2.983
803,2.653
804,1.976
805,1.158
806,0.605
807,0.235
808,-0.075
809,-0.318
810,-0.378
811,-0.333
812,-0.225
813,-0.097
814,-0.043
815,-0.063
816,-0.087
817,0.031
818,0.467
819,1.062
820,1.823
821,2.606
822,3.262
823,3.738
824,3.973
825,3.862
826,3.585
827,3.29
828,3.014
829,2.463
830,1.82
831,1.344
832,1.102
833,0.91
834,0.751
835,0.547
836,0.339
837,0.14
838,-0.068
839,-0.25
840,-0.34
841,-0.244
842,0.191
843,0.624
844,0.861
845,1.227
846,1.599
847,1.647
848,1.407
849,0.928
850,0.503
851,0.264
852,0.215
853,0.274
854,0.329
855,0.406
856,0.426
857,0.32
858,0.108
859,-0.057
860,-0.096
861,-0.013
862,0.288
863,0.828
864,1.362
865,1.811
866,2.352
867,2.871
868,3.221
869,3.334
870,3.24
871,3.002
872,2.536
873,1.881
874,1.199
875,0.77
876,0.574
877,0.665
878,0.769
879,0.727
880,0.622
881,0.516
882,0.582
883,0.666
884,0.83
885,1.071
886,1.507
887,1.773
888,1.98
889,2.257
890,2.523
891,2.795
892,3.049
893,3.303
894,3.473
895,3.572
896,3.68
897,3.707
898,3.74
899,3.775
900,3.759
901,3.757
902,3.799
903,3.924
904,4.088
905,4.269
906,4.414
907,4.5
908,4.42
909,4.225
910,3.899
911,3.367
912,2.844
913,2.69
914,3.166
915,3.881
916,4.565
917,4.95
918,4.823
919,4.266
920,3.332
921,2.266
922,1.37
923,0.641
924,0.124
925,-0.219
926,-0.502
927,-0.75
928,-1.101
929,-1.535
930,-1.974
931,-2.337
932,-2.588
933,-2.655
934,-2.861
935,-3.048
936,-3.086
937,-2.937
938,-2.448
939,-1.855
940,-1.307
941,-0.965
942,-0.796
943,-0.739
944,-0.859
945,-1.294
946,-1.796
947,-1.968
948,-2.083
949,-2.12
950,-2.147
951,-2.165
952,-2.255
953,-2.327
954,-2.265
955,-2.199
956,-2.134
957,-2.111
958,-2.042
959,-1.887
960,-1.786
961,-1.591
962,-0.826
963,-0.014
964,0.569
965,0.966
966,1.132
967,1.121
968,0.844
969,-0.11
970,-1.057
971,-1.421
972,-1.713
973,-2.022
974,-2.337
975,-2.582
976,-2.708
977,-2.707
978,-2.679
979,-2.704
980,-2.747
981,-2.768
982,-2.826
983,-2.911
984,-2.977
985,-2.585
986,-1.224
987,-0.054
988,1.197
989,2.098
990,2.494
991,2.613
992,2.3
993,1.183
994,0.334
995,0.041
996,-0.26
997,-0.597
998,-0.919
999,-1.184
1000,-1.37
1001,-1.523
1002,-1.627
1003,-1.652
1004,-1.68
1005,-1.765
1006,-1.7
1007,-1.444
1008,-1.195
1009,-0.676
1010,0.615
1011,1.686
1012,2.274
1013,2.433
1014,2.354
1015,2.175
1016,1.876
1017,1.5
1018,1.219
1019,1.089
1020,0.946
1021,0.853
1022,0.819
1023,0.771
1024,0.698
1025,0.646
1026,0.633
1027,0.618
1028,0.466
1029,0.34
1030,0.182
1031,0.117
1032,0.092
1033,0.26
1034,0.81
1035,1.506
1036,2.569
1037,3.377
1038,3.736
1039,3.721
1040,3.22
1041,1.903
1042,0.889
1043,0.602
1044,0.347
1045,0.137
1046,-0.023
1047,-0.094
1048,-0.1
1049,0.004
1050,0.019
1051,-0.231
1052,-0.247
1053,-0.387
1054,-0.457
1055,-0.376
1056,-0.279
1057,-0.066
1058,0.515
1059,1.434
1060,2.426
1061,3.162
1062,3.556
1063,3.611
1064,3.255
1065,2.074
1066,0.948
1067,0.577
1068,0.299
1069,0.084
1070,-0.164
1071,-0.374
1072,-0.498
1073,-0.7
1074,-0.944
1075,-1.205
1076,-1.395
1077,-1.232
1078,-1.16
1079,-1.323
1080,-1.436
1081,-0.924
1082,0.409
1083,1.296
1084,1.999
1085,2.462
1086,2.471
1087,2.391
1088,2.151
1089,1.499
1090,1.09
1091,1.153
1092,1.02
1093,0.641
1094,0.43
1095,0.362
1096,0.348
1097,0.044
1098,-0.431
1099,-0.923
1100,-1.52
1101,-1.953
1102,-2.189
1103,-2.006
1104,-2.208
1105,-1.755
1106,-0.25
1107,0.875
1108,1.852
1109,2.297
1110,2.45
1111,2.362
1112,2.001
1113,1.019
1114,0.137
1115,-0.183
1116,-0.324
1117,-0.26
1118,-0.5
1119,-0.985
1120,-1.598
1121,-2.157
1122,-2.642
1123,-3.052
1124,-3.371
1125,-3.603
1126,-3.748
1127,-3.816
1128,-3.855
1129,-3.16
1130,-1.691
1131,-0.446
1132,1.148
1133,2.305
1134,2.957
1135,3.125
1136,2.951
1137,2.129
1138,1.398
1139,1.372
1140,1.285
1141,1.267
1142,1.293
1143,1.113
1144,0.898
1145,0.718
1146,0.564
1147,0.156
1148,-0.139
1149,-0.295
1150,-0.361
1151,-0.394
1152,-0.368
1153,0.462
1154,2.235
1155,3.581
1156,4.498
1157,5.086
1158,5.293
1159,5.225
1160,4.7
1161,3.7
1162,3.081
1163,3.042
1164,3.113
1165,3.09
1166,2.861
1167,2.584
1168,2.215
1169,1.854
1170,1.633
1171,1.464
1172,1.414
1173,1.375
1174,1.298
1175,1.244
1176,1.147
1177,1.383
1178,1.691
1179,2.091
1180,2.626
1181,3.135
1182,3.475
1183,3.624
1184,3.497
1185,2.645
1186,1.69
1187,1.436
1188,1.328
1189,1.371
1190,1.231
1191,1.151
1192,1.233
1193,1.297
1194,1.314
1195,1.331
1196,1.487
1197,1.666
1198,1.693
1199,1.776
1200,1.886
1201,2.325
1202,2.915
1203,3.414
1204,3.71
1205,3.875
1206,3.922
1207,3.805
1208,3.514
1209,2.933
1210,2.284
1211,2.282
1212,2.409
1213,2.51
1214,2.644
1215,2.691
1216,2.728
1217,2.727
1218,2.701
1219,2.658
1220,2.669
1221,2.807
1222,2.841
1223,2.751
1224,2.611
1225,2.703
1226,3.21
1227,3.387
1228,3.536
1229,3.867
1230,4.478
1231,4.989
1232,4.954
1233,3.754
1234,2.417
1235,2.06
1236,1.88
1237,1.738
1238,1.435
1239,1.267
1240,1.338
1241,1.46
1242,1.572
1243,1.647
1244,1.645
1245,1.62
1246,1.655
1247,1.739
1248,1.853
1249,2.173
1250,2.603
1251,2.931
1252,3.055
1253,3.099
1254,3.132
1255,3.076
1256,2.966
1257,2.817
1258,2.745
1259,2.88
1260,3.055
1261,3.257
1262,3.51
1263,3.675
1264,3.766
1265,3.794
1266,3.803
1267,3.766
1268,3.703
1269,3.648
1270,3.563
1271,3.524
1272,3.553
1273,3.726
1274,3.843
1275,3.778
1276,3.563
1277,3.413
1278,3.425
1279,3.69
1280,3.994
1281,3.868
1282,3.108
1283,3.13
1284,3.037
1285,2.743
1286,2.61
1287,2.515
1288,2.444
1289,2.129
1290,1.829
1291,1.675
1292,1.483
1293,1.395
1294,1.341
1295,1.32
1296,1.244
1297,1.353
1298,1.711
1299,2.117
1300,2.477
1301,2.953
1302,3.78
1303,4.51
1304,4.91
1305,4.302
1306,2.707
1307,2.159
1308,2.086
1309,2.23
1310,2.331
1311,2.324
1312,2.419
1313,2.758
1314,2.976
1315,2.887
1316,2.995
1317,3.298
1318,3.526
1319,3.648
1320,3.358
1321,2.702
1322,2.12
1323,2.194
1324,2.455
1325,3.0
1326,4.225
1327,5.123
1328,4.981
1329,4.124
1330,3.259
1331,2.77
1332,2.515
1333,2.25
1334,1.917
1335,1.532
1336,1.037
1337,0.559
1338,0.603
1339,0.898
1340,1.14
1341,1.215
1342,1.275
1343,1.439
1344,1.764
1345,2.416
1346,3.135
1347,3.765
1348,4.079
1349,4.136
1350,4.224
1351,4.275
1352,3.973
1353,3.577
1354,3.447
1355,3.39
1356,3.429
1357,3.254
1358,2.777
1359,2.015
1360,1.152
1361,0.655
1362,0.341
1363,0.256
1364,0.233
1365,0.42
1366,0.616
1367,0.775
1368,1.13
1369,1.682
1370,2.517
1371,3.404
1372,3.961
1373,4.443
1374,4.689
1375,4.622
1376,4.312
1377,3.837
1378,3.271
1379,2.792
1380,2.445
1381,2.255
1382,2.133
1383,1.837
1384,1.512
1385,1.373
1386,1.406
1387,1.671
1388,1.919
1389,2.151
1390,2.13
1391,1.824
1392,1.512
1393,2.036
1394,2.871
1395,4.018
1396,4.935
1397,5.328
1398,5.405
1399,5.282
1400,4.932
1401,4.256
1402,2.817
1403,1.822
1404,1.253
1405,0.73
1406,0.286
1407,0.011
1408,-0.128
1409,-0.185
1410,-0.16
1411,-0.155
1412,-0.147
1413,-0.23
1414,-0.41
1415,-0.614
1416,-0.606
1417,0.162
1418,1.214
1419,2.606
1420,3.768
1421,4.489
1422,4.838
1423,4.88
1424,4.768
1425,4.319
1426,2.997
1427,2.392
1428,2.523
1429,2.632
1430,2.539
1431,2.437
1432,2.291
1433,2.14
1434,1.916
1435,1.563
1436,1.23
1437,0.765
1438,0.386
1439,0.239
1440,0.308
1441,1.309
1442,2.555
1443,3.952
1444,4.698
1445,5.009
1446,5.107
1447,4.979
1448,4.646
1449,3.953
1450,2.898
1451,2.039
1452,1.47
1453,1.114
1454,1.012
1455,0.991
1456,0.865
1457,0.654
1458,0.337
1459,0.065
1460,-0.165
1461,-0.422
1462,-0.553
1463,-0.497
1464,-0.221
1465,0.368
1466,1.091
1467,1.849
1468,2.496
1469,2.883
1470,2.99
1471,2.87
1472,2.461
1473,1.772
1474,0.827
1475,0.132
1476,-0.225
1477,-0.397
1478,-0.443
1479,-0.191
1480,-0.219
1481,-0.252
1482,-0.255
1483,-0.453
1484,-0.476
1485,-0.485
1486,-0.553
1487,-0.424
1488,0.041
1489,1.007
1490,2.036
1491,3.08
1492,4.185
1493,4.683
1494,4.709
1495,4.53
1496,4.214
1497,3.624
1498,3.003
1499,2.617
1500,2.353
1501,1.982
1502,1.452
1503,0.774
1504,0.2
1505,-0.345
1506,-0.751
1507,-1.039
1508,-1.38
1509,-1.585
1510,-1.557
1511,-1.46
1512,-1.315
1513,-0.325
1514,0.663
1515,1.508
1516,2.101
1517,2.435
1518,2.527
1519,2.351
1520,2.188
1521,1.794
1522,0.77
1523,-0.06
1524,-0.206
1525,-0.266
1526,-0.412
1527,-0.365
1528,-0.31
1529,-0.284
1530,-0.065
1531,0.086
1532,0.194
1533,0.253
1534,0.305
1535,0.288
1536,0.644
1537,1.579
1538,2.475
1539,3.529
1540,4.374
1541,4.867
1542,5.171
1543,5.34
1544,5.238
1545,4.649
1546,2.991
1547,2.111
1548,1.852
1549,1.679
1550,1.539
1551,1.475
1552,1.356
1553,1.09
1554,0.835
1555,0.614
1556,0.438
1557,0.346
1558,0.314
1559,0.276
1560,0.359
1561,1.336
1562,2.089
1563,3.404
1564,4.684
1565,5.588
1566,6.236
1567,6.634
1568,6.722
1569,6.256
1570,5.019
1571,4.11
1572,3.363
1573,2.652
1574,2.063
1575,1.619
1576,1.353
1577,1.276
1578,1.303
1579,1.277
1580,1.229
1581,1.177
1582,1.144
1583,1.146
1584,1.372
1585,2.231
1586,2.852
1587,3.304
1588,3.536
1589,3.605
1590,3.643
1591,3.684
1592,3.668
1593,3.401
1594,2.685
1595,2.155
1596,1.922
1597,1.709
1598,1.478
1599,1.249
1600,0.921
1601,0.646
1602,0.37
1603,0.115
1604,0.032
1605,0.08
1606,0.19
1607,0.245
1608,0.298
1609,0.486
1610,0.983
1611,2.099
1612,3.171
1613,4.31
1614,5.06
1615,5.518
1616,5.678
1617,5.412
1618,4.409
1619,3.271
1620,2.785
1621,2.494
1622,2.349
1623,2.361
1624,2.272
1625,2.212
1626,2.168
1627,2.045
1628,1.972
1629,1.928
1630,1.96
1631,1.992
1632,2.041
1633,2.243
1634,2.638
1635,3.307
1636,4.156
1637,4.871
1638,5.196
1639,5.258
1640,5.136
1641,4.787
1642,4.267
1643,3.832
1644,3.557
1645,3.267
1646,2.998
1647,2.714
1648,2.396
1649,1.985
1650,1.53
1651,1.144
1652,0.896
1653,0.718
1654,0.527
1655,0.38
1656,0.882
1657,2.325
1658,3.563
1659,4.714
1660,5.377
1661,5.719
1662,5.896
1663,5.839
1664,5.625
1665,5.135
1666,3.839
1667,2.619
1668,2.199
1669,1.836
1670,1.439
1671,1.011
1672,0.699
1673,0.48
1674,0.495
1675,0.554
1676,0.524
1677,0.569
1678,0.753
1679,0.918
1680,1.514
1681,2.7
1682,3.879
1683,5.064
1684,5.718
1685,5.905
1686,5.784
1687,5.624
1688,5.455
1689,5.068
1690,4.628
1691,4.342
1692,4.213
1693,4.134
1694,4.074
1695,4.004
1696,3.901
1697,3.827
1698,3.742
1699,3.615
1700,3.366
1701,3.132
1702,3.114
1703,3.204
1704,3.453
1705,4.083
1706,5.149
1707,6.176
1708,6.629
1709,5.79
1710,4.624
1711,4.116
1712,3.639
1713,2.914
1714,2.135
1715,1.259
1716,0.913
1717,0.546
1718,0.069
1719,-0.415
1720,-0.867
1721,-1.014
1722,-1.03
1723,-1.072
1724,-0.999
1725,-0.832
1726,-0.675
1727,-0.625
1728,-0.021
1729,1.278
1730,2.502
1731,3.355
1732,3.828
1733,3.982
1734,3.982
1735,3.784
1736,3.425
1737,2.952
1738,2.36
1739,1.587
1740,1.151
1741,0.964
1742,0.878
1743,0.733
1744,0.539
1745,0.277
1746,0.097
1747,0.066
1748,0.094
1749,0.042
1750,-0.082
1751,-0.191
1752,0.195
1753,1.206
1754,2.551
1755,3.697
1756,4.565
1757,5.147
1758,5.479
1759,5.621
1760,5.522
1761,5.196
1762,4.121
1763,2.715
1764,2.353
1765,2.1
1766,1.977
1767,1.983
1768,2.018
1769,2.083
1770,2.21
1771,2.506
1772,2.535
1773,2.552
1774,2.448
1775,2.353
1776,2.656
1777,3.522
1778,4.098
1779,4.516
1780,4.578
1781,4.403
1782,4.315
1783,4.309
1784,4.348
1785,4.288
1786,3.82
1787,3.115
1788,2.767
1789,2.411
1790,2.071
1791,1.787
1792,1.476
1793,1.179
1794,1.007
1795,0.944
1796,1.089
1797,1.407
1798,1.734
1799,1.608
1800,1.632
1801,2.309
1802,3.094
1803,3.836
1804,4.395
1805,4.659
1806,4.627
1807,4.162
1808,3.513
1809,2.587
1810,1.623
1811,0.943
1812,0.834
1813,0.905
1814,0.991
1815,1.116
1816,1.08
1817,1.067
1818,0.838
1819,0.698
1820,0.839
1821,0.722
1822,0.557
1823,0.347
1824,0.98
1825,2.043
1826,2.933
1827,3.591
1828,3.975
1829,4.285
1830,4.469
1831,4.699
1832,4.909
1833,4.873
1834,4.167
1835,3.526
1836,3.191
1837,2.803
1838,2.287
1839,1.741
1840,1.423
1841,1.208
1842,1.112
1843,1.216
1844,1.409
1845,1.629
1846,1.555
1847,1.302
1848,1.713
1849,2.653
1850,3.223
1851,3.6
1852,3.914
1853,4.56
1854,5.44
1855,6.178
1856,6.328
1857,5.927
1858,4.968
1859,3.819
1860,3.487
1861,3.384
1862,3.17
1863,3.038
1864,3.044
1865,3.072
1866,2.997
1867,2.761
1868,2.585
1869,2.365
1870,2.164
1871,1.938
1872,1.864
1873,1.998
1874,2.355
1875,3.159
1876,4.089
1877,4.916
1878,5.228
1879,5.392
1880,5.463
1881,5.356
1882,4.697
1883,3.543
1884,3.25
1885,2.835
1886,2.203
1887,1.573
1888,1.096
1889,0.837
1890,0.671
1891,0.781
1892,0.942
1893,1.075
1894,1.276
1895,1.523
1896,1.706
1897,2.159
1898,2.913
1899,3.675
1900,4.208
1901,4.551
1902,4.705
1903,4.718
1904,4.564
1905,4.203
1906,3.674
1907,3.064
1908,2.8
1909,2.732
1910,2.869
1911,3.164
1912,3.225
1913,3.073
1914,2.954
1915,3.091
1916,3.052
1917,2.969
1918,2.878
1919,2.812
1920,2.988
1921,3.569
1922,4.32
1923,4.932
1924,5.037
1925,4.862
1926,4.974
1927,5.347
1928,5.346
1929,4.879
1930,4.129
1931,3.225
1932,2.472
1933,1.91
1934,1.502
1935,1.23
1936,1.058
1937,0.986
1938,0.964
1939,0.932
1940,0.913
1941,0.964
1942,1.091
1943,1.26
1944,1.633
1945,2.281
1946,2.929
1947,3.485
1948,3.968
1949,4.485
1950,4.944
1951,5.281
1952,5.422
1953,5.308
1954,4.941
1955,4.405
1956,4.223
1957,4.21
1958,4.214
1959,4.185
1960,3.966
1961,3.624
1962,3.331
1963,3.104
1964,3.066
1965,2.992
1966,2.903
1967,2.939
1968,3.309
1969,3.896
1970,4.631
1971,5.582
1972,6.154
1973,6.132
1974,5.952
1975,5.883
1976,5.966
1977,5.896
1978,5.553
1979,5.333
1980,5.604
1981,5.867
1982,5.825
1983,5.737
1984,5.615
1985,5.411
1986,5.16
1987,5.101
1988,5.065
1989,5.1
1990,5.037
1991,4.923
1992,5.31
1993,6.132
1994,7.066
1995,7.905
1996,8.398
1997,8.505
1998,8.448
1999,8.203
2000,7.894
2001,7.59
2002,7.134
2003,6.643
2004,6.617
2005,6.894
2006,7.062
2007,6.948
2008,7.019
2009,7.268
2010,7.657
2011,7.726
2012,7.662
2013,7.635
2014,7.521
2015,7.342
2016,7.335
2017,7.768
2018,8.052
2019,8.296
2020,8.668
2021,9.091
2022,9.34
2023,9.155
2024,8.752
2025,8.233
2026,7.638
2027,7.039
2028,6.631
2029,6.47
2030,6.589
2031,6.653
2032,6.528
2033,6.267
2034,6.081
2035,6.161
2036,6.405
2037,6.665
2038,6.677
2039,6.473
2040,6.522
2041,6.837
2042,7.281
2043,7.552
2044,7.508
2045,7.327
2046,7.227
2047,7.006
2048,6.631
2049,6.119
2050,5.536
2051,4.738
2052,4.124
2053,3.774
2054,3.553
2055,3.408
2056,3.386
2057,3.435
2058,3.518
2059,3.645
2060,3.754
2061,3.834
2062,3.911
2063,4.042
2064,4.458
2065,5.225
2066,6.089
2067,6.833
2068,7.231
2069,7.669
2070,7.938
2071,8.041
2072,8.141
2073,8.097
2074,7.566
2075,6.318
2076,5.528
2077,4.991
2078,4.638
2079,4.286
2080,3.987
2081,3.773
2082,3.633
2083,3.418
2084,3.159
2085,2.957
2086,2.695
2087,2.64
2088,3.355
2089,4.276
2090,5.926
2091,7.851
2092,9.243
2093,10.002
2094,10.224
2095,9.972
2096,9.523
2097,9.032
2098,8.529
2099,7.731
2100,7.173
2101,6.71
2102,6.197
2103,5.779
2104,5.476
2105,5.284
2106,5.089
2107,4.784
2108,4.42
2109,4.165
2110,4.039
2111,4.14
2112,5.02
2113,5.905
2114,6.698
2115,7.999
2116,9.271
2117,9.831
2118,9.956
2119,9.49
2120,8.783
2121,8.428
2122,8.05
2123,6.352
2124,5.585
2125,5.325
2126,4.922
2127,4.332
2128,4.13
2129,4.146
2130,4.155
2131,3.86
2132,3.412
2133,2.761
2134,2.228
2135,2.199
2136,2.915
2137,3.757
2138,4.899
2139,5.95
2140,6.768
2141,7.191
2142,7.334
2143,7.268
2144,7.127
2145,6.856
2146,6.218
2147,5.013
2148,3.622
2149,2.427
2150,1.689
2151,1.23
2152,0.96
2153,0.818
2154,0.681
2155,0.573
2156,0.436
2157,0.29
2158,0.173
2159,0.206
2160,0.852
2161,1.417
2162,1.896
2163,2.385
2164,2.803
2165,3.149
2166,3.427
2167,3.58
2168,3.566
2169,3.494
2170,3.213
2171,2.29
2172,1.463
2173,1.195
2174,0.916
2175,0.578
2176,0.331
2177,0.124
2178,-0.033
2179,-0.113
2180,-0.099
2181,0.034
2182,0.15
2183,0.5
2184,1.632
2185,2.716
2186,3.545
2187,4.111
2188,4.557
2189,5.019
2190,5.477
2191,5.734
2192,5.876
2193,5.846
2194,5.514
2195,4.166
2196,3.275
2197,2.871
2198,2.412
2199,2.07
2200,1.691
2201,1.636
2202,1.821
2203,2.069
2204,2.153
2205,2.169
2206,2.407
2207,2.845
2208,3.613
2209,4.822
2210,6.153
2211,7.216
2212,7.966
2213,8.367
2214,8.512
2215,8.355
2216,8.151
2217,7.83
2218,7.202
2219,6.185
2220,5.339
2221,4.856
2222,4.479
2223,4.093
2224,3.832
2225,3.707
2226,3.634
2227,3.619
2228,3.63
2229,3.674
2230,3.636
2231,3.617
2232,4.173
2233,5.087
2234,5.979
2235,6.527
2236,6.955
2237,7.485
2238,7.937
2239,8.195
2240,8.248
2241,8.067
2242,7.588
2243,6.844
2244,6.147
2245,5.665
2246,5.149
2247,4.71
2248,4.494
2249,4.351
2250,4.273
2251,4.305
2252,4.362
2253,4.343
2254,4.174
2255,3.78
2256,3.836
2257,4.284
2258,4.818
2259,5.301
2260,5.523
2261,5.414
2262,5.291
2263,5.455
2264,5.429
2265,5.068
2266,4.459
2267,3.589
2268,2.704
2269,2.117
2270,1.693
2271,1.384
2272,1.191
2273,1.001
2274,0.832
2275,0.76
2276,0.735
2277,0.777
2278,0.956
2279,1.312
2280,1.972
2281,2.725
2282,3.708
2283,4.605
2284,5.295
2285,5.831
2286,6.312
2287,6.602
2288,6.427
2289,6.154
2290,5.965
2291,4.715
2292,3.727
2293,3.893
2294,4.295
2295,4.453
2296,4.456
2297,4.35
2298,4.263
2299,4.226
2300,4.115
2301,3.965
2302,3.813
2303,3.891
2304,4.299
2305,5.047
2306,6.166
2307,7.189
2308,7.809
2309,8.169
2310,8.435
2311,8.479
2312,8.263
2313,7.815
2314,7.18
2315,6.216
2316,5.03
2317,3.856
2318,2.557
2319,1.485
2320,0.876
2321,0.727
2322,0.733
2323,0.782
2324,0.883
2325,1.063
2326,1.304
2327,1.638
2328,2.298
2329,2.995
2330,3.552
2331,4.005
2332,4.383
2333,4.36
2334,4.1
2335,4.091
2336,4.026
2337,3.76
2338,3.306
2339,2.548
2340,1.851
2341,1.577
2342,1.509
2343,1.513
2344,1.624
2345,1.821
2346,2.001
2347,2.105
2348,2.118
2349,2.034
2350,1.906
2351,1.979
2352,2.763
2353,3.747
2354,4.591
2355,5.348
2356,5.772
2357,6.071
2358,6.186
2359,6.114
2360,5.967
2361,5.749
2362,5.634
2363,5.394
2364,5.09
2365,4.897
2366,4.657
2367,4.316
2368,3.912
2369,3.346
2370,2.688
2371,2.178
2372,1.879
2373,1.661
2374,1.555
2375,1.849
2376,2.831
2377,3.986
2378,4.349
2379,4.948
2380,5.91
2381,5.669
2382,5.113
2383,5.067
2384,5.544
2385,5.544
2386,5.168
2387,5.037
2388,4.847
2389,4.549
2390,4.022
2391,3.312
2392,2.907
2393,2.672
2394,2.165
2395,1.578
2396,1.203
2397,1.076
2398,1.113
2399,1.32
2400,1.817
2401,2.504
2402,2.855
2403,3.146
2404,3.422
2405,3.371
2406,3.173
2407,2.888
2408,2.513
2409,2.161
2410,1.727
2411,1.025
2412,0.285
2413,-0.12
2414,-0.397
2415,-0.583
2416,-0.68
2417,-0.766
2418,-0.852
2419,-0.859
2420,-0.607
2421,-0.07
2422,0.35
2423,0.673
2424,0.981
2425,1.342
2426,1.839
2427,2.38
2428,2.879
2429,3.583
2430,4.972
2431,6.212
2432,6.814
2433,6.894
2434,6.274
2435,5.329
2436,4.472
2437,3.721
2438,2.974
2439,2.248
2440,1.555
2441,0.951
2442,0.479
2443,0.093
2444,-0.218
2445,-0.451
2446,-0.677
2447,-0.469
2448,0.356
2449,1.173
2450,1.855
2451,2.669
2452,3.326
2453,3.862
2454,4.009
2455,3.93
2456,3.888
2457,3.951
2458,4.177
2459,3.737
2460,2.964
2461,2.569
2462,2.285
2463,2.103
2464,1.954
2465,1.851
2466,1.783
2467,1.688
2468,1.489
2469,1.221
2470,0.939
2471,1.23
2472,2.066
2473,2.72
2474,3.231
2475,3.7
2476,4.276
2477,4.993
2478,5.63
2479,6.089
2480,6.205
2481,6.052
2482,5.636
2483,4.76
2484,3.486
2485,3.123
2486,3.062
2487,3.022
2488,3.044
2489,3.176
2490,3.36
2491,3.391
2492,3.255
2493,3.34
2494,3.514
2495,3.871
2496,4.518
2497,5.324
2498,6.655
2499,8.139
2500,9.112
2501,9.522
2502,9.605
2503,9.382
2504,8.89
2505,8.3
2506,7.752
2507,6.889
2508,5.793
2509,5.291
2510,4.752
2511,3.98
2512,3.337
2513,2.964
2514,2.736
2515,2.595
2516,2.543
2517,2.505
2518,2.345
2519,2.578
2520,3.279
2521,4.646
2522,6.297
2523,7.861
2524,9.005
2525,9.669
2526,10.043
2527,10.105
2528,9.869
2529,9.315
2530,8.426
2531,6.949
2532,5.175
2533,4.278
2534,3.694
2535,3.305
2536,3.067
2537,2.958
2538,2.902
2539,2.896
2540,2.875
2541,2.877
2542,2.875
2543,3.338
2544,3.948
2545,4.591
2546,5.567
2547,6.552
2548,7.394
2549,8.19
2550,8.866
2551,9.186
2552,9.093
2553,8.524
2554,7.552
2555,6.134
2556,4.867
2557,4.362
2558,4.226
2559,4.157
2560,4.236
2561,4.401
2562,4.541
2563,4.634
2564,4.674
2565,4.684
2566,4.681
2567,4.827
2568,5.116
2569,5.435
2570,5.85
2571,6.624
2572,7.763
2573,8.9
2574,9.507
2575,9.559
2576,9.393
2577,9.209
2578,8.825
2579,8.098
2580,7.416
2581,6.903
2582,6.418
2583,5.933
2584,5.523
2585,5.092
2586,4.546
2587,3.875
2588,3.274
2589,2.638
2590,2.164
2591,2.683
2592,3.785
2593,5.209
2594,6.263
2595,6.97
2596,7.398
2597,7.652
2598,7.854
2599,7.963
2600,7.585
2601,6.702
2602,5.568
2603,4.679
2604,4.572
2605,5.029
2606,5.509
2607,5.745
2608,5.95
2609,6.14
2610,6.396
2611,6.729
2612,7.03
2613,7.219
2614,7.374
2615,7.849
2616,8.621
2617,9.523
2618,10.424
2619,11.376
2620,12.049
2621,11.957
2622,11.91
2623,11.476
2624,10.919
2625,10.203
2626,9.404
2627,8.767
2628,8.262
2629,7.908
2630,7.642
2631,7.412
2632,7.213
2633,7.068
2634,6.975
2635,6.908
2636,6.826
2637,6.622
2638,6.42
2639,6.536
2640,7.03
2641,7.94
2642,9.131
2643,9.826
2644,9.919
2645,9.933
2646,9.899
2647,9.874
2648,9.666
2649,9.374
2650,8.914
2651,8.106
2652,6.76
2653,5.833
2654,5.113
2655,4.529
2656,3.997
2657,3.528
2658,3.15
2659,2.785
2660,2.501
2661,2.429
2662,2.589
2663,3.214
2664,3.973
2665,5.313
2666,6.691
2667,7.803
2668,8.644
2669,9.277
2670,9.784
2671,10.247
2672,10.443
2673,10.46
2674,10.2
2675,9.547
2676,8.643
2677,8.013
2678,7.519
2679,7.061
2680,6.716
2681,6.467
2682,6.216
2683,5.94
2684,5.637
2685,5.318
2686,5.102
2687,5.409
2688,6.327
2689,7.655
2690,8.86
2691,9.74
2692,10.371
2693,10.824
2694,11.144
2695,11.333
2696,11.305
2697,11.221
2698,10.922
2699,10.202
2700,9.089
2701,8.234
2702,7.502
2703,6.723
2704,6.081
2705,5.549
2706,5.006
2707,4.619
2708,4.348
2709,4.044
2710,3.937
2711,4.905
2712,6.017
2713,7.6
2714,8.756
2715,9.54
2716,10.084
2717,10.604
2718,11.161
2719,11.674
2720,11.824
2721,11.41
2722,10.326
2723,8.803
2724,7.44
2725,6.559
2726,6.151
2727,5.783
2728,5.605
2729,5.414
2730,5.265
2731,5.261
2732,5.136
2733,5.026
2734,5.173
2735,5.744
2736,6.851
2737,8.106
2738,9.059
2739,9.395
2740,9.493
2741,9.744
2742,10.375
2743,11.142
2744,11.54
2745,11.434
2746,10.901
2747,9.929
2748,8.14
2749,7.132
2750,6.591
2751,6.154
2752,5.76
2753,5.484
2754,5.313
2755,5.166
2756,4.991
2757,4.808
2758,4.5
2759,5.448
2760,6.511
2761,8.048
2762,9.127
2763,9.841
2764,10.346
2765,10.552
2766,10.461
2767,10.128
2768,9.575
2769,8.716
2770,7.693
2771,6.968
2772,6.503
2773,6.145
2774,5.958
2775,5.744
2776,5.233
2777,4.592
2778,4.311
2779,4.382
2780,4.594
2781,4.837
2782,5.012
2783,5.201
2784,5.405
2785,5.625
2786,5.868
2787,6.231
2788,7.067
2789,8.308
2790,9.231
2791,9.703
2792,9.715
2793,9.381
2794,8.712
2795,7.794
2796,6.493
2797,5.509
2798,4.96
2799,4.523
2800,4.165
2801,4.015
2802,3.861
2803,3.632
2804,3.341
2805,3.023
2806,2.708
2807,2.903
2808,3.573
2809,4.386
2810,5.122
2811,5.555
2812,5.881
2813,5.989
2814,6.025
2815,6.228
2816,6.556
2817,6.684
2818,6.288
2819,5.653
2820,4.912
2821,4.395
2822,4.055
2823,3.737
2824,3.604
2825,3.648
2826,3.698
2827,3.646
2828,3.513
2829,3.332
2830,3.125
2831,3.239
2832,3.737
2833,4.409
2834,5.002
2835,5.474
2836,5.933
2837,6.283
2838,6.509
2839,6.651
2840,6.65
2841,6.535
2842,6.253
2843,5.673
2844,4.402
2845,3.517
2846,3.06
2847,2.674
2848,2.33
2849,2.016
2850,1.773
2851,1.57
2852,1.409
2853,1.303
2854,1.294
2855,2.366
2856,3.477
2857,4.372
2858,4.925
2859,5.538
2860,6.224
2861,6.807
2862,7.272
2863,7.574
2864,7.704
2865,7.609
2866,7.337
2867,6.688
2868,4.986
2869,3.861
2870,3.456
2871,3.138
2872,2.848
2873,2.603
2874,2.389
2875,2.192
2876,2.098
2877,2.163
2878,2.663
2879,4.132
2880,5.34
2881,6.763
2882,8.169
2883,9.142
2884,9.56
2885,9.763
2886,9.931
2887,10.074
2888,10.175
2889,9.909
2890,8.955
2891,7.545
2892,6.49
2893,5.838
2894,5.55
2895,5.507
2896,5.474
2897,5.484
2898,5.314
2899,5.106
2900,5.052
2901,5.313
2902,5.652
2903,6.254
2904,7.011
2905,7.397
2906,7.638
2907,8.532
2908,9.634
2909,11.012
2910,11.626
2911,12.038
2912,11.961
2913,11.46
2914,10.767
2915,9.885
2916,8.52
2917,7.589
2918,7.05
2919,6.472
2920,5.982
2921,5.484
2922,4.91
2923,4.454
2924,4.176
2925,3.984
2926,4.027
2927,4.349
2928,4.821
2929,5.328
2930,5.991
2931,6.689
2932,7.308
2933,7.738
2934,8.118
2935,8.321
2936,8.211
2937,7.959
2938,7.443
2939,6.765
2940,5.857
2941,5.004
2942,4.781
2943,4.854
2944,5.136
2945,5.384
2946,5.481
2947,5.461
2948,5.442
2949,5.446
2950,5.527
2951,5.848
2952,6.374
2953,6.781
2954,7.08
2955,7.372
2956,7.501
2957,7.44
2958,7.213
2959,6.827
2960,6.716
2961,6.975
2962,7.478
2963,7.804
2964,7.511
2965,6.953
2966,6.492
2967,5.942
2968,5.287
2969,4.654
2970,4.191
2971,3.888
2972,3.709
2973,3.598
2974,3.634
2975,4.248
2976,5.064
2977,5.873
2978,6.558
2979,7.1
2980,7.531
2981,7.636
2982,7.779
2983,8.239
2984,8.551
2985,8.627
2986,8.177
2987,7.167
2988,6.219
2989,5.551
2990,5.048
2991,4.636
2992,4.358
2993,4.181
2994,4.111
2995,4.108
2996,4.093
2997,3.978
2998,3.878
2999,4.259
3000,4.937
3001,5.576
3002,6.221
3003,6.858
3004,7.346
3005,7.835
3006,8.195
3007,7.94
3008,7.501
3009,6.772
3010,5.992
3011,5.847
3012,5.701
3013,5.612
3014,5.448
3015,5.032
3016,4.691
3017,4.61
3018,4.627
3019,4.647
3020,4.647
3021,4.623
3022,4.578
3023,4.78
3024,5.199
3025,5.738
3026,6.269
3027,6.73
3028,7.187
3029,7.361
3030,7.491
3031,7.568
3032,7.518
3033,7.25
3034,6.74
3035,6.022
3036,5.156
3037,4.424
3038,3.941
3039,3.632
3040,3.454
3041,3.367
3042,3.201
3043,2.86
3044,2.513
3045,2.249
3046,2.081
3047,2.303
3048,2.921
3049,3.786
3050,4.602
3051,5.133
3052,5.656
3053,6.285
3054,6.817
3055,6.978
3056,6.738
3057,6.463
3058,6.227
3059,5.831
3060,5.181
3061,4.598
3062,4.174
3063,3.822
3064,3.562
3065,3.249
3066,2.936
3067,2.658
3068,2.399
3069,2.214
3070,2.267
3071,2.872
3072,3.685
3073,4.343
3074,4.915
3075,5.258
3076,5.554
3077,5.943
3078,6.138
3079,6.18
3080,6.124
3081,6.182
3082,6.379
3083,6.335
3084,5.501
3085,4.585
3086,4.083
3087,3.517
3088,2.939
3089,2.427
3090,2.07
3091,1.817
3092,1.773
3093,1.788
3094,1.952
3095,2.651
3096,3.723
3097,4.669
3098,5.35
3099,5.782
3100,6.068
3101,6.382
3102,6.61
3103,6.71
3104,6.708
3105,6.618
3106,6.332
3107,5.8
3108,4.964
3109,3.85
3110,3.098
3111,2.427
3112,1.938
3113,1.665
3114,1.486
3115,1.27
3116,1.132
3117,0.997
3118,1.452
3119,2.817
3120,3.874
3121,4.498
3122,4.925
3123,5.441
3124,6.077
3125,6.826
3126,7.536
3127,8.161
3128,8.516
3129,8.554
3130,8.328
3131,7.703
3132,6.424
3133,5.085
3134,4.529
3135,4.124
3136,3.757
3137,3.358
3138,2.955
3139,2.573
3140,2.246
3141,2.06
3142,2.564
3143,3.915
3144,5.256
3145,6.639
3146,7.857
3147,8.791
3148,9.45
3149,9.906
3150,10.224
3151,10.412
3152,10.449
3153,10.356
3154,10.132
3155,9.514
3156,8.266
3157,7.332
3158,7.243
3159,7.362
3160,7.606
3161,7.975
3162,8.217
3163,8.118
3164,7.839
3165,7.493
3166,7.445
3167,7.937
3168,8.739
3169,9.643
3170,10.514
3171,11.242
3172,11.68
3173,12.046
3174,12.449
3175,12.982
3176,13.501
3177,13.805
3178,13.3
3179,12.019
3180,10.576
3181,9.422
3182,8.589
3183,7.632
3184,6.796
3185,6.245
3186,5.862
3187,5.592
3188,5.397
3189,5.35
3190,5.951
3191,6.743
3192,7.992
3193,9.376
3194,10.419
3195,11.263
3196,11.933
3197,12.387
3198,12.495
3199,12.306
3200,11.949
3201,11.719
3202,11.515
3203,11.068
3204,10.119
3205,9.057
3206,8.669
3207,8.27
3208,7.661
3209,7.066
3210,6.726
3211,6.495
3212,6.412
3213,6.31
3214,6.401
3215,6.694
3216,7.373
3217,8.616
3218,9.879
3219,10.884
3220,11.652
3221,12.065
3222,12.155
3223,12.041
3224,11.857
3225,11.713
3226,11.534
3227,11.244
3228,10.35
3229,9.083
3230,8.511
3231,8.074
3232,7.703
3233,7.374
3234,7.088
3235,6.916
3236,6.699
3237,6.594
3238,6.885
3239,7.231
3240,7.658
3241,8.309
3242,9.505
3243,10.851
3244,11.371
3245,11.483
3246,11.602
3247,11.605
3248,10.706
3249,9.846
3250,9.13
3251,8.642
3252,8.631
3253,8.999
3254,9.561
3255,9.34
3256,8.827
3257,8.52
3258,8.144
3259,7.756
3260,7.341
3261,7.076
3262,7.084
3263,7.307
3264,7.67
3265,8.066
3266,8.501
3267,8.773
3268,8.621
3269,8.41
3270,8.367
3271,8.576
3272,9.058
3273,9.614
3274,9.905
3275,9.786
3276,8.991
3277,7.656
3278,7.35
3279,6.987
3280,6.489
3281,6.208
3282,6.101
3283,5.944
3284,5.781
3285,5.648
3286,5.941
3287,6.754
3288,7.737
3289,8.291
3290,8.709
3291,10.019
3292,11.018
3293,10.822
3294,10.992
3295,11.614
3296,11.228
3297,10.242
3298,9.872
3299,10.025
3300,9.961
3301,9.444
3302,8.707
3303,7.928
3304,7.479
3305,7.121
3306,6.676
3307,6.241
3308,5.878
3309,5.695
3310,5.878
3311,6.433
3312,7.4
3313,8.433
3314,9.16
3315,9.626
3316,9.92
3317,10.193
3318,10.427
3319,10.376
3320,9.96
3321,9.468
3322,9.065
3323,8.46
3324,7.588
3325,6.733
3326,6.102
3327,5.65
3328,5.274
3329,4.984
3330,4.707
3331,4.457
3332,4.27
3333,4.119
3334,4.605
3335,5.446
3336,6.573
3337,7.667
3338,8.512
3339,9.11
3340,9.626
3341,10.072
3342,10.442
3343,10.637
3344,10.635
3345,10.652
3346,10.574
3347,10.165
3348,9.338
3349,8.228
3350,7.802
3351,7.606
3352,7.371
3353,7.113
3354,6.847
3355,6.568
3356,6.32
3357,6.153
3358,6.28
3359,6.881
3360,7.602
3361,8.01
3362,8.228
3363,8.397
3364,8.425
3365,8.233
3366,8.278
3367,8.461
3368,8.299
3369,8.045
3370,7.914
3371,7.824
3372,7.512
3373,7.001
3374,6.685
3375,6.239
3376,5.586
3377,5.009
3378,4.429
3379,3.87
3380,3.567
3381,3.533
3382,4.101
3383,5.083
3384,6.238
3385,7.357
3386,8.217
3387,8.658
3388,8.923
3389,9.12
3390,9.296
3391,9.601
3392,9.766
3393,9.723
3394,9.496
3395,9.091
3396,8.286
3397,6.991
3398,6.286
3399,5.716
3400,5.18
3401,4.703
3402,4.306
3403,4.043
3404,3.829
3405,3.677
3406,4.314
3407,5.332
3408,6.675
3409,7.955
3410,9.079
3411,9.839
3412,10.35
3413,10.778
3414,11.123
3415,11.368
3416,11.484
3417,11.458
3418,11.256
3419,10.834
3420,10.044
3421,9.011
3422,8.453
3423,8.064
3424,7.849
3425,7.802
3426,7.632
3427,7.418
3428,7.226
3429,7.061
3430,7.286
3431,7.959
3432,9.084
3433,10.07
3434,10.768
3435,11.258
3436,11.673
3437,11.964
3438,12.033
3439,12.03
3440,12.255
3441,12.55
3442,12.569
3443,12.195
3444,11.275
3445,9.572
3446,8.614
3447,7.993
3448,7.665
3449,7.399
3450,6.818
3451,6.498
3452,6.207
3453,6.314
3454,7.036
3455,7.918
3456,9.054
3457,10.133
3458,10.98
3459,11.27
3460,11.564
3461,11.978
3462,12.14
3463,12.044
3464,11.57
3465,10.761
3466,9.705
3467,8.9
3468,8.363
3469,7.968
3470,7.879
3471,7.878
3472,7.821
3473,7.805
3474,7.794
3475,7.784
3476,7.792
3477,7.792
3478,8.149
3479,8.825
3480,9.75
3481,10.659
3482,11.054
3483,11.354
3484,12.015
3485,12.775
3486,13.191
3487,13.145
3488,12.908
3489,12.54
3490,12.039
3491,11.382
3492,10.328
3493,8.571
3494,7.246
3495,6.433
3496,5.899
3497,5.58
3498,5.513
3499,5.648
3500,5.916
3501,6.125
3502,6.535
3503,7.148
3504,7.863
3505,8.692
3506,9.397
3507,9.762
3508,9.558
3509,9.134
3510,8.785
3511,8.705
3512,8.497
3513,8.396
3514,8.281
3515,8.197
3516,8.168
3517,8.089
3518,7.946
3519,7.732
3520,7.451
3521,7.217
3522,6.937
3523,6.494
3524,6.102
3525,5.845
3526,5.757
3527,6.066
3528,6.886
3529,8.057
3530,9.198
3531,10.036
3532,10.62
3533,10.949
3534,11.042
3535,10.954
3536,10.774
3537,10.52
3538,10.197
3539,9.749
3540,8.988
3541,7.67
3542,6.697
3543,6.023
3544,5.424
3545,4.95
3546,4.54
3547,4.226
3548,3.952
3549,3.892
3550,4.562
3551,5.524
3552,6.418
3553,7.073
3554,7.555
3555,7.956
3556,8.272
3557,8.668
3558,9.261
3559,9.663
3560,9.697
3561,9.532
3562,9.191
3563,8.65
3564,7.797
3565,6.384
3566,5.323
3567,4.613
3568,4.05
3569,3.539
3570,3.085
3571,2.67
3572,2.28
3573,2.05
3574,2.854
3575,3.896
3576,4.864
3577,5.831
3578,6.882
3579,7.941
3580,8.901
3581,9.505
3582,9.875
3583,9.984
3584,10.036
3585,9.876
3586,9.594
3587,9.139
3588,8.467
3589,7.153
3590,6.329
3591,5.769
3592,5.469
3593,5.351
3594,5.363
3595,5.273
3596,5.067
3597,4.967
3598,5.478
3599,6.547
3600,7.5
3601,8.267
3602,8.648
3603,8.896
3604,9.187
3605,9.584
3606,9.932
3607,10.091
3608,10.014
3609,9.88
3610,9.56
3611,9.02
3612,8.243
3613,7.064
3614,6.12
3615,5.426
3616,4.833
3617,4.387
3618,4.026
3619,3.767
3620,3.565
3621,3.625
3622,4.326
3623,5.258
3624,6.412
3625,7.76
3626,9.014
3627,9.967
3628,10.495
3629,10.783
3630,10.886
3631,11.013
3632,10.924
3633,10.728
3634,10.436
3635,10.107
3636,9.529
3637,8.174
3638,7.143
3639,6.534
3640,5.956
3641,5.344
3642,4.799
3643,4.323
3644,3.906
3645,3.714
3646,4.994
3647,6.397
3648,7.789
3649,8.944
3650,9.949
3651,10.824
3652,11.363
3653,11.787
3654,12.068
3655,12.139
3656,12.314
3657,12.584
3658,12.59
3659,12.276
3660,11.699
3661,10.686
3662,10.041
3663,9.656
3664,9.344
3665,9.002
3666,8.572
3667,8.193
3668,7.889
3669,7.701
3670,7.994
3671,8.318
3672,8.919
3673,9.422
3674,9.938
3675,10.663
3676,11.672
3677,12.621
3678,13.023
3679,12.959
3680,12.641
3681,12.254
3682,11.72
3683,11.247
3684,10.884
3685,10.527
3686,10.128
3687,9.382
3688,8.332
3689,7.455
3690,6.556
3691,5.726
3692,5.134
3693,4.888
3694,5.856
3695,7.042
3696,8.343
3697,9.492
3698,10.528
3699,11.424
3700,12.074
3701,12.562
3702,12.769
3703,12.709
3704,12.831
3705,12.812
3706,12.622
3707,12.342
3708,11.77
3709,10.955
3710,10.379
3711,10.075
3712,9.811
3713,9.493
3714,9.228
3715,9.024
3716,8.823
3717,8.637
3718,8.684
3719,9.033
3720,9.524
3721,10.153
3722,10.598
3723,10.244
3724,10.653
3725,11.73
3726,12.596
3727,13.141
3728,13.074
3729,12.574
3730,11.987
3731,11.314
3732,10.34
3733,9.098
3734,8.097
3735,7.448
3736,6.931
3737,6.406
3738,6.026
3739,5.8
3740,5.689
3741,5.697
3742,6.044
3743,6.649
3744,7.421
3745,8.269
3746,9.117
3747,9.731
3748,10.183
3749,10.724
3750,11.201
3751,11.398
3752,11.284
3753,10.981
3754,10.441
3755,9.624
3756,8.71
3757,7.66
3758,6.753
3759,6.208
3760,5.96
3761,5.843
3762,5.766
3763,5.769
3764,5.867
3765,6.089
3766,6.678
3767,7.588
3768,8.791
3769,10.017
3770,10.951
3771,11.596
3772,12.07
3773,12.199
3774,11.923
3775,11.644
3776,11.519
3777,11.363
3778,10.933
3779,10.24
3780,9.386
3781,8.341
3782,7.419
3783,6.696
3784,6.171
3785,5.874
3786,5.645
3787,5.429
3788,5.207
3789,5.077
3790,5.44
3791,6.123
3792,6.999
3793,8.093
3794,9.126
3795,9.782
3796,10.183
3797,10.222
3798,10.294
3799,10.355
3800,10.534
3801,10.677
3802,10.513
3803,10.0
3804,9.142
3805,7.944
3806,6.78
3807,5.9
3808,5.365
3809,5.013
3810,4.696
3811,4.399
3812,4.234
3813,4.493
3814,5.142
3815,6.052
3816,7.145
3817,8.176
3818,9.071
3819,9.914
3820,10.411
3821,10.787
3822,10.957
3823,10.781
3824,10.276
3825,9.715
3826,9.273
3827,8.785
3828,8.397
3829,8.25
3830,8.333
3831,8.641
3832,9.202
3833,9.562
3834,9.61
3835,9.337
3836,9.135
3837,9.106
3838,9.269
3839,9.67
3840,9.972
3841,10.571
3842,11.307
3843,11.904
3844,12.187
3845,12.152
3846,12.086
3847,11.81
3848,11.421
3849,10.994
3850,10.362
3851,9.603
3852,8.677
3853,7.589
3854,6.669
3855,6.02
3856,5.65
3857,5.532
3858,5.5
3859,5.537
3860,5.59
3861,5.702
3862,6.148
3863,6.831
3864,7.668
3865,8.569
3866,9.457
3867,10.356
3868,11.072
3869,11.59
3870,11.87
3871,12.013
3872,12.017
3873,11.855
3874,11.509
3875,10.972
3876,10.166
3877,8.603
3878,7.272
3879,6.508
3880,5.91
3881,5.563
3882,5.353
3883,5.145
3884,4.85
3885,4.731
3886,5.947
3887,6.9
3888,7.705
3889,8.393
3890,8.869
3891,9.208
3892,9.668
3893,10.232
3894,10.562
3895,10.761
3896,10.88
3897,10.935
3898,10.923
3899,10.625
3900,9.889
3901,8.659
3902,7.407
3903,6.5
3904,6.085
3905,5.882
3906,5.531
3907,5.283
3908,5.094
3909,5.056
3910,5.661
3911,6.308
3912,6.951
3913,7.779
3914,8.599
3915,9.127
3916,9.731
3917,10.39
3918,10.794
3919,11.007
3920,11.063
3921,10.918
3922,10.574
3923,10.033
3924,9.31
3925,7.96
3926,6.965
3927,6.509
3928,6.076
3929,5.68
3930,5.506
3931,5.47
3932,5.475
3933,5.519
3934,5.82
3935,6.006
3936,6.129
3937,6.303
3938,6.529
3939,6.811
3940,7.11
3941,7.416
3942,7.707
3943,7.903
3944,7.975
3945,8.002
3946,7.959
3947,7.904
3948,7.798
3949,7.487
3950,7.083
3951,6.91
3952,6.903
3953,6.78
3954,6.605
3955,6.449
3956,6.291
3957,6.223
3958,6.851
3959,7.664
3960,8.759
3961,9.51
3962,9.873
3963,10.051
3964,9.879
3965,9.601
3966,9.824
3967,10.429
3968,10.767
3969,10.508
3970,10.426
3971,10.455
3972,10.32
3973,9.83
3974,9.297
3975,8.761
3976,8.174
3977,7.758
3978,7.495
3979,7.287
3980,7.164
3981,7.182
3982,7.537
3983,8.021
3984,8.58
3985,9.379
3986,10.207
3987,10.906
3988,11.394
3989,11.7
3990,11.865
3991,11.895
3992,11.809
3993,11.504
3994,11.008
3995,10.322
3996,9.423
3997,8.25
3998,6.983
3999,6.007
4000,5.398
4001,5.02
4002,4.712
4003,4.442
4004,4.273
4005,4.34
4006,4.838
4007,5.418
4008,6.093
4009,6.874
4010,7.706
4011,8.56
4012,9.31
4013,9.908
4014,10.226
4015,10.379
4016,10.398
4017,10.252
4018,9.983
4019,9.576
4020,8.951
4021,8.31
4022,7.453
4023,6.966
4024,6.749
4025,6.511
4026,6.074
4027,5.894
4028,6.099
4029,6.48
4030,6.921
4031,7.294
4032,7.698
4033,8.446
4034,9.509
4035,10.44
4036,11.01
4037,11.558
4038,12.091
4039,12.593
4040,12.925
4041,13.085
4042,12.947
4043,12.26
4044,11.388
4045,10.515
4046,9.896
4047,9.529
4048,9.248
4049,8.96
4050,8.723
4051,8.525
4052,8.287
4053,8.126
4054,8.206
4055,8.257
4056,8.334
4057,8.488
4058,8.784
4059,9.161
4060,9.517
4061,9.884
4062,10.292
4063,10.736
4064,11.131
4065,11.389
4066,11.328
4067,10.854
4068,10.074
4069,9.156
4070,8.339
4071,7.792
4072,7.319
4073,7.002
4074,6.736
4075,6.537
4076,6.439
4077,6.512
4078,6.956
4079,7.492
4080,8.187
4081,9.059
4082,9.928
4083,10.688
4084,11.339
4085,11.911
4086,12.376
4087,12.63
4088,12.661
4089,12.514
4090,12.207
4091,11.742
4092,10.996
4093,10.086
4094,9.463
4095,8.984
4096,8.713
4097,8.655
4098,8.685
4099,8.706
4100,8.668
4101,8.625
4102,8.717
4103,9.151
4104,9.924
4105,10.698
4106,11.296
4107,11.703
4108,12.051
4109,12.645
4110,13.26
4111,13.585
4112,13.187
4113,12.426
4114,11.784
4115,11.132
4116,10.581
4117,10.163
4118,9.884
4119,9.705
4120,9.622
4121,9.546
4122,9.496
4123,9.405
4124,9.159
4125,9.001
4126,9.183
4127,9.414
4128,9.675
4129,10.106
4130,10.542
4131,11.052
4132,12.297
4133,13.444
4134,13.804
4135,13.752
4136,13.578
4137,13.119
4138,12.415
4139,11.608
4140,10.841
4141,9.955
4142,9.042
4143,8.421
4144,7.993
4145,7.66
4146,7.308
4147,7.098
4148,6.971
4149,7.112
4150,7.947
4151,8.831
4152,9.543
4153,10.748
4154,12.171
4155,12.97
4156,13.102
4157,13.626
4158,15.401
4159,16.634
4160,16.682
4161,16.223
4162,15.657
4163,14.965
4164,14.015
4165,12.896
4166,11.958
4167,11.182
4168,10.526
4169,9.992
4170,9.339
4171,8.423
4172,7.574
4173,7.429
4174,7.604
4175,7.91
4176,8.425
4177,8.973
4178,9.408
4179,9.711
4180,10.132
4181,10.605
4182,10.943
4183,11.054
4184,10.966
4185,10.728
4186,10.239
4187,9.588
4188,8.862
4189,8.022
4190,7.219
4191,6.575
4192,6.066
4193,5.633
4194,5.226
4195,4.916
4196,4.693
4197,4.75
4198,5.298
4199,6.206
4200,7.206
4201,8.079
4202,8.715
4203,9.257
4204,9.881
4205,10.52
4206,11.036
4207,11.329
4208,11.321
4209,11.173
4210,10.954
4211,10.627
4212,10.119
4213,8.945
4214,8.071
4215,8.137
4216,8.366
4217,8.368
4218,8.212
4219,8.018
4220,7.926
4221,7.948
4222,8.101
4223,8.537
4224,9.392
4225,10.315
4226,11.063
4227,11.505
4228,11.697
4229,11.747
4230,11.774
4231,11.926
4232,12.108
4233,11.773
4234,11.144
4235,10.659
4236,10.27
4237,9.797
4238,9.192
4239,8.648
4240,8.299
4241,8.138
4242,8.002
4243,7.908
4244,7.894
4245,8.08
4246,8.581
4247,9.417
4248,10.578
4249,11.455
4250,12.109
4251,12.648
4252,13.161
4253,13.602
4254,13.859
4255,13.961
4256,14.089
4257,14.028
4258,13.479
4259,12.462
4260,11.148
4261,9.846
4262,9.108
4263,8.873
4264,9.133
4265,9.34
4266,9.449
4267,9.574
4268,9.389
4269,9.242
4270,9.538
4271,10.255
4272,11.208
4273,11.998
4274,12.615
4275,13.09
4276,13.471
4277,13.593
4278,13.185
4279,12.773
4280,12.278
4281,11.908
4282,11.639
4283,11.197
4284,10.491
4285,9.781
4286,9.452
4287,9.35
4288,9.195
4289,8.673
4290,7.909
4291,7.25
4292,6.99
4293,7.012
4294,7.667
4295,8.619
4296,9.499
4297,10.024
4298,10.457
4299,10.439
4300,10.332
4301,10.658
4302,11.315
4303,12.221
4304,12.897
4305,13.269
4306,13.67
4307,13.82
4308,13.301
4309,12.322
4310,11.364
4311,10.668
4312,10.025
4313,9.467
4314,9.205
4315,9.142
4316,9.169
4317,9.221
4318,9.421
4319,9.809
4320,10.444
4321,11.168
4322,11.768
4323,12.241
4324,12.777
4325,13.418
4326,13.983
4327,14.419
4328,14.68
4329,14.795
4330,14.668
4331,14.244
4332,13.472
4333,11.921
4334,10.771
4335,10.085
4336,9.513
4337,9.521
4338,9.497
4339,9.255
4340,8.981
4341,8.829
4342,9.189
4343,9.911
4344,10.538
4345,11.256
4346,12.052
4347,12.751
4348,13.345
4349,13.884
4350,14.19
4351,14.455
4352,14.423
4353,14.082
4354,13.406
4355,12.477
4356,11.416
4357,10.131
4358,8.835
4359,7.854
4360,7.165
4361,6.819
4362,6.597
4363,6.303
4364,6.033
4365,6.286
4366,7.356
4367,8.372
4368,9.237
4369,10.199
4370,11.236
4371,12.159
4372,12.842
4373,13.216
4374,13.427
4375,13.517
4376,13.427
4377,13.222
4378,12.738
4379,12.075
4380,11.352
4381,9.165
4382,7.324
4383,6.264
4384,5.982
4385,5.955
4386,5.831
4387,5.518
4388,5.123
4389,4.946
4390,5.302
4391,5.926
4392,6.751
4393,7.378
4394,7.768
4395,8.21
4396,8.597
4397,8.81
4398,8.926
4399,9.181
4400,9.35
4401,9.379
4402,9.191
4403,8.827
4404,8.221
4405,7.136
4406,5.955
4407,5.419
4408,5.001
4409,4.645
4410,4.443
4411,4.443
4412,4.462
4413,4.492
4414,4.868
4415,5.531
4416,6.342
4417,7.349
4418,8.238
4419,8.787
4420,9.094
4421,9.239
4422,9.599
4423,9.909
4424,10.127
4425,10.254
4426,10.203
4427,9.817
4428,9.133
4429,8.238
4430,7.571
4431,7.242
4432,7.055
4433,6.949
4434,6.821
4435,6.68
4436,6.547
4437,6.489
4438,6.767
4439,7.223
4440,8.117
4441,9.358
4442,10.472
4443,11.304
4444,11.984
4445,12.639
4446,13.026
4447,13.093
4448,13.008
4449,12.948
4450,12.665
4451,12.147
4452,11.369
4453,10.204
4454,9.275
4455,8.738
4456,8.397
4457,8.192
4458,8.108
4459,8.142
4460,8.293
4461,8.409
4462,8.641
4463,9.224
4464,10.036
4465,10.839
4466,11.162
4467,11.381
4468,11.645
4469,11.867
4470,11.883
4471,11.386
4472,10.673
4473,10.067
4474,9.465
4475,8.69
4476,7.863
4477,7.174
4478,6.565
4479,6.058
4480,5.669
4481,5.371
4482,5.121
4483,4.875
4484,4.646
4485,4.627
4486,5.195
4487,6.331
4488,7.577
4489,8.717
4490,9.619
4491,9.772
4492,9.768
4493,9.802
4494,9.615
4495,9.383
4496,9.062
4497,8.936
4498,8.876
4499,8.774
4500,8.674
4501,8.49
4502,8.327
4503,8.091
4504,7.803
4505,7.503
4506,7.194
4507,6.886
4508,6.584
4509,6.409
4510,6.585
4511,7.005
4512,7.527
4513,7.983
4514,8.36
4515,8.885
4516,9.428
4517,9.744
4518,9.766
4519,9.555
4520,9.371
4521,9.277
4522,9.095
4523,8.704
4524,8.143
4525,7.116
4526,6.278
4527,5.821
4528,5.372
4529,4.976
4530,4.747
4531,4.601
4532,4.441
4533,4.428
4534,5.205
4535,5.854
4536,6.441
4537,7.029
4538,7.763
4539,8.545
4540,9.045
4541,9.184
4542,8.904
4543,8.591
4544,8.401
4545,8.449
4546,8.494
4547,8.401
4548,8.11
4549,7.587
4550,7.206
4551,7.021
4552,6.957
4553,6.85
4554,6.769
4555,6.739
4556,6.712
4557,6.741
4558,6.825
4559,6.844
4560,6.95
4561,7.156
4562,7.543
4563,8.196
4564,8.938
4565,9.333
4566,9.376
4567,9.489
4568,9.659
4569,9.833
4570,9.848
4571,9.606
4572,9.026
4573,7.788
4574,6.376
4575,5.525
4576,4.988
4577,4.577
4578,4.369
4579,4.25
4580,4.288
4581,4.38
4582,5.728
4583,7.072
4584,8.235
4585,9.342
4586,10.42
4587,11.271
4588,11.803
4589,12.102
4590,12.207
4591,12.156
4592,11.953
4593,11.601
4594,11.201
4595,10.887
4596,10.426
4597,9.624
4598,8.73
4599,8.017
4600,7.529
4601,7.142
4602,6.756
4603,6.51
4604,6.469
4605,6.541
4606,6.82
4607,7.408
4608,8.287
4609,9.302
4610,10.241
4611,10.987
4612,11.664
4613,11.987
4614,12.008
4615,12.563
4616,13.045
4617,12.969
4618,13.137
4619,13.575
4620,13.444
4621,12.567
4622,11.575
4623,11.059
4624,10.686
4625,10.382
4626,10.148
4627,9.849
4628,9.356
4629,8.476
4630,7.79
4631,7.782
4632,8.511
4633,9.521
4634,10.317
4635,10.864
4636,11.111
4637,11.164
4638,11.29
4639,11.451
4640,11.503
4641,11.285
4642,10.768
4643,10.051
4644,9.215
4645,8.315
4646,7.542
4647,6.899
4648,6.374
4649,5.882
4650,5.419
4651,5.074
4652,4.812
4653,4.73
4654,5.099
4655,5.806
4656,6.717
4657,7.711
4658,8.349
4659,8.808
4660,9.645
4661,10.553
4662,11.242
4663,11.683
4664,11.832
4665,11.626
4666,10.975
4667,10.019
4668,8.862
4669,7.729
4670,7.015
4671,6.578
4672,6.156
4673,5.917
4674,5.649
4675,5.313
4676,5.168
4677,5.066
4678,5.484
4679,6.367
4680,7.586
4681,8.986
4682,10.035
4683,10.839
4684,11.452
4685,12.175
4686,12.659
4687,12.51
4688,12.064
4689,11.608
4690,10.899
4691,10.346
4692,9.887
4693,9.343
4694,8.851
4695,8.457
4696,8.192
4697,8.083
4698,8.038
4699,7.974
4700,7.858
4701,7.77
4702,8.105
4703,8.851
4704,9.903
4705,11.046
4706,12.106
4707,12.914
4708,13.63
4709,14.07
4710,14.263
4711,14.218
4712,14.176
4713,14.079
4714,13.979
4715,13.624
4716,12.798
4717,11.702
4718,10.808
4719,10.322
4720,10.138
4721,10.059
4722,9.983
4723,9.916
4724,9.892
4725,9.831
4726,9.94
4727,10.16
4728,10.597
4729,11.105
4730,11.834
4731,12.867
4732,13.644
4733,13.997
4734,14.05
4735,13.865
4736,13.344
4737,12.624
4738,12.019
4739,11.485
4740,10.672
4741,9.234
4742,7.417
4743,6.005
4744,5.282
4745,4.96
4746,4.743
4747,4.615
4748,4.49
4749,4.414
4750,4.824
4751,5.536
4752,6.294
4753,7.142
4754,7.979
4755,8.9
4756,9.971
4757,10.845
4758,11.458
4759,11.881
4760,12.055
4761,11.947
4762,11.551
4763,10.807
4764,9.962
4765,9.086
4766,8.482
4767,8.074
4768,7.741
4769,7.391
4770,7.143
4771,7.067
4772,6.951
4773,6.838
4774,7.223
4775,7.929
4776,8.741
4777,9.512
4778,10.222
4779,11.047
4780,12.027
4781,12.776
4782,12.953
4783,13.203
4784,13.084
4785,12.613
4786,12.095
4787,11.392
4788,10.484
4789,9.521
4790,8.829
4791,8.495
4792,8.33
4793,8.185
4794,8.034
4795,7.917
4796,7.831
4797,7.844
4798,8.234
4799,8.947
4800,9.884
4801,10.727
4802,11.523
4803,12.268
4804,12.717
4805,13.496
4806,14.114
4807,14.132
4808,13.695
4809,13.222
4810,12.831
4811,12.516
4812,12.239
4813,11.989
4814,12.041
4815,11.982
4816,11.901
4817,12.239
4818,12.401
4819,12.488
4820,12.6
4821,12.641
4822,12.666
4823,12.859
4824,13.519
4825,14.303
4826,14.855
4827,15.091
4828,15.132
4829,15.047
4830,14.963
4831,14.909
4832,14.972
4833,14.813
4834,14.386
4835,13.663
4836,12.633
4837,11.346
4838,10.244
4839,9.391
4840,8.854
4841,8.547
4842,8.317
4843,8.12
4844,7.957
4845,7.825
4846,7.963
4847,8.388
4848,8.833
4849,9.364
4850,10.014
4851,10.673
4852,11.271
4853,11.885
4854,12.432
4855,12.807
4856,12.964
4857,12.901
4858,12.629
4859,12.046
4860,11.184
4861,10.091
4862,9.589
4863,9.079
4864,8.354
4865,7.564
4866,6.904
4867,6.269
4868,5.816
4869,5.814
4870,6.72
4871,7.829
4872,8.562
4873,9.018
4874,9.369
4875,9.829
4876,9.999
4877,9.675
4878,9.238
4879,9.294
4880,9.968
4881,10.737
4882,11.284
4883,11.383
4884,10.912
4885,10.483
4886,10.32
4887,10.01
4888,9.493
4889,8.788
4890,8.285
4891,7.996
4892,7.854
4893,7.782
4894,7.924
4895,8.413
4896,9.129
4897,9.703
4898,10.082
4899,10.552
4900,11.201
4901,11.6
4902,11.407
4903,11.11
4904,11.115
4905,10.957
4906,10.369
4907,9.647
4908,8.909
4909,7.905
4910,7.069
4911,6.496
4912,6.199
4913,6.259
4914,6.402
4915,6.409
4916,6.333
4917,6.395
4918,6.646
4919,6.995
4920,7.809
4921,9.293
4922,11.043
4923,12.107
4924,12.609
4925,13.027
4926,13.71
4927,14.651
4928,15.184
4929,15.052
4930,14.465
4931,13.762
4932,13.031
4933,12.476
4934,12.291
4935,12.172
4936,12.46
4937,12.449
4938,12.413
4939,12.096
4940,11.539
4941,11.005
4942,10.877
4943,11.263
4944,11.709
4945,12.022
4946,12.479
4947,13.083
4948,13.662
4949,14.092
4950,14.248
4951,14.325
4952,14.205
4953,13.897
4954,13.485
4955,12.793
4956,11.766
4957,10.657
4958,9.719
4959,8.875
4960,8.119
4961,7.493
4962,7.01
4963,6.645
4964,6.367
4965,6.152
4966,6.217
4967,6.659
4968,7.285
4969,7.91
4970,8.481
4971,8.903
4972,9.202
4973,9.524
4974,9.839
4975,10.244
4976,10.517
4977,10.522
4978,10.383
4979,9.966
4980,9.107
4981,8.091
4982,7.456
4983,7.039
4984,6.697
4985,6.461
4986,6.405
4987,6.446
4988,6.534
4989,6.7
4990,7.028
4991,7.544
4992,8.148
4993,8.936
4994,9.889
4995,10.863
4996,11.538
4997,11.831
4998,12.505
4999,13.411
5000,13.638
5001,13.261
5002,12.328
5003,11.347
5004,10.697
5005,10.201
5006,10.038
5007,9.911
5008,9.728
5009,9.576
5010,9.48
5011,9.45
5012,9.531
5013,9.597
5014,9.691
5015,10.179
5016,11.02
5017,11.785
5018,12.401
5019,12.892
5020,13.093
5021,13.247
5022,13.34
5023,13.274
5024,13.165
5025,13.123
5026,12.916
5027,12.226
5028,11.35
5029,10.438
5030,9.65
5031,9.119
5032,8.919
5033,8.905
5034,8.933
5035,9.048
5036,9.06
5037,8.908
5038,8.806
5039,8.804
5040,9.012
5041,9.567
5042,10.389
5043,11.092
5044,11.449
5045,11.732
5046,11.983
5047,12.068
5048,12.019
5049,11.83
5050,11.248
5051,10.346
5052,9.445
5053,8.606
5054,7.986
5055,7.498
5056,7.242
5057,7.189
5058,7.224
5059,7.275
5060,7.256
5061,7.27
5062,7.316
5063,7.58
5064,8.103
5065,8.603
5066,9.021
5067,9.259
5068,9.329
5069,9.408
5070,9.506
5071,9.803
5072,10.18
5073,10.334
5074,9.879
5075,8.858
5076,7.765
5077,6.909
5078,6.353
5079,5.952
5080,5.746
5081,5.6
5082,5.476
5083,5.222
5084,4.997
5085,4.881
5086,5.112
5087,5.906
5088,6.955
5089,7.984
5090,8.857
5091,9.366
5092,9.622
5093,9.876
5094,10.061
5095,10.017
5096,10.017
5097,10.131
5098,10.15
5099,9.854
5100,9.044
5101,7.817
5102,7.153
5103,6.643
5104,6.332
5105,6.108
5106,5.945
5107,5.858
5108,5.757
5109,5.621
5110,5.909
5111,6.422
5112,6.772
5113,7.553
5114,8.383
5115,9.001
5116,9.632
5117,10.239
5118,10.884
5119,11.417
5120,11.587
5121,11.489
5122,11.271
5123,10.959
5124,10.386
5125,9.702
5126,8.882
5127,7.899
5128,7.091
5129,6.642
5130,6.349
5131,6.256
5132,6.418
5133,6.472
5134,6.562
5135,6.904
5136,7.65
5137,8.851
5138,10.132
5139,11.319
5140,12.303
5141,13.035
5142,13.538
5143,13.875
5144,13.994
5145,13.829
5146,13.166
5147,12.098
5148,10.975
5149,9.696
5150,8.305
5151,7.102
5152,6.588
5153,6.939
5154,7.741
5155,8.669
5156,9.296
5157,9.663
5158,9.995
5159,10.813
5160,12.197
5161,13.82
5162,14.778
5163,14.95
5164,14.827
5165,14.88
5166,15.131
5167,15.829
5168,16.358
5169,16.42
5170,16.023
5171,15.284
5172,14.342
5173,13.584
5174,12.892
5175,12.363
5176,11.974
5177,11.634
5178,11.352
5179,11.098
5180,10.837
5181,10.598
5182,10.639
5183,11.326
5184,12.424
5185,13.539
5186,14.62
5187,15.85
5188,17.163
5189,18.172
5190,18.792
5191,19.058
5192,19.048
5193,18.715
5194,18.068
5195,17.136
5196,15.77
5197,14.082
5198,12.992
5199,12.174
5200,11.614
5201,11.211
5202,10.839
5203,10.547
5204,10.297
5205,10.076
5206,10.386
5207,11.402
5208,12.874
5209,14.509
5210,16.048
5211,17.499
5212,18.731
5213,19.709
5214,20.411
5215,20.851
5216,21.053
5217,20.913
5218,20.261
5219,18.842
5220,16.549
5221,14.63
5222,13.398
5223,12.407
5224,11.797
5225,11.451
5226,10.803
5227,10.393
5228,10.206
5229,10.072
5230,10.526
5231,11.945
5232,13.119
5233,14.94
5234,16.876
5235,18.342
5236,19.785
5237,20.945
5238,21.801
5239,21.947
5240,21.11
5241,19.772
5242,18.656
5243,17.389
5244,15.586
5245,13.633
5246,12.189
5247,11.321
5248,10.842
5249,10.435
5250,9.755
5251,9.144
5252,8.842
5253,8.672
5254,8.772
5255,9.408
5256,10.139
5257,10.763
5258,11.309
5259,11.698
5260,12.008
5261,12.373
5262,12.736
5263,12.966
5264,12.959
5265,12.693
5266,12.188
5267,11.44
5268,10.493
5269,9.529
5270,8.75
5271,8.018
5272,7.352
5273,6.862
5274,6.523
5275,6.29
5276,6.173
5277,6.247
5278,6.452
5279,6.985
5280,7.673
5281,8.542
5282,9.561
5283,10.405
5284,11.189
5285,11.959
5286,12.512
5287,12.766
5288,12.83
5289,13.023
5290,13.108
5291,12.682
5292,11.84
5293,10.993
5294,10.415
5295,10.046
5296,9.817
5297,9.643
5298,9.455
5299,9.233
5300,8.969
5301,8.685
5302,8.566
5303,8.756
5304,9.04
5305,9.594
5306,10.393
5307,11.116
5308,11.492
5309,11.533
5310,11.274
5311,10.585
5312,9.967
5313,9.878
5314,9.815
5315,9.286
5316,8.639
5317,8.331
5318,8.141
5319,7.801
5320,7.331
5321,6.956
5322,6.612
5323,6.257
5324,6.017
5325,5.898
5326,5.887
5327,6.392
5328,7.163
5329,8.062
5330,8.859
5331,9.389
5332,9.639
5333,9.823
5334,9.984
5335,10.156
5336,10.359
5337,10.461
5338,10.367
5339,10.018
5340,9.263
5341,8.248
5342,7.535
5343,6.922
5344,6.546
5345,6.355
5346,6.21
5347,5.911
5348,5.446
5349,4.923
5350,4.537
5351,4.758
5352,5.291
5353,6.107
5354,7.043
5355,8.069
5356,9.059
5357,9.927
5358,10.581
5359,10.912
5360,10.892
5361,10.504
5362,9.989
5363,9.274
5364,8.163
5365,7.075
5366,6.386
5367,5.846
5368,5.416
5369,5.115
5370,4.92
5371,4.832
5372,4.751
5373,4.819
5374,5.218
5375,6.137
5376,6.789
5377,7.619
5378,8.546
5379,9.345
5380,10.18
5381,11.152
5382,11.243
5383,11.336
5384,11.797
5385,11.891
5386,11.514
5387,10.813
5388,9.839
5389,8.97
5390,8.415
5391,7.858
5392,7.542
5393,7.491
5394,7.394
5395,7.292
5396,7.256
5397,7.315
5398,7.563
5399,8.088
5400,8.775
5401,9.583
5402,10.232
5403,10.759
5404,11.691
5405,12.675
5406,13.006
5407,13.169
5408,12.888
5409,12.471
5410,12.049
5411,11.18
5412,9.963
5413,8.929
5414,8.041
5415,7.166
5416,6.568
5417,6.162
5418,6.035
5419,5.854
5420,5.436
5421,5.38
5422,5.819
5423,7.027
5424,8.232
5425,9.506
5426,10.798
5427,12.13
5428,13.377
5429,14.237
5430,14.696
5431,14.465
5432,13.942
5433,13.514
5434,13.11
5435,12.62
5436,12.045
5437,11.638
5438,11.342
5439,10.985
5440,10.611
5441,10.309
5442,10.062
5443,9.804
5444,9.587
5445,9.395
5446,9.353
5447,9.825
5448,10.744
5449,11.7
5450,12.396
5451,12.976
5452,13.587
5453,13.869
5454,13.905
5455,13.819
5456,13.52
5457,13.123
5458,12.418
5459,11.447
5460,10.212
5461,9.056
5462,8.242
5463,7.63
5464,7.263
5465,7.112
5466,7.051
5467,7.016
5468,6.997
5469,6.782
5470,6.65
5471,7.196
5472,7.91
5473,8.552
5474,9.237
5475,9.838
5476,10.307
5477,10.932
5478,11.474
5479,11.938
5480,12.556
5481,13.603
5482,14.898
5483,15.686
5484,15.606
5485,15.304
5486,14.982
5487,14.498
5488,13.856
5489,12.828
5490,11.602
5491,10.753
5492,10.199
5493,9.833
5494,9.538
5495,9.485
5496,9.882
5497,10.572
5498,11.356
5499,12.039
5500,12.603
5501,12.948
5502,12.557
5503,12.03
5504,11.589
5505,11.33
5506,10.98
5507,10.402
5508,9.603
5509,9.002
5510,8.635
5511,8.236
5512,7.835
5513,7.538
5514,7.277
5515,7.209
5516,7.274
5517,7.296
5518,7.307
5519,7.735
5520,8.255
5521,8.706
5522,9.11
5523,9.593
5524,9.987
5525,10.419
5526,10.64
5527,10.635
5528,10.707
5529,10.369
5530,9.907
5531,9.298
5532,8.557
5533,8.012
5534,7.553
5535,7.01
5536,6.531
5537,6.015
5538,5.53
5539,5.139
5540,4.823
5541,4.611
5542,4.61
5543,5.509
5544,6.625
5545,7.601
5546,8.367
5547,8.869
5548,9.187
5549,9.502
5550,9.724
5551,9.847
5552,9.825
5553,9.677
5554,9.43
5555,8.972
5556,8.172
5557,7.702
5558,7.422
5559,7.107
5560,6.904
5561,7.014
5562,7.341
5563,7.395
5564,7.41
5565,7.484
5566,7.769
5567,8.131
5568,8.254
5569,8.367
5570,8.732
5571,9.138
5572,9.44
5573,9.795
5574,10.135
5575,10.406
5576,10.63
5577,10.618
5578,10.354
5579,9.623
5580,8.34
5581,7.403
5582,6.764
5583,6.418
5584,6.106
5585,5.855
5586,5.735
5587,5.733
5588,5.902
5589,6.139
5590,6.258
5591,6.07
5592,5.905
5593,6.26
5594,6.975
5595,7.85
5596,8.249
5597,8.008
5598,7.483
5599,7.12
5600,6.666
5601,6.211
5602,5.846
5603,5.448
5604,4.827
5605,4.181
5606,3.679
5607,3.317
5608,3.107
5609,2.972
5610,2.809
5611,2.655
5612,2.535
5613,2.479
5614,2.495
5615,3.376
5616,4.048
5617,4.598
5618,5.216
5619,5.766
5620,6.204
5621,6.568
5622,6.801
5623,6.851
5624,6.813
5625,6.751
5626,6.63
5627,6.201
5628,5.131
5629,4.75
5630,4.429
5631,4.004
5632,3.605
5633,3.369
5634,3.194
5635,2.985
5636,2.755
5637,2.527
5638,2.429
5639,3.43
5640,4.559
5641,5.624
5642,6.523
5643,7.197
5644,7.646
5645,8.11
5646,8.465
5647,8.681
5648,8.709
5649,8.442
5650,7.744
5651,6.741
5652,5.9
5653,5.538
5654,5.368
5655,5.242
5656,5.149
5657,5.08
5658,5.006
5659,4.926
5660,4.913
5661,4.793
5662,4.546
5663,4.529
5664,4.594
5665,4.736
5666,5.132
5667,5.687
5668,6.255
5669,6.859
5670,7.425
5671,7.782
5672,7.918
5673,7.72
5674,7.217
5675,6.449
5676,5.4
5677,4.489
5678,3.893
5679,3.501
5680,3.366
5681,3.397
5682,3.374
5683,3.264
5684,3.116
5685,3.023
5686,2.945
5687,3.298
5688,3.98
5689,4.866
5690,5.825
5691,6.883
5692,7.866
5693,8.574
5694,9.048
5695,9.314
5696,9.339
5697,9.072
5698,8.54
5699,7.672
5700,6.36
5701,5.304
5702,4.483
5703,3.834
5704,3.285
5705,2.886
5706,2.624
5707,2.386
5708,2.187
5709,2.011
5710,1.947
5711,3.011
5712,4.383
5713,5.391
5714,6.444
5715,7.561
5716,8.667
5717,9.694
5718,10.616
5719,11.317
5720,11.546
5721,11.16
5722,10.171
5723,8.735
5724,7.516
5725,7.088
5726,7.122
5727,7.202
5728,6.916
5729,6.408
5730,6.026
5731,5.985
5732,5.953
5733,5.782
5734,5.513
5735,5.811
5736,6.613
5737,7.546
5738,8.423
5739,9.169
5740,9.882
5741,10.403
5742,10.752
5743,10.981
5744,10.952
5745,10.513
5746,9.749
5747,8.805
5748,7.854
5749,7.018
5750,6.391
5751,5.96
5752,5.599
5753,5.208
5754,4.857
5755,4.486
5756,4.258
5757,4.128
5758,4.213
5759,4.88
5760,6.25
5761,8.135
5762,10.069
5763,11.379
5764,12.159
5765,12.612
5766,12.788
5767,12.789
5768,12.643
5769,12.255
5770,11.629
5771,10.724
5772,9.751
5773,9.058
5774,8.608
5775,8.293
5776,8.08
5777,7.822
5778,7.57
5779,7.364
5780,7.155
5781,6.946
5782,6.745
5783,6.835
5784,7.291
5785,7.767
5786,8.329
5787,8.795
5788,9.097
5789,9.414
5790,9.724
5791,9.731
5792,9.573
5793,9.259
5794,8.682
5795,7.946
5796,7.328
5797,6.875
5798,6.509
5799,6.241
5800,6.112
5801,6.04
5802,6.028
5803,6.054
5804,6.112
5805,6.183
5806,6.298
5807,6.546
5808,6.855
5809,7.121
5810,7.428
5811,7.785
5812,8.278
5813,8.832
5814,9.319
5815,9.65
5816,9.812
5817,9.847
5818,9.696
5819,9.353
5820,9.043
5821,9.106
5822,9.246
5823,9.367
5824,9.515
5825,9.623
5826,9.549
5827,9.276
5828,8.877
5829,8.532
5830,8.316
5831,8.414
5832,8.815
5833,9.291
5834,9.865
5835,10.363
5836,10.7
5837,10.942
5838,11.081
5839,11.086
5840,10.955
5841,10.728
5842,10.463
5843,9.932
5844,8.936
5845,8.756
5846,8.734
5847,8.771
5848,8.855
5849,8.907
5850,8.821
5851,8.599
5852,8.381
5853,8.163
5854,8.067
5855,8.337
5856,8.841
5857,9.314
5858,9.934
5859,10.82
5860,11.595
5861,12.039
5862,12.194
5863,12.195
5864,12.107
5865,11.908
5866,11.388
5867,10.293
5868,8.849
5869,8.345
5870,7.984
5871,7.513
5872,7.066
5873,6.663
5874,6.327
5875,6.086
5876,5.879
5877,5.58
5878,5.56
5879,6.006
5880,6.706
5881,7.409
5882,8.122
5883,8.874
5884,9.713
5885,10.582
5886,11.265
5887,11.602
5888,11.56
5889,11.242
5890,10.623
5891,9.82
5892,9.0
5893,8.341
5894,7.693
5895,7.019
5896,6.408
5897,5.942
5898,5.624
5899,5.265
5900,4.846
5901,4.467
5902,4.152
5903,4.113
5904,4.538
5905,5.124
5906,6.047
5907,7.48
5908,8.715
5909,9.386
5910,9.647
5911,9.779
5912,9.893
5913,9.888
5914,9.579
5915,8.701
5916,7.137
5917,6.437
5918,5.853
5919,5.404
5920,5.212
5921,5.138
5922,5.059
5923,4.761
5924,4.374
5925,3.966
5926,3.767
5927,4.266
5928,5.584
5929,6.615
5930,7.558
5931,8.261
5932,8.75
5933,9.05
5934,9.196
5935,9.171
5936,9.017
5937,8.781
5938,8.421
5939,7.564
5940,6.081
5941,5.403
5942,4.81
5943,4.344
5944,4.142
5945,4.13
5946,4.135
5947,4.11
5948,3.916
5949,3.843
5950,3.673
5951,3.673
5952,4.383
5953,5.287
5954,6.058
5955,7.051
5956,7.72
5957,8.162
5958,8.535
5959,8.801
5960,8.94
5961,8.856
5962,8.438
5963,7.701
5964,6.755
5965,6.037
5966,5.375
5967,4.823
5968,4.65
5969,4.6
5970,4.767
5971,4.751
5972,4.636
5973,4.712
5974,5.06
5975,5.381
5976,6.064
5977,6.818
5978,7.445
5979,8.181
5980,8.62
5981,9.438
5982,9.987
5983,10.428
5984,10.778
5985,10.761
5986,10.526
5987,10.151
5988,9.64
5989,9.014
5990,8.476
5991,8.079
5992,7.858
5993,7.727
5994,7.62
5995,7.479
5996,7.343
5997,7.296
5998,7.021
5999,7.071
6000,8.002
6001,9.271
6002,10.273
6003,11.048
6004,11.588
6005,12.013
6006,12.216
6007,12.359
6008,12.51
6009,12.516
6010,12.354
6011,11.966
6012,11.493
6013,11.141
6014,10.748
6015,10.3
6016,9.901
6017,9.576
6018,9.369
6019,9.195
6020,8.998
6021,8.784
6022,8.767
6023,8.833
6024,9.494
6025,10.623
6026,11.876
6027,12.926
6028,13.577
6029,13.985
6030,14.305
6031,14.534
6032,14.428
6033,13.909
6034,13.236
6035,12.326
6036,11.476
6037,10.866
6038,10.361
6039,9.595
6040,8.495
6041,7.651
6042,7.192
6043,6.941
6044,6.772
6045,6.624
6046,6.544
6047,6.702
6048,7.522
6049,8.566
6050,9.583
6051,10.451
6052,11.116
6053,11.59
6054,11.854
6055,11.918
6056,11.78
6057,11.424
6058,10.738
6059,9.486
6060,7.992
6061,6.928
6062,6.102
6063,5.506
6064,5.083
6065,4.709
6066,4.443
6067,4.183
6068,3.922
6069,3.688
6070,3.427
6071,3.546
6072,5.198
6073,6.282
6074,7.258
6075,8.142
6076,8.956
6077,9.62
6078,10.16
6079,10.531
6080,10.648
6081,10.422
6082,9.75
6083,7.911
6084,6.484
6085,6.016
6086,5.649
6087,5.399
6088,5.303
6089,5.389
6090,5.464
6091,5.506
6092,5.477
6093,5.481
6094,5.546
6095,5.76
6096,6.529
6097,7.438
6098,8.068
6099,8.814
6100,9.531
6101,9.919
6102,10.019
6103,10.047
6104,9.803
6105,9.499
6106,9.068
6107,8.426
6108,7.868
6109,7.608
6110,7.426
6111,7.427
6112,7.504
6113,7.622
6114,7.69
6115,7.765
6116,7.845
6117,7.832
6118,7.668
6119,7.558
6120,8.269
6121,9.129
6122,10.551
6123,11.932
6124,12.98
6125,13.776
6126,14.376
6127,14.751
6128,14.842
6129,14.694
6130,14.036
6131,12.321
6132,11.291
6133,11.08
6134,10.786
6135,10.54
6136,10.342
6137,9.94
6138,9.532
6139,9.243
6140,9.119
6141,9.047
6142,9.018
6143,9.172
6144,9.69
6145,10.478
6146,11.522
6147,12.386
6148,12.812
6149,12.961
6150,12.725
6151,12.162
6152,11.702
6153,11.346
6154,11.078
6155,10.828
6156,10.584
6157,10.245
6158,9.849
6159,9.425
6160,8.859
6161,8.51
6162,8.376
6163,8.185
6164,8.053
6165,8.279
6166,8.342
6167,8.429
6168,8.903
6169,9.503
6170,9.994
6171,10.301
6172,10.462
6173,10.588
6174,10.657
6175,10.681
6176,10.643
6177,10.551
6178,10.321
6179,10.116
6180,10.063
6181,10.115
6182,10.294
6183,10.392
6184,10.432
6185,10.549
6186,10.566
6187,10.4
6188,10.115
6189,9.865
6190,9.93
6191,9.975
6192,10.36
6193,10.639
6194,10.942
6195,11.366
6196,11.768
6197,12.047
6198,12.141
6199,12.238
6200,12.187
6201,11.927
6202,11.544
6203,10.795
6204,9.424
6205,7.685
6206,6.247
6207,5.294
6208,4.747
6209,4.647
6210,4.554
6211,4.364
6212,4.143
6213,3.989
6214,3.788
6215,3.731
6216,3.923
6217,4.316
6218,4.849
6219,5.498
6220,6.213
6221,7.016
6222,7.749
6223,8.228
6224,8.342
6225,8.086
6226,7.441
6227,6.398
6228,5.466
6229,4.888
6230,4.408
6231,3.98
6232,3.788
6233,3.938
6234,4.092
6235,4.199
6236,4.367
6237,4.712
6238,5.018
6239,5.31
6240,6.05
6241,6.983
6242,7.897
6243,8.719
6244,9.526
6245,10.294
6246,10.639
6247,10.746
6248,11.026
6249,11.152
6250,10.865
6251,10.041
6252,9.29
6253,8.85
6254,8.675
6255,8.54
6256,8.409
6257,8.319
6258,8.269
6259,8.285
6260,8.38
6261,8.545
6262,8.803
6263,9.07
6264,9.465
6265,10.122
6266,11.047
6267,11.92
6268,12.547
6269,12.916
6270,12.96
6271,12.822
6272,12.473
6273,11.963
6274,11.287
6275,10.408
6276,9.712
6277,9.246
6278,8.985
6279,8.777
6280,8.631
6281,8.554
6282,8.432
6283,8.313
6284,8.185
6285,8.088
6286,8.021
6287,8.01
6288,8.244
6289,8.61
6290,9.084
6291,9.581
6292,10.058
6293,10.599
6294,11.133
6295,11.428
6296,11.429
6297,11.322
6298,10.969
6299,10.192
6300,9.503
6301,9.053
6302,8.676
6303,8.444
6304,8.189
6305,7.908
6306,7.622
6307,7.352
6308,7.076
6309,6.87
6310,6.781
6311,6.806
6312,7.424
6313,8.301
6314,8.927
6315,9.563
6316,10.2
6317,10.734
6318,11.205
6319,11.489
6320,11.588
6321,11.479
6322,10.964
6323,10.057
6324,9.538
6325,9.191
6326,8.844
6327,8.56
6328,8.422
6329,8.339
6330,8.283
6331,8.143
6332,7.955
6333,7.662
6334,7.322
6335,7.094
6336,7.5
6337,8.064
6338,8.86
6339,10.085
6340,11.039
6341,11.507
6342,11.75
6343,11.84
6344,11.831
6345,11.582
6346,10.848
6347,9.967
6348,9.563
6349,9.405
6350,9.375
6351,9.331
6352,9.323
6353,9.355
6354,9.405
6355,9.431
6356,9.377
6357,9.236
6358,8.968
6359,8.549
6360,8.483
6361,8.778
6362,9.612
6363,10.736
6364,11.714
6365,12.36
6366,12.724
6367,12.86
6368,12.843
6369,12.54
6370,11.831
6371,10.744
6372,9.922
6373,9.282
6374,8.798
6375,8.298
6376,7.767
6377,7.232
6378,6.803
6379,6.492
6380,6.307
6381,6.212
6382,6.179
6383,6.146
6384,6.442
6385,7.105
6386,7.822
6387,8.658
6388,9.226
6389,9.573
6390,9.788
6391,9.967
6392,10.023
6393,9.776
6394,9.103
6395,8.048
6396,7.474
6397,7.139
6398,6.761
6399,6.351
6400,6.132
6401,6.186
6402,6.261
6403,6.366
6404,6.379
6405,6.232
6406,6.185
6407,6.276
6408,6.496
6409,6.713
6410,7.28
6411,8.566
6412,10.147
6413,11.494
6414,12.181
6415,12.562
6416,12.644
6417,12.532
6418,12.04
6419,11.471
6420,10.937
6421,10.418
6422,10.075
6423,9.828
6424,9.499
6425,9.12
6426,8.74
6427,8.407
6428,8.201
6429,8.108
6430,8.076
6431,8.112
6432,8.371
6433,8.925
6434,9.799
6435,10.946
6436,11.897
6437,12.307
6438,12.44
6439,12.204
6440,11.687
6441,10.932
6442,10.102
6443,9.244
6444,8.301
6445,7.331
6446,6.464
6447,5.674
6448,5.076
6449,4.635
6450,4.333
6451,4.214
6452,4.208
6453,4.244
6454,4.224
6455,4.219
6456,5.405
6457,6.857
6458,8.26
6459,9.464
6460,10.548
6461,11.642
6462,12.377
6463,12.61
6464,12.452
6465,12.05
6466,11.311
6467,10.631
6468,10.428
6469,10.364
6470,10.288
6471,10.171
6472,9.967
6473,9.787
6474,9.817
6475,10.146
6476,10.264
6477,10.492
6478,11.044
6479,11.527
6480,11.886
6481,11.853
6482,11.966
6483,12.27
6484,12.468
6485,12.667
6486,12.331
6487,11.731
6488,11.161
6489,10.626
6490,9.932
6491,8.937
6492,8.352
6493,8.519
6494,8.676
6495,8.454
6496,8.048
6497,7.518
6498,7.181
6499,7.174
6500,7.393
6501,7.919
6502,8.505
6503,8.928
6504,9.313
6505,9.727
6506,10.149
6507,10.547
6508,10.935
6509,11.396
6510,11.778
6511,11.944
6512,11.85
6513,11.453
6514,10.858
6515,10.347
6516,9.987
6517,9.677
6518,9.478
6519,9.352
6520,9.186
6521,9.023
6522,8.888
6523,8.702
6524,8.478
6525,8.302
6526,8.319
6527,8.441
6528,8.585
6529,8.937
6530,9.681
6531,10.659
6532,11.577
6533,12.173
6534,12.504
6535,12.684
6536,12.605
6537,11.973
6538,11.052
6539,10.394
6540,10.041
6541,9.794
6542,9.631
6543,9.57
6544,9.528
6545,9.523
6546,9.474
6547,9.429
6548,9.392
6549,9.355
6550,9.373
6551,9.471
6552,9.575
6553,9.716
6554,9.874
6555,10.066
6556,10.35
6557,10.65
6558,10.684
6559,10.619
6560,10.569
6561,10.436
6562,10.209
6563,10.019
6564,9.981
6565,9.981
6566,9.966
6567,9.913
6568,9.891
6569,9.939
6570,10.079
6571,10.143
6572,9.713
6573,9.083
6574,8.814
6575,8.566
6576,8.395
6577,8.753
6578,9.372
6579,9.983
6580,10.674
6581,11.194
6582,11.486
6583,11.531
6584,11.265
6585,10.651
6586,9.757
6587,8.831
6588,8.235
6589,7.685
6590,7.334
6591,7.08
6592,6.946
6593,6.931
6594,6.858
6595,6.725
6596,6.464
6597,6.024
6598,5.523
6599,5.099
6600,5.086
6601,5.599
6602,6.191
6603,6.684
6604,7.119
6605,7.564
6606,7.941
6607,8.218
6608,8.173
6609,7.573
6610,6.485
6611,5.585
6612,4.891
6613,4.304
6614,3.89
6615,3.585
6616,3.581
6617,3.797
6618,4.251
6619,5.194
6620,6.014
6621,6.296
6622,6.136
6623,5.854
6624,5.713
6625,6.191
6626,6.973
6627,7.696
6628,8.269
6629,8.747
6630,9.143
6631,9.537
6632,9.507
6633,9.046
6634,8.239
6635,7.35
6636,6.799
6637,6.472
6638,6.202
6639,5.938
6640,5.701
6641,5.562
6642,5.604
6643,5.805
6644,6.051
6645,6.298
6646,6.284
6647,6.134
6648,6.163
6649,6.194
6650,6.164
6651,6.502
6652,7.442
6653,8.9
6654,10.553
6655,11.611
6656,11.926
6657,11.763
6658,11.182
6659,9.476
6660,7.448
6661,6.379
6662,5.675
6663,5.028
6664,4.774
6665,4.75
6666,4.821
6667,4.751
6668,4.727
6669,4.752
6670,4.749
6671,4.739
6672,4.823
6673,5.106
6674,5.534
6675,5.991
6676,6.78
6677,7.334
6678,7.586
6679,7.776
6680,7.637
6681,7.264
6682,6.794
6683,6.457
6684,6.382
6685,6.467
6686,6.601
6687,6.569
6688,6.294
6689,5.906
6690,5.452
6691,5.005
6692,4.641
6693,4.372
6694,4.117
6695,3.851
6696,3.742
6697,4.354
6698,5.352
6699,6.216
6700,6.837
6701,7.291
6702,7.643
6703,7.867
6704,7.944
6705,7.708
6706,6.361
6707,5.143
6708,4.686
6709,4.218
6710,3.749
6711,3.276
6712,2.878
6713,2.544
6714,2.224
6715,1.945
6716,1.803
6717,1.791
6718,1.987
6719,2.348
6720,2.668
6721,3.827
6722,5.062
6723,5.944
6724,6.626
6725,7.029
6726,7.175
6727,7.055
6728,6.877
6729,6.585
6730,6.287
6731,6.244
6732,6.296
6733,6.361
6734,6.408
6735,6.378
6736,6.316
6737,6.207
6738,6.057
6739,5.95
6740,5.902
6741,5.919
6742,5.907
6743,5.907
6744,5.984
6745,6.185
6746,6.416
6747,6.619
6748,6.856
6749,7.124
6750,7.316
6751,7.369
6752,7.325
6753,7.201
6754,6.479
6755,5.824
6756,5.46
6757,4.959
6758,4.614
6759,4.386
6760,4.287
6761,4.266
6762,4.176
6763,4.126
6764,3.805
6765,3.753
6766,3.83
6767,4.074
6768,4.309
6769,4.803
6770,5.888
6771,6.688
6772,7.492
6773,8.302
6774,8.899
6775,9.14
6776,8.961
6777,8.502
6778,7.882
6779,7.436
6780,7.288
6781,7.327
6782,7.454
6783,7.589
6784,7.665
6785,7.779
6786,7.902
6787,8.078
6788,8.067
6789,7.927
6790,7.681
6791,7.088
6792,6.581
6793,6.827
6794,7.379
6795,8.196
6796,9.055
6797,9.759
6798,10.236
6799,10.448
6800,10.381
6801,9.827
6802,8.054
6803,7.003
6804,6.634
6805,6.181
6806,5.604
6807,5.175
6808,4.979
6809,4.984
6810,5.041
6811,5.343
6812,5.844
6813,6.149
6814,6.245
6815,6.205
6816,6.192
6817,6.352
6818,6.592
6819,6.607
6820,6.906
6821,7.234
6822,7.738
6823,8.553
6824,9.353
6825,9.986
6826,10.599
6827,10.196
6828,7.448
6829,5.242
6830,4.864
6831,5.034
6832,5.319
6833,5.608
6834,5.866
6835,6.021
6836,5.998
6837,5.757
6838,5.337
6839,4.855
6840,4.521
6841,4.694
6842,5.173
6843,5.766
6844,6.131
6845,6.216
6846,6.235
6847,6.252
6848,6.207
6849,5.892
6850,4.886
6851,3.938
6852,3.228
6853,2.626
6854,2.185
6855,1.92
6856,1.78
6857,1.772
6858,1.891
6859,2.089
6860,2.314
6861,2.445
6862,2.356
6863,2.265
6864,2.237
6865,3.146
6866,4.037
6867,4.629
6868,5.178
6869,5.639
6870,5.853
6871,5.896
6872,5.831
6873,5.53
6874,4.422
6875,3.69
6876,3.874
6877,3.923
6878,4.174
6879,4.673
6880,5.24
6881,5.848
6882,6.372
6883,6.719
6884,6.874
6885,6.899
6886,6.8
6887,6.657
6888,6.594
6889,6.843
6890,7.461
6891,8.358
6892,9.231
6893,9.713
6894,9.804
6895,9.672
6896,9.332
6897,8.867
6898,7.953
6899,6.993
6900,6.279
6901,5.669
6902,5.285
6903,5.047
6904,4.927
6905,4.776
6906,4.595
6907,4.361
6908,4.191
6909,4.145
6910,4.37
6911,4.552
6912,4.582
6913,4.782
6914,5.186
6915,5.779
6916,6.398
6917,6.859
6918,7.188
6919,7.445
6920,7.643
6921,7.553
6922,7.118
6923,6.726
6924,6.248
6925,5.805
6926,5.431
6927,5.026
6928,4.609
6929,4.243
6930,4.056
6931,3.977
6932,3.79
6933,3.427
6934,3.056
6935,2.862
6936,2.742
6937,3.118
6938,3.722
6939,4.393
6940,4.932
6941,5.174
6942,5.235
6943,5.341
6944,5.349
6945,5.187
6946,4.844
6947,4.477
6948,4.34
6949,4.555
6950,4.815
6951,5.029
6952,5.303
6953,5.458
6954,5.281
6955,4.978
6956,4.703
6957,4.38
6958,3.884
6959,3.221
6960,2.628
6961,2.322
6962,2.243
6963,2.418
6964,3.075
6965,3.891
6966,4.399
6967,4.62
6968,4.567
6969,4.115
6970,3.126
6971,2.636
6972,2.276
6973,2.041
6974,1.897
6975,1.817
6976,1.763
6977,1.731
6978,1.788
6979,1.981
6980,2.363
6981,2.812
6982,3.266
6983,3.486
6984,3.459
6985,3.952
6986,4.804
6987,6.061
6988,7.365
6989,8.324
6990,8.913
6991,9.236
6992,9.168
6993,8.636
6994,7.434
6995,6.603
6996,6.389
6997,6.066
6998,5.705
6999,5.306
7000,4.913
7001,4.618
7002,4.594
7003,4.468
7004,4.544
7005,5.008
7006,5.475
7007,5.81
7008,6.134
7009,6.797
7010,7.725
7011,8.618
7012,9.163
7013,9.38
7014,9.411
7015,9.299
7016,9.042
7017,8.451
7018,7.215
7019,6.352
7020,5.997
7021,5.719
7022,5.577
7023,5.585
7024,5.761
7025,5.891
7026,6.01
7027,6.214
7028,6.216
7029,6.08
7030,6.09
7031,6.075
7032,6.23
7033,6.635
7034,7.246
7035,8.012
7036,8.783
7037,9.389
7038,9.793
7039,9.926
7040,9.721
7041,9.148
7042,8.025
7043,7.202
7044,6.552
7045,6.039
7046,5.636
7047,5.315
7048,5.21
7049,5.358
7050,5.705
7051,6.156
7052,6.402
7053,6.36
7054,6.312
7055,6.214
7056,6.083
7057,6.533
7058,7.1
7059,7.576
7060,8.01
7061,8.327
7062,8.527
7063,8.527
7064,8.312
7065,7.972
7066,7.562
7067,7.022
7068,6.313
7069,5.376
7070,4.517
7071,3.917
7072,3.513
7073,3.152
7074,2.913
7075,2.829
7076,3.071
7077,3.359
7078,3.503
7079,3.624
7080,3.957
7081,4.397
7082,4.963
7083,5.656
7084,6.573
7085,7.599
7086,8.444
7087,8.89
7088,8.89
7089,8.124
7090,6.949
7091,6.61
7092,6.603
7093,6.748
7094,6.776
7095,6.739
7096,6.665
7097,6.47
7098,6.31
7099,6.27
7100,6.28
7101,6.186
7102,6.01
7103,5.426
7104,5.095
7105,5.803
7106,6.702
7107,7.588
7108,8.302
7109,8.85
7110,9.208
7111,9.326
7112,9.171
7113,8.245
7114,6.63
7115,5.858
7116,5.27
7117,4.773
7118,4.399
7119,4.14
7120,3.912
7121,3.802
7122,3.774
7123,3.84
7124,3.953
7125,4.066
7126,4.195
7127,4.317
7128,4.539
7129,5.157
7130,6.105
7131,6.999
7132,8.11
7133,9.22
7134,9.873
7135,9.973
7136,9.622
7137,8.732
7138,7.299
7139,6.8
7140,6.621
7141,6.614
7142,6.511
7143,6.487
7144,6.383
7145,6.123
7146,5.892
7147,5.681
7148,5.589
7149,5.63
7150,5.815
7151,6.092
7152,6.445
7153,6.916
7154,7.619
7155,8.442
7156,9.484
7157,10.283
7158,10.544
7159,10.427
7160,9.936
7161,8.556
7162,6.688
7163,5.92
7164,5.367
7165,4.958
7166,4.638
7167,4.336
7168,4.081
7169,3.915
7170,3.784
7171,3.735
7172,3.787
7173,3.828
7174,3.912
7175,3.963
7176,3.906
7177,3.861
7178,3.97
7179,4.424
7180,5.421
7181,6.341
7182,6.904
7183,7.2
7184,7.173
7185,6.455
7186,5.44
7187,5.035
7188,4.882
7189,4.919
7190,5.156
7191,5.313
7192,5.503
7193,5.707
7194,5.787
7195,5.877
7196,6.042
7197,6.204
7198,6.346
7199,6.503
7200,6.643
7201,6.882
7202,7.213
7203,7.457
7204,7.734
7205,8.005
7206,8.112
7207,8.069
7208,7.862
7209,7.515
7210,7.118
7211,6.906
7212,6.72
7213,6.569
7214,6.518
7215,6.452
7216,6.2
7217,5.831
7218,5.411
7219,5.038
7220,4.919
7221,5.095
7222,5.159
7223,5.101
7224,4.778
7225,4.195
7226,4.037
7227,4.269
7228,4.73
7229,5.309
7230,5.794
7231,5.926
7232,5.571
7233,4.808
7234,3.837
7235,3.145
7236,2.7
7237,2.394
7238,2.111
7239,1.884
7240,1.712
7241,1.639
7242,1.533
7243,1.475
7244,1.59
7245,1.813
7246,1.998
7247,2.115
7248,2.271
7249,2.548
7250,3.202
7251,3.879
7252,4.621
7253,5.116
7254,5.283
7255,5.447
7256,5.41
7257,4.898
7258,3.955
7259,3.531
7260,3.165
7261,2.84
7262,2.62
7263,2.482
7264,2.459
7265,2.602
7266,2.788
7267,2.959
7268,3.094
7269,3.393
7270,3.73
7271,3.916
7272,4.02
7273,4.246
7274,4.516
7275,4.741
7276,4.931
7277,4.96
7278,4.901
7279,4.877
7280,4.822
7281,4.463
7282,3.749
7283,3.136
7284,2.553
7285,2.184
7286,1.913
7287,1.699
7288,1.627
7289,1.588
7290,1.548
7291,1.472
7292,1.439
7293,1.414
7294,1.428
7295,1.485
7296,1.374
7297,1.701
7298,2.525
7299,3.223
7300,3.924
7301,4.387
7302,4.601
7303,4.683
7304,4.52
7305,3.754
7306,2.669
7307,2.266
7308,1.975
7309,1.804
7310,1.645
7311,1.49
7312,1.226
7313,0.979
7314,0.799
7315,0.656
7316,0.567
7317,0.489
7318,0.399
7319,0.381
7320,0.413
7321,0.905
7322,2.362
7323,3.208
7324,3.713
7325,4.055
7326,4.302
7327,4.411
7328,4.185
7329,2.893
7330,1.873
7331,1.669
7332,1.468
7333,1.313
7334,1.274
7335,1.333
7336,1.386
7337,1.484
7338,1.637
7339,1.739
7340,1.711
7341,1.682
7342,1.639
7343,1.564
7344,1.463
7345,1.659
7346,2.601
7347,3.289
7348,3.969
7349,4.673
7350,5.18
7351,5.493
7352,5.322
7353,3.988
7354,2.961
7355,2.775
7356,2.61
7357,2.487
7358,2.449
7359,2.532
7360,2.715
7361,2.9
7362,3.057
7363,3.376
7364,3.453
7365,3.276
7366,3.342
7367,3.814
7368,4.017
7369,4.236
7370,4.698
7371,5.545
7372,6.427
7373,7.054
7374,7.495
7375,7.551
7376,7.194
7377,6.479
7378,5.958
7379,5.89
7380,5.959
7381,6.177
7382,6.265
7383,6.291
7384,6.234
7385,6.085
7386,5.749
7387,5.601
7388,5.617
7389,5.644
7390,5.554
7391,5.413
7392,5.549
7393,5.847
7394,6.388
7395,7.209
7396,8.28
7397,9.25
7398,9.879
7399,10.037
7400,9.672
7401,9.037
7402,8.38
7403,7.885
7404,7.546
7405,7.339
7406,7.269
7407,7.212
7408,7.256
7409,7.248
7410,7.298
7411,7.187
7412,6.864
7413,6.573
7414,6.298
7415,6.169
7416,6.018
7417,5.862
7418,6.307
7419,7.044
7420,7.946
7421,8.328
7422,8.28
7423,8.083
7424,7.696
7425,6.922
7426,6.033
7427,5.446
7428,4.992
7429,4.709
7430,4.471
7431,4.16
7432,4.118
7433,4.072
7434,3.847
7435,3.671
7436,3.827
7437,4.108
7438,4.191
7439,4.213
7440,4.281
7441,4.42
7442,4.982
7443,5.789
7444,6.814
7445,7.755
7446,8.321
7447,8.509
7448,8.172
7449,6.934
7450,6.065
7451,5.933
7452,5.807
7453,5.654
7454,5.527
7455,5.421
7456,5.393
7457,5.446
7458,5.525
7459,5.561
7460,5.542
7461,5.533
7462,5.454
7463,5.443
7464,5.33
7465,5.245
7466,5.777
7467,6.416
7468,7.16
7469,7.667
7470,7.946
7471,7.949
7472,7.499
7473,6.115
7474,4.936
7475,4.336
7476,3.678
7477,3.179
7478,2.873
7479,2.764
7480,2.874
7481,3.529
7482,4.341
7483,4.899
7484,5.357
7485,5.798
7486,6.247
7487,6.645
7488,6.815
7489,6.986
7490,7.41
7491,7.711
7492,7.716
7493,7.652
7494,7.632
7495,7.579
7496,7.63
7497,7.675
7498,7.507
7499,7.083
7500,6.429
7501,5.847
7502,5.448
7503,5.186
7504,5.044
7505,4.942
7506,4.77
7507,4.609
7508,4.435
7509,4.258
7510,3.995
7511,3.65
7512,3.317
7513,2.971
7514,3.154
7515,3.799
7516,4.556
7517,5.069
7518,5.292
7519,5.254
7520,4.823
7521,3.79
7522,3.067
7523,2.717
7524,2.637
7525,2.728
7526,3.06
7527,3.417
7528,3.571
7529,3.514
7530,3.284
7531,3.209
7532,3.387
7533,3.729
7534,4.235
7535,4.832
7536,5.41
7537,5.779
7538,5.715
7539,5.233
7540,5.266
7541,5.919
7542,6.561
7543,6.884
7544,6.729
7545,6.595
7546,6.665
7547,6.48
7548,6.051
7549,5.606
7550,5.402
7551,5.137
7552,4.455
7553,3.994
7554,3.695
7555,3.371
7556,3.134
7557,3.025
7558,3.06
7559,3.162
7560,3.54
7561,4.386
7562,5.644
7563,6.839
7564,7.632
7565,8.185
7566,8.582
7567,8.778
7568,8.786
7569,8.632
7570,8.486
7571,8.195
7572,7.71
7573,7.246
7574,6.857
7575,6.5
7576,6.162
7577,5.89
7578,5.667
7579,5.582
7580,5.674
7581,5.716
7582,5.966
7583,6.376
7584,6.752
7585,6.898
7586,7.037
7587,7.199
7588,7.538
7589,8.012
7590,8.419
7591,8.621
7592,8.51
7593,8.081
7594,7.625
7595,7.283
7596,6.9
7597,6.865
7598,6.778
7599,6.598
7600,6.535
7601,6.329
7602,6.23
7603,6.102
7604,6.038
7605,5.904
7606,5.776
7607,5.515
7608,5.438
7609,5.491
7610,5.612
7611,5.635
7612,5.636
7613,5.863
7614,6.479
7615,6.929
7616,6.86
7617,6.436
7618,6.444
7619,6.612
7620,6.714
7621,6.89
7622,7.032
7623,7.13
7624,7.269
7625,7.316
7626,7.3
7627,7.175
7628,7.161
7629,7.272
7630,7.24
7631,7.088
7632,6.997
7633,6.93
7634,7.279
7635,7.743
7636,8.38
7637,8.916
7638,9.278
7639,9.457
7640,9.087
7641,7.787
7642,7.213
7643,6.962
7644,7.014
7645,7.11
7646,7.083
7647,7.094
7648,7.171
7649,7.292
7650,7.319
7651,6.916
7652,6.436
7653,6.474
7654,6.459
7655,6.409
7656,6.342
7657,6.075
7658,6.309
7659,6.728
7660,7.498
7661,8.302
7662,8.888
7663,9.01
7664,8.645
7665,7.885
7666,7.094
7667,6.099
7668,5.214
7669,4.751
7670,4.528
7671,4.319
7672,3.915
7673,3.409
7674,3.055
7675,2.874
7676,3.106
7677,3.238
7678,3.242
7679,3.162
7680,3.089
7681,3.104
7682,3.35
7683,3.707
7684,4.029
7685,4.351
7686,4.581
7687,4.613
7688,4.428
7689,3.986
7690,3.641
7691,3.521
7692,3.535
7693,3.545
7694,3.597
7695,3.66
7696,3.613
7697,3.388
7698,3.161
7699,3.01
7700,2.79
7701,2.489
7702,2.271
7703,2.145
7704,1.961
7705,1.889
7706,2.347
7707,3.21
7708,4.122
7709,4.764
7710,5.043
7711,4.976
7712,4.496
7713,3.759
7714,3.391
7715,3.337
7716,3.368
7717,3.565
7718,4.079
7719,4.811
7720,5.711
7721,6.215
7722,6.146
7723,5.863
7724,5.625
7725,5.423
7726,5.385
7727,5.474
7728,5.561
7729,5.551
7730,5.726
7731,6.19
7732,6.557
7733,6.584
7734,6.478
7735,6.328
7736,6.014
7737,5.465
7738,5.0
7739,4.755
7740,4.604
7741,4.451
7742,4.244
7743,3.985
7744,3.712
7745,3.645
7746,3.641
7747,3.797
7748,4.099
7749,4.462
7750,4.738
7751,4.89
7752,4.851
7753,4.678
7754,4.898
7755,5.586
7756,6.221
7757,6.739
7758,7.228
7759,7.753
7760,8.026
7761,8.057
7762,8.127
7763,8.04
7764,7.762
7765,7.443
7766,7.232
7767,7.14
7768,7.092
7769,7.142
7770,7.164
7771,7.091
7772,6.903
7773,6.505
7774,5.821
7775,5.037
7776,4.499
7777,4.226
7778,4.6
7779,4.655
7780,4.595
7781,4.443
7782,4.071
7783,3.671
7784,3.361
7785,3.207
7786,3.129
7787,2.873
7788,2.584
7789,2.366
7790,2.196
7791,2.07
7792,2.028
7793,2.051
7794,2.034
7795,1.935
7796,1.771
7797,1.719
7798,1.614
7799,1.539
7800,1.53
7801,1.548
7802,1.691
7803,1.862
7804,2.229
7805,2.807
7806,3.291
7807,3.653
7808,3.725
7809,3.785
7810,4.102
7811,4.236
7812,4.342
7813,4.468
7814,4.649
7815,4.867
7816,5.152
7817,5.392
7818,5.584
7819,5.776
7820,5.919
7821,5.983
7822,6.008
7823,6.035
7824,5.992
7825,6.065
7826,6.324
7827,6.626
7828,6.768
7829,6.802
7830,6.837
7831,6.658
7832,6.142
7833,5.17
7834,4.56
7835,3.982
7836,3.504
7837,3.452
7838,3.417
7839,3.314
7840,3.286
7841,3.295
7842,3.295
7843,3.395
7844,3.42
7845,3.384
7846,3.25
7847,3.078
7848,2.92
7849,2.724
7850,2.838
7851,3.245
7852,3.836
7853,4.512
7854,5.011
7855,5.129
7856,4.364
7857,3.101
7858,2.555
7859,2.128
7860,1.747
7861,1.419
7862,1.144
7863,0.917
7864,0.808
7865,0.763
7866,0.752
7867,0.806
7868,0.885
7869,1.04
7870,1.188
7871,1.372
7872,1.4
7873,1.36
7874,1.508
7875,1.879
7876,2.487
7877,3.179
7878,3.862
7879,4.292
7880,3.979
7881,3.02
7882,2.789
7883,2.754
7884,2.868
7885,2.935
7886,2.905
7887,2.883
7888,3.011
7889,3.008
7890,2.881
7891,2.767
7892,2.503
7893,2.158
7894,1.909
7895,1.724
7896,1.389
7897,1.002
7898,0.898
7899,1.105
7900,1.136
7901,0.993
7902,0.859
7903,0.726
7904,0.405
7905,-0.252
7906,-0.277
7907,-0.806
7908,-1.155
7909,-1.379
7910,-1.544
7911,-1.66
7912,-1.727
7913,-1.723
7914,-1.745
7915,-1.798
7916,-1.811
7917,-1.775
7918,-1.638
7919,-1.417
7920,-1.336
7921,-1.246
7922,-0.575
7923,0.319
7924,0.992
7925,1.426
7926,1.615
7927,1.524
7928,1.351
7929,1.182
7930,1.117
7931,1.164
7932,1.313
7933,1.503
7934,1.692
7935,1.898
7936,1.936
7937,1.835
7938,1.616
7939,1.55
7940,1.505
7941,1.421
7942,1.424
7943,1.428
7944,1.354
7945,1.314
7946,1.952
7947,2.9
7948,3.515
7949,4.089
7950,4.414
7951,4.164
7952,3.239
7953,2.347
7954,2.104
7955,1.799
7956,1.739
7957,1.688
7958,1.621
7959,1.513
7960,1.342
7961,1.323
7962,1.385
7963,1.412
7964,1.369
7965,1.168
7966,0.994
7967,0.836
7968,0.595
7969,0.395
7970,0.614
7971,1.074
7972,1.715
7973,2.438
7974,2.933
7975,2.971
7976,2.118
7977,1.443
7978,1.273
7979,1.142
7980,1.018
7981,0.926
7982,0.936
7983,0.989
7984,1.031
7985,1.025
7986,1.035
7987,1.083
7988,1.129
7989,1.241
7990,1.405
7991,1.554
7992,1.851
7993,2.209
7994,2.501
7995,2.702
7996,2.771
7997,2.733
7998,2.61
7999,2.409
8000,2.143
8001,1.876
8002,1.816
8003,1.804
8004,1.843
8005,1.918
8006,1.97
8007,1.997
8008,1.985
8009,2.04
8010,2.053
8011,2.063
8012,2.118
8013,2.13
8014,2.109
8015,2.145
8016,2.191
8017,2.264
8018,2.481
8019,2.771
8020,3.103
8021,3.37
8022,3.5
8023,3.507
8024,3.396
8025,3.268
8026,3.238
8027,3.124
8028,3.011
8029,2.926
8030,2.777
8031,2.629
8032,2.606
8033,2.593
8034,2.71
8035,2.861
8036,3.008
8037,3.118
8038,3.233
8039,3.323
8040,3.394
8041,3.514
8042,3.693
8043,3.941
8044,4.156
8045,4.335
8046,4.372
8047,4.239
8048,4.03
8049,4.154
8050,4.34
8051,4.134
8052,3.677
8053,3.311
8054,3.029
8055,2.702
8056,2.253
8057,1.781
8058,1.464
8059,1.354
8060,1.217
8061,1.269
8062,1.435
8063,1.906
8064,2.562
8065,3.246
8066,3.829
8067,4.354
8068,4.847
8069,4.979
8070,4.734
8071,4.585
8072,4.579
8073,4.21
8074,3.642
8075,3.166
8076,2.915
8077,2.944
8078,2.925
8079,3.004
8080,3.119
8081,3.209
8082,3.365
8083,3.557
8084,3.861
8085,4.14
8086,4.375
8087,4.484
8088,4.712
8089,4.759
8090,4.783
8091,4.891
8092,5.197
8093,5.376
8094,5.382
8095,5.425
8096,5.375
8097,5.292
8098,5.354
8099,5.468
8100,5.432
8101,5.393
8102,5.278
8103,5.048
8104,4.631
8105,4.162
8106,3.733
8107,3.316
8108,2.959
8109,2.68
8110,2.535
8111,2.447
8112,2.553
8113,2.719
8114,2.875
8115,3.263
8116,3.712
8117,4.195
8118,4.647
8119,4.839
8120,4.09
8121,3.232
8122,3.224
8123,3.326
8124,3.373
8125,3.425
8126,3.409
8127,3.226
8128,3.233
8129,3.386
8130,3.343
8131,2.895
8132,2.655
8133,2.586
8134,2.552
8135,2.543
8136,2.431
8137,2.405
8138,2.788
8139,3.414
8140,3.922
8141,4.491
8142,4.893
8143,5.046
8144,4.704
8145,4.13
8146,4.333
8147,4.501
8148,4.357
8149,4.034
8150,3.867
8151,3.765
8152,3.654
8153,3.609
8154,3.482
8155,3.333
8156,3.089
8157,2.809
8158,2.619
8159,2.454
8160,2.372
8161,2.321
8162,2.702
8163,3.638
8164,4.254
8165,4.539
8166,4.658
8167,4.544
8168,4.29
8169,4.164
8170,4.221
8171,4.244
8172,4.204
8173,4.105
8174,4.013
8175,3.882
8176,3.789
8177,3.754
8178,3.724
8179,3.678
8180,3.608
8181,3.55
8182,3.539
8183,3.508
8184,3.477
8185,3.446
8186,3.383
8187,3.496
8188,3.66
8189,3.786
8190,3.9
8191,3.954
8192,3.907
8193,3.831
8194,3.854
8195,3.792
8196,3.716
8197,3.627
8198,3.502
8199,3.413
8200,3.293
8201,3.236
8202,3.256
8203,3.357
8204,3.317
8205,3.221
8206,3.089
8207,2.915
8208,2.702
8209,2.587
8210,2.624
8211,2.662
8212,2.781
8213,2.971
8214,3.168
8215,3.085
8216,2.604
8217,1.608
8218,0.848
8219,0.34
8220,0.06
8221,-0.075
8222,-0.099
8223,-0.246
8224,-0.203
8225,0.029
8226,0.084
8227,-0.087
8228,-0.329
8229,-0.671
8230,-0.897
8231,-0.923
8232,-0.798
8233,-0.533
8234,0.202
8235,0.922
8236,1.385
8237,2.067
8238,3.028
8239,3.57
8240,3.467
8241,2.856
8242,2.335
8243,1.785
8244,1.295
8245,0.949
8246,0.561
8247,0.337
8248,0.269
8249,0.271
8250,0.424
8251,0.424
8252,0.338
8253,0.261
8254,0.07
8255,-0.213
8256,-0.572
8257,-0.798
8258,-0.551
8259,0.385
8260,0.996
8261,1.333
8262,1.462
8263,1.166
8264,0.366
8265,-0.231
8266,-0.242
8267,-0.3
8268,-0.42
8269,-0.484
8270,-0.592
8271,-0.725
8272,-0.802
8273,-0.868
8274,-0.906
8275,-0.925
8276,-0.908
8277,-0.886
8278,-0.886
8279,-0.917
8280,-0.916
8281,-0.869
8282,-0.458
8283,0.455
8284,1.075
8285,1.352
8286,1.418
8287,1.1
8288,0.441
8289,0.0
8290,-0.082
8291,-0.065
8292,-0.041
8293,0.003
8294,-0.02
8295,-0.015
8296,-0.003
8297,0.003
8298,0.007
8299,-0.102
8300,-0.323
8301,-0.573
8302,-0.805
8303,-1.035
8304,-1.284
8305,-1.609
8306,-1.696
8307,-1.191
8308,-0.662
8309,-0.062
8310,0.549
8311,0.938
8312,0.715
8313,0.467
8314,0.469
8315,0.49
8316,0.592
8317,0.625
8318,0.786
8319,1.072
8320,1.433
8321,1.57
8322,1.423
8323,1.279
8324,1.123
8325,0.961
8326,0.674
8327,0.363
8328,0.003
8329,-0.077
8330,0.117
8331,0.353
8332,0.804
8333,1.459
8334,2.056
8335,2.386
8336,2.31
8337,2.125
8338,2.203
8339,2.257
8340,2.222
8341,2.135
8342,2.083
8343,2.048
8344,2.066
8345,2.099
8346,2.132
8347,2.21
8348,2.286
8349,2.426
8350,2.527
8351,2.745
8352,3.055
8353,3.227
8354,3.356
8355,3.646
8356,3.899
8357,4.175
8358,4.532
8359,4.841
8360,5.179
8361,5.365
8362,5.423
8363,5.425
8364,5.298
8365,5.059
8366,4.696
8367,4.622
8368,4.747
8369,4.669
8370,4.646
8371,4.757
8372,5.031
8373,5.054
8374,4.984
8375,4.839
8376,4.903
8377,5.04
8378,5.228
8379,5.409
8380,5.541
8381,5.689
8382,5.891
8383,6.083
8384,6.097
8385,6.05
8386,5.988
8387,5.942
8388,5.747
8389,5.519
8390,5.269
8391,5.053
8392,4.895
8393,4.822
8394,4.756
8395,4.7
8396,4.694
8397,4.717
8398,4.844
8399,5.002
8400,5.096
8401,5.084
8402,5.094
8403,5.426
8404,5.854
8405,6.202
8406,6.478
8407,6.492
8408,6.215
8409,5.751
8410,5.522
8411,5.235
8412,4.88
8413,4.585
8414,4.478
8415,4.45
8416,4.457
8417,4.502
8418,4.553
8419,4.62
8420,4.62
8421,4.586
8422,4.463
8423,4.323
8424,4.19
8425,4.183
8426,4.431
8427,4.919
8428,5.372
8429,5.827
8430,6.176
8431,6.3
8432,6.231
8433,6.011
8434,5.745
8435,5.396
8436,4.993
8437,4.64
8438,4.467
8439,4.231
8440,4.124
8441,3.91
8442,3.868
8443,3.933
8444,3.943
8445,4.055
8446,4.218
8447,4.228
8448,3.966
8449,3.49
8450,3.454
8451,3.989
8452,4.544
8453,5.073
8454,5.342
8455,5.359
8456,4.923
8457,3.952
8458,2.734
8459,1.677
8460,1.254
8461,1.26
8462,1.455
8463,1.765
8464,2.016
8465,2.149
8466,2.169
8467,2.102
8468,2.007
8469,1.881
8470,1.717
8471,1.612
8472,1.474
8473,1.188
8474,1.278
8475,2.076
8476,2.911
8477,3.757
8478,4.317
8479,4.297
8480,3.746
8481,3.037
8482,2.551
8483,2.327
8484,2.461
8485,2.569
8486,2.498
8487,2.555
8488,2.815
8489,3.256
8490,3.587
8491,3.718
8492,3.664
8493,3.54
8494,3.328
8495,3.098
8496,2.894
8497,2.782
8498,2.75
8499,2.9
8500,3.15
8501,3.346
8502,3.451
8503,3.459
8504,3.271
8505,3.189
8506,3.225
8507,3.286
8508,3.286
8509,3.267
8510,3.198
8511,3.133
8512,3.112
8513,3.094
8514,3.049
8515,2.992
8516,2.999
8517,2.957
8518,2.772
8519,2.705
8520,2.687
8521,2.431
8522,1.983
8523,1.903
8524,2.076
8525,2.294
8526,2.365
8527,2.157
8528,1.361
8529,1.1
8530,1.206
8531,1.061
8532,0.725
8533,0.444
8534,0.491
8535,0.837
8536,1.169
8537,1.577
8538,1.866
8539,1.938
8540,2.087
8541,2.153
8542,2.273
8543,2.419
8544,2.639
8545,2.925
8546,3.349
8547,3.933
8548,4.26
8549,4.335
8550,4.26
8551,4.11
8552,3.911
8553,3.721
8554,3.833
8555,3.975
8556,3.967
8557,3.779
8558,3.61
8559,3.402
8560,2.831
8561,2.062
8562,1.67
8563,1.688
8564,1.724
8565,1.711
8566,1.469
8567,1.273
8568,1.159
8569,0.971
8570,0.786
8571,0.978
8572,1.461
8573,1.962
8574,2.215
8575,2.118
8576,1.903
8577,1.712
8578,1.395
8579,0.93
8580,0.405
8581,0.044
8582,-0.118
8583,-0.235
8584,-0.346
8585,-0.402
8586,-0.227
8587,0.114
8588,0.484
8589,0.687
8590,0.861
8591,0.905
8592,0.779
8593,0.514
8594,0.542
8595,1.04
8596,1.685
8597,2.169
8598,2.397
8599,2.206
8600,1.342
8601,0.737
8602,0.578
8603,0.552
8604,0.474
8605,0.517
8606,0.451
8607,0.377
8608,0.335
8609,0.415
8610,0.266
8611,0.224
8612,0.332
8613,0.39
8614,0.34
8615,0.237
8616,0.174
8617,0.009
8618,-0.076
8619,0.089
8620,0.333
8621,0.583
8622,0.742
8623,0.717
8624,0.492
8625,0.237
8626,0.016
8627,-0.273
8628,-0.532
8629,-0.799
8630,-1.068
8631,-1.289
8632,-1.322
8633,-1.276
8634,-1.283
8635,-1.269
8636,-1.311
8637,-1.364
8638,-1.431
8639,-1.436
8640,-1.392
8641,-1.357
8642,-1.291
8643,-0.934
8644,-0.479
8645,-0.151
8646,-0.026
8647,-0.113
8648,-0.659
8649,-1.339
8650,-1.568
8651,-1.675
8652,-1.709
8653,-1.837
8654,-2.02
8655,-2.091
8656,-2.156
8657,-2.2
8658,-2.231
8659,-2.239
8660,-2.05
8661,-1.657
8662,-1.322
8663,-1.037
8664,-0.825
8665,-0.552
8666,-0.016
8667,0.726
8668,1.28
8669,1.742
8670,2.111
8671,2.218
8672,1.996
8673,1.698
8674,1.689
8675,1.727
8676,1.672
8677,1.6
8678,1.47
8679,1.216
8680,0.927
8681,0.755
8682,0.769
8683,0.87
8684,0.848
8685,0.772
8686,0.641
8687,0.36
8688,0.047
8689,-0.213
8690,-0.139
8691,0.308
8692,0.858
8693,1.345
8694,1.601
8695,1.515
8696,0.969
8697,0.293
8698,-0.095
8699,-0.45
8700,-0.823
8701,-1.122
8702,-1.363
8703,-1.563
8704,-1.71
8705,-1.774
8706,-1.725
8707,-1.708
8708,-1.801
8709,-1.898
8710,-2.04
8711,-2.116
8712,-2.078
8713,-1.983
8714,-1.647
8715,-0.921
8716,-0.218
8717,0.297
8718,0.61
8719,0.581
8720,0.41
8721,0.242
8722,0.219
8723,0.223
8724,0.224
8725,0.227
8726,0.347
8727,0.443
8728,0.592
8729,0.687
8730,0.695
8731,0.726
8732,0.833
8733,0.988
8734,1.004
8735,0.951
8736,0.885
8737,0.71
8738,0.706
8739,1.164
8740,1.576
8741,1.808
8742,1.914
8743,1.857
8744,1.64
8745,1.511
8746,1.731
8747,2.062
8748,2.245
8749,2.337
8750,2.201
8751,1.986
8752,1.822
8753,1.481
8754,1.201
8755,0.981
8756,0.753
8757,0.421
8758,0.212
8759,-0.004
8760,-0.249
