1,1.939
2,1.2
3,0.638
4,0.29
5,-0.126
6,-0.405
7,-0.32
8,-0.502
9,-0.484
10,-0.236
11,-0.455
12,-0.722
13,-0.691
14,-1.012
15,-1.221
16,-1.175
17,-0.352
18,1.607
19,3.188
20,4.991
21,6.08
22,6.058
23,5.543
24,4.295
25,3.47
26,2.797
27,1.973
28,1.221
29,0.601
30,0.111
31,-0.314
32,-0.558
33,-0.653
34,-0.547
35,-0.334
36,-0.104
37,0.252
38,0.553
39,0.81
40,0.857
41,1.026
42,2.733
43,4.158
44,5.117
45,5.484
46,5.443
47,4.844
48,4.282
49,3.991
50,3.957
51,4.096
52,4.232
53,4.349
54,4.591
55,4.907
56,5.224
57,5.496
58,5.704
59,5.851
60,5.925
61,6.019
62,6.125
63,6.242
64,6.298
65,6.414
66,6.748
67,7.39
68,7.951
69,8.403
70,8.734
71,8.796
72,8.511
73,8.077
74,7.749
75,7.59
76,7.586
77,7.65
78,7.637
79,7.515
80,7.401
81,7.412
82,7.373
83,7.128
84,6.857
85,6.633
86,6.518
87,6.484
88,6.436
89,6.584
90,7.228
91,7.882
92,8.481
93,8.765
94,8.695
95,8.411
96,7.687
97,6.559
98,6.247
99,5.922
100,5.776
101,6.091
102,6.174
103,5.829
104,5.487
105,5.525
106,5.723
107,5.837
108,5.923
109,5.968
110,5.942
111,5.877
112,5.647
113,5.461
114,5.764
115,7.644
116,8.944
117,9.147
118,9.606
119,8.871
120,7.496
121,6.431
122,5.895
123,5.235
124,4.91
125,5.299
126,5.434
127,5.139
128,4.928
129,5.553
130,5.83
131,5.398
132,4.507
133,4.043
134,3.776
135,3.491
136,3.202
137,3.177
138,3.885
139,4.569
140,4.995
141,5.144
142,5.053
143,4.861
144,4.147
145,2.995
146,2.603
147,2.567
148,2.319
149,1.92
150,1.583
151,1.317
152,1.251
153,1.264
154,1.328
155,1.462
156,1.613
157,1.671
158,1.608
159,1.37
160,1.008
161,1.228
162,1.868
163,2.618
164,3.458
165,4.111
166,4.465
167,4.505
168,3.921
169,3.075
170,2.087
171,0.976
172,0.071
173,-0.27
174,-0.026
175,-0.44
176,-0.098
177,0.29
178,0.577
179,1.097
180,1.662
181,2.253
182,2.72
183,2.767
184,2.27
185,2.257
186,2.544
187,2.88
188,3.193
189,3.531
190,3.876
191,4.074
192,3.975
193,3.51
194,3.18
195,2.974
196,2.91
197,3.196
198,3.327
199,3.47
200,3.859
201,4.19
202,4.273
203,4.152
204,3.89
205,3.808
206,3.969
207,3.959
208,3.728
209,3.705
210,4.711
211,5.704
212,6.609
213,7.098
214,7.093
215,7.036
216,6.836
217,6.473
218,6.447
219,6.717
220,6.874
221,6.866
222,6.815
223,6.845
224,6.967
225,7.034
226,7.061
227,6.984
228,6.811
229,6.673
230,6.533
231,6.379
232,6.166
233,6.28
234,7.315
235,8.31
236,9.121
237,9.32
238,9.323
239,9.271
240,8.35
241,6.999
242,6.767
243,6.488
244,6.149
245,5.98
246,5.735
247,5.488
248,5.474
249,5.253
250,5.35
251,5.446
252,5.566
253,5.529
254,5.541
255,5.352
256,5.257
257,5.703
258,6.831
259,8.105
260,9.482
261,10.551
262,10.805
263,10.167
264,8.763
265,7.239
266,6.544
267,6.3
268,5.954
269,5.739
270,5.749
271,5.904
272,6.111
273,6.467
274,6.568
275,6.29
276,5.769
277,5.281
278,4.847
279,4.483
280,4.109
281,4.55
282,6.823
283,8.62
284,9.88
285,10.882
286,11.413
287,11.078
288,8.874
289,6.741
290,6.05
291,5.778
292,5.658
293,5.495
294,4.808
295,4.064
296,3.542
297,3.185
298,2.931
299,2.584
300,2.251
301,1.864
302,1.461
303,1.091
304,0.793
305,1.552
306,4.26
307,6.486
308,8.615
309,9.965
310,10.501
311,10.093
312,8.04
313,5.327
314,3.976
315,3.176
316,2.374
317,1.769
318,1.294
319,0.963
320,0.58
321,0.197
322,-0.064
323,-0.244
324,-0.246
325,-0.486
326,-0.393
327,0.057
328,0.186
329,0.33
330,2.378
331,4.635
332,6.909
333,8.486
334,9.067
335,8.669
336,6.786
337,4.272
338,2.859
339,2.221
340,1.882
341,1.486
342,1.72
343,1.57
344,1.372
345,1.001
346,0.751
347,0.684
348,0.726
349,0.791
350,1.003
351,1.118
352,0.908
353,1.841
354,3.632
355,6.007
356,7.655
357,8.255
358,7.443
359,6.119
360,5.011
361,3.858
362,3.107
363,2.562
364,2.356
365,2.343
366,2.176
367,1.997
368,1.989
369,1.904
370,1.753
371,1.422
372,1.628
373,2.02
374,2.352
375,2.515
376,2.477
377,3.018
378,4.491
379,6.344
380,7.926
381,9.049
382,9.534
383,9.099
384,7.439
385,5.107
386,4.193
387,3.848
388,3.554
389,3.894
390,4.26
391,4.423
392,4.663
393,4.833
394,4.8
395,4.683
396,4.466
397,4.282
398,3.93
399,4.024
400,4.079
401,4.798
402,5.878
403,6.621
404,7.306
405,8.142
406,8.889
407,9.025
408,8.488
409,7.779
410,7.397
411,7.29
412,7.166
413,7.029
414,6.924
415,6.907
416,6.773
417,6.524
418,6.267
419,6.031
420,5.954
421,5.71
422,5.515
423,5.071
424,4.525
425,4.883
426,5.806
427,6.596
428,7.072
429,7.261
430,7.283
431,7.012
432,6.573
433,6.002
434,5.598
435,5.589
436,5.582
437,5.71
438,5.823
439,6.087
440,6.608
441,7.399
442,8.136
443,8.426
444,7.815
445,6.937
446,6.285
447,5.844
448,5.719
449,5.936
450,6.507
451,7.117
452,7.672
453,8.012
454,8.007
455,7.714
456,6.97
457,5.605
458,4.854
459,4.463
460,4.143
461,3.871
462,3.909
463,3.809
464,3.778
465,4.122
466,4.278
467,3.764
468,3.277
469,3.026
470,3.009
471,2.924
472,2.834
473,3.026
474,3.714
475,4.275
476,4.768
477,5.189
478,5.443
479,5.445
480,4.95
481,3.695
482,3.121
483,2.691
484,2.439
485,2.372
486,2.51
487,2.455
488,2.153
489,1.939
490,2.033
491,2.072
492,2.023
493,1.999
494,2.068
495,1.987
496,1.788
497,2.535
498,3.951
499,5.253
500,6.064
501,6.617
502,6.795
503,6.565
504,5.542
505,3.659
506,3.059
507,2.699
508,2.332
509,2.466
510,2.473
511,2.47
512,2.623
513,2.696
514,2.609
515,2.823
516,2.975
517,2.999
518,3.049
519,3.348
520,3.486
521,4.078
522,4.568
523,4.66
524,4.54
525,4.234
526,3.817
527,3.443
528,3.309
529,3.542
530,4.275
531,5.275
532,6.153
533,6.743
534,7.046
535,7.233
536,7.533
537,7.867
538,8.198
539,8.223
540,7.865
541,7.046
542,6.0
543,5.781
544,5.693
545,6.072
546,6.874
547,7.292
548,7.534
549,7.628
550,7.702
551,7.911
552,7.337
553,6.086
554,5.319
555,5.086
556,4.921
557,4.947
558,5.136
559,5.293
560,5.168
561,5.085
562,5.081
563,5.065
564,5.065
565,4.854
566,4.576
567,4.568
568,4.602
569,5.052
570,5.991
571,6.853
572,7.203
573,7.065
574,7.106
575,7.009
576,6.134
577,5.597
578,5.488
579,5.314
580,4.845
581,4.366
582,4.008
583,3.754
584,3.735
585,3.587
586,3.179
587,3.182
588,3.391
589,3.469
590,3.542
591,3.355
592,3.114
593,3.933
594,5.468
595,6.452
596,7.287
597,7.789
598,7.869
599,7.646
600,6.792
601,4.464
602,3.18
603,2.839
604,2.665
605,2.564
606,2.576
607,2.595
608,2.329
609,1.921
610,1.661
611,1.722
612,1.703
613,1.759
614,1.77
615,1.697
616,1.917
617,3.514
618,5.308
619,6.211
620,7.08
621,7.623
622,7.839
623,7.371
624,6.499
625,5.644
626,5.368
627,5.407
628,5.403
629,5.219
630,5.01
631,4.741
632,4.332
633,3.793
634,3.169
635,3.006
636,2.941
637,2.746
638,2.768
639,3.112
640,3.437
641,3.57
642,4.553
643,5.251
644,5.87
645,6.221
646,6.568
647,6.648
648,6.061
649,4.405
650,3.667
651,3.531
652,3.452
653,3.285
654,2.98
655,2.29
656,1.573
657,1.177
658,0.754
659,0.355
660,-0.217
661,-0.271
662,0.089
663,0.28
664,0.018
665,1.756
666,3.761
667,5.598
668,7.234
669,8.153
670,8.304
671,7.977
672,7.04
673,4.812
674,3.111
675,2.774
676,2.276
677,1.838
678,1.649
679,1.286
680,1.248
681,1.332
682,1.33
683,1.061
684,0.739
685,0.523
686,0.54
687,0.548
688,0.59
689,2.018
690,4.455
691,6.429
692,8.189
693,9.32
694,9.816
695,9.93
696,8.542
697,5.638
698,3.657
699,2.934
700,2.785
701,2.187
702,1.488
703,1.286
704,1.242
705,1.259
706,1.243
707,1.391
708,1.497
709,1.482
710,1.567
711,1.622
712,1.539
713,2.698
714,4.657
715,6.737
716,8.411
717,9.443
718,9.893
719,9.689
720,8.557
721,6.412
722,5.139
723,4.538
724,4.159
725,4.012
726,3.99
727,3.967
728,3.988
729,3.866
730,3.241
731,2.791
732,2.734
733,2.651
734,2.413
735,2.136
736,2.143
737,4.053
738,6.65
739,8.03
740,8.864
741,9.901
742,10.225
743,10.254
744,9.27
745,6.659
746,5.816
747,5.925
748,5.428
749,5.07
750,4.889
751,5.073
752,5.275
753,5.346
754,5.371
755,5.28
756,5.321
757,5.7
758,5.93
759,5.937
760,6.008
761,6.258
762,6.658
763,7.154
764,8.069
765,8.738
766,8.931
767,8.726
768,8.307
769,7.59
770,7.05
771,6.838
772,6.627
773,6.475
774,6.26
775,5.835
776,5.508
777,5.243
778,5.041
779,4.936
780,4.803
781,4.846
782,4.914
783,4.817
784,4.556
785,5.046
786,5.783
787,6.574
788,7.279
789,7.678
790,7.892
791,7.525
792,6.833
793,5.581
794,4.318
795,3.898
796,3.588
797,3.313
798,3.088
799,2.864
800,2.526
801,2.203
802,2.243
803,2.543
804,2.215
805,1.841
806,1.82
807,1.811
808,1.544
809,1.843
810,2.128
811,2.496
812,2.845
813,3.086
814,3.068
815,2.783
816,2.271
817,0.829
818,-0.179
819,-0.201
820,-0.218
821,-0.573
822,-1.089
823,-1.381
824,-1.261
825,-1.431
826,-1.637
827,-1.965
828,-2.27
829,-2.589
830,-2.939
831,-3.253
832,-3.521
833,-3.171
834,-2.671
835,-2.03
836,-1.382
837,-0.867
838,-0.569
839,-0.666
840,-1.087
841,-2.065
842,-3.378
843,-4.004
844,-4.604
845,-4.806
846,-4.876
847,-5.003
848,-5.117
849,-5.206
850,-5.378
851,-5.633
852,-5.66
853,-5.637
854,-5.592
855,-5.587
856,-5.434
857,-3.565
858,-2.04
859,-1.051
860,-0.306
861,0.149
862,0.298
863,0.128
864,-0.494
865,-2.65
866,-4.549
867,-4.769
868,-4.671
869,-4.517
870,-4.435
871,-4.389
872,-4.389
873,-4.501
874,-4.662
875,-4.768
876,-4.8
877,-4.84
878,-4.932
879,-4.964
880,-4.887
881,-3.145
882,-1.178
883,0.077
884,0.856
885,1.152
886,1.219
887,1.017
888,0.393
889,-1.469
890,-2.568
891,-2.501
892,-2.567
893,-2.658
894,-2.759
895,-2.874
896,-2.949
897,-3.029
898,-3.296
899,-3.629
900,-3.994
901,-4.419
902,-4.691
903,-4.825
904,-4.631
905,-3.223
906,-1.565
907,0.028
908,1.047
909,1.573
910,1.839
911,1.821
912,1.473
913,0.34
914,-0.741
915,-1.179
916,-1.283
917,-1.276
918,-1.306
919,-1.344
920,-1.257
921,-1.189
922,-1.21
923,-1.402
924,-1.886
925,-2.479
926,-3.078
927,-3.393
928,-3.234
929,-1.427
930,-0.343
931,0.276
932,0.447
933,0.576
934,0.597
935,0.498
936,0.239
937,-0.334
938,-1.009
939,-1.055
940,-1.083
941,-1.381
942,-1.59
943,-1.856
944,-2.457
945,-2.894
946,-2.929
947,-2.76
948,-2.992
949,-3.6
950,-4.299
951,-4.897
952,-5.274
953,-5.191
954,-4.849
955,-4.324
956,-3.714
957,-3.058
958,-2.676
959,-2.618
960,-2.679
961,-3.087
962,-3.708
963,-4.041
964,-4.573
965,-5.295
966,-5.867
967,-6.241
968,-6.709
969,-7.244
970,-7.594
971,-7.657
972,-7.782
973,-8.014
974,-7.953
975,-7.328
976,-7.05
977,-5.054
978,-2.033
979,-0.807
980,-0.181
981,-0.058
982,-0.201
983,-0.322
984,-0.596
985,-0.872
986,-0.991
987,-0.736
988,-0.432
989,-0.42
990,-0.743
991,-1.346
992,-1.752
993,-2.289
994,-2.762
995,-3.095
996,-3.509
997,-3.771
998,-4.006
999,-3.944
1000,-3.387
1001,-1.871
1002,-0.611
1003,0.064
1004,0.563
1005,0.912
1006,0.829
1007,0.619
1008,0.46
1009,0.242
1010,0.08
1011,0.05
1012,0.064
1013,0.091
1014,0.072
1015,0.04
1016,0.01
1017,0.039
1018,0.135
1019,0.188
1020,0.174
1021,0.165
1022,0.121
1023,0.092
1024,0.133
1025,0.195
1026,0.2
1027,0.266
1028,0.328
1029,0.415
1030,0.561
1031,0.648
1032,0.647
1033,0.555
1034,0.42
1035,0.344
1036,0.295
1037,0.233
1038,0.206
1039,0.185
1040,0.167
1041,0.149
1042,0.152
1043,0.191
1044,0.339
1045,0.402
1046,0.235
1047,-0.043
1048,-0.123
1049,0.263
1050,0.843
1051,1.225
1052,1.586
1053,1.791
1054,1.862
1055,1.733
1056,1.433
1057,0.499
1058,-2.101
1059,-3.417
1060,-3.831
1061,-3.908
1062,-4.035
1063,-3.926
1064,-3.666
1065,-3.121
1066,-3.152
1067,-3.125
1068,-2.628
1069,-2.225
1070,-1.861
1071,-1.215
1072,-0.802
1073,0.193
1074,0.65
1075,0.961
1076,1.631
1077,2.27
1078,2.353
1079,1.428
1080,0.94
1081,0.762
1082,0.764
1083,1.137
1084,1.121
1085,0.617
1086,0.057
1087,-0.082
1088,0.226
1089,0.761
1090,0.977
1091,0.809
1092,0.25
1093,-0.046
1094,-0.126
1095,0.075
1096,0.665
1097,1.7
1098,2.41
1099,3.022
1100,3.601
1101,4.017
1102,4.248
1103,4.354
1104,3.928
1105,2.545
1106,1.359
1107,1.382
1108,1.571
1109,1.774
1110,1.689
1111,1.199
1112,0.891
1113,1.087
1114,1.436
1115,1.656
1116,1.612
1117,1.614
1118,1.723
1119,1.755
1120,1.742
1121,2.074
1122,2.597
1123,3.068
1124,3.36
1125,3.364
1126,3.231
1127,2.961
1128,2.458
1129,1.77
1130,1.365
1131,1.191
1132,0.962
1133,0.805
1134,0.743
1135,0.732
1136,0.552
1137,0.275
1138,0.04
1139,-0.178
1140,-0.408
1141,-0.555
1142,-0.526
1143,-0.424
1144,-0.1
1145,1.173
1146,2.564
1147,3.199
1148,3.66
1149,4.185
1150,4.43
1151,4.36
1152,3.934
1153,2.37
1154,0.142
1155,-0.389
1156,-0.299
1157,-0.166
1158,-0.19
1159,-0.237
1160,-0.34
1161,-0.469
1162,-0.604
1163,-0.79
1164,-0.987
1165,-1.188
1166,-1.348
1167,-1.501
1168,-1.016
1169,1.005
1170,2.5
1171,3.708
1172,4.517
1173,4.835
1174,4.835
1175,4.609
1176,4.266
1177,3.186
1178,1.956
1179,1.164
1180,0.623
1181,0.652
1182,0.778
1183,0.605
1184,0.307
1185,0.043
1186,0.031
1187,0.114
1188,0.145
1189,0.143
1190,-0.203
1191,-0.451
1192,-0.026
1193,0.709
1194,1.308
1195,2.493
1196,3.429
1197,3.849
1198,3.979
1199,3.774
1200,3.355
1201,2.788
1202,2.333
1203,2.014
1204,1.799
1205,1.597
1206,1.323
1207,1.427
1208,1.433
1209,1.022
1210,1.132
1211,1.394
1212,1.1
1213,0.597
1214,0.336
1215,0.291
1216,0.597
1217,1.69
1218,2.384
1219,2.831
1220,3.313
1221,3.665
1222,3.966
1223,3.984
1224,3.621
1225,2.754
1226,0.631
1227,-0.247
1228,-0.711
1229,-1.248
1230,-1.255
1231,-1.104
1232,-1.064
1233,-1.13
1234,-1.395
1235,-1.655
1236,-2.566
1237,-2.708
1238,-2.631
1239,-2.753
1240,-2.855
1241,-0.379
1242,2.282
1243,3.927
1244,5.012
1245,5.564
1246,5.786
1247,5.683
1248,5.358
1249,4.26
1250,2.878
1251,2.188
1252,1.162
1253,0.072
1254,-0.938
1255,-1.446
1256,-1.34
1257,-0.852
1258,-0.551
1259,-0.441
1260,-0.442
1261,-0.441
1262,-0.43
1263,-0.216
1264,0.274
1265,1.294
1266,2.2
1267,2.871
1268,3.303
1269,3.587
1270,3.927
1271,4.199
1272,4.121
1273,3.424
1274,1.612
1275,0.911
1276,0.579
1277,0.775
1278,0.987
1279,0.731
1280,0.487
1281,0.404
1282,0.251
1283,0.119
1284,0.036
1285,0.066
1286,0.055
1287,0.063
1288,0.305
1289,1.159
1290,2.106
1291,2.977
1292,3.722
1293,4.209
1294,4.462
1295,4.493
1296,4.29
1297,3.459
1298,2.281
1299,2.031
1300,1.946
1301,1.911
1302,1.763
1303,1.5
1304,1.262
1305,1.143
1306,0.988
1307,1.003
1308,0.939
1309,0.878
1310,0.782
1311,0.677
1312,0.824
1313,1.452
1314,1.965
1315,2.58
1316,3.198
1317,3.652
1318,3.744
1319,3.639
1320,3.435
1321,2.806
1322,1.271
1323,0.574
1324,0.294
1325,0.131
1326,-0.055
1327,-0.209
1328,-0.619
1329,-1.244
1330,-1.637
1331,-1.751
1332,-1.939
1333,-2.248
1334,-2.664
1335,-3.109
1336,-2.656
1337,-0.723
1338,0.674
1339,1.629
1340,2.466
1341,3.108
1342,3.409
1343,3.349
1344,2.859
1345,1.617
1346,-0.656
1347,-1.242
1348,-1.36
1349,-1.504
1350,-1.865
1351,-2.465
1352,-3.328
1353,-4.181
1354,-4.755
1355,-5.007
1356,-5.153
1357,-5.262
1358,-5.181
1359,-4.951
1360,-3.728
1361,-1.707
1362,0.252
1363,1.177
1364,1.721
1365,1.961
1366,1.968
1367,1.791
1368,1.208
1369,-0.111
1370,-2.845
1371,-3.864
1372,-4.189
1373,-4.418
1374,-4.576
1375,-4.599
1376,-4.5
1377,-4.307
1378,-4.068
1379,-3.305
1380,-2.909
1381,-2.682
1382,-2.664
1383,-2.509
1384,-2.28
1385,-1.651
1386,-0.494
1387,1.151
1388,2.794
1389,4.253
1390,5.104
1391,5.105
1392,4.62
1393,3.128
1394,0.758
1395,-0.612
1396,-0.965
1397,-1.121
1398,-1.462
1399,-1.894
1400,-2.082
1401,-2.117
1402,-2.146
1403,-2.261
1404,-2.458
1405,-2.631
1406,-2.681
1407,-2.667
1408,-1.433
1409,0.613
1410,2.612
1411,4.037
1412,5.049
1413,5.755
1414,6.179
1415,6.195
1416,5.88
1417,4.876
1418,3.312
1419,2.007
1420,1.219
1421,0.703
1422,0.426
1423,0.123
1424,-0.439
1425,-0.944
1426,-1.215
1427,-1.56
1428,-1.691
1429,-1.898
1430,-2.117
1431,-2.197
1432,-0.917
1433,1.787
1434,3.789
1435,5.386
1436,6.182
1437,6.578
1438,6.791
1439,6.737
1440,6.314
1441,4.985
1442,2.497
1443,1.216
1444,0.386
1445,-0.301
1446,-0.857
1447,-1.146
1448,-1.187
1449,-1.307
1450,-1.514
1451,-1.746
1452,-2.264
1453,-2.381
1454,-2.447
1455,-2.445
1456,-0.749
1457,1.117
1458,2.495
1459,3.784
1460,4.956
1461,5.703
1462,6.072
1463,6.082
1464,5.571
1465,4.198
1466,1.146
1467,-0.43
1468,-1.205
1469,-1.984
1470,-2.301
1471,-2.488
1472,-2.818
1473,-3.268
1474,-3.704
1475,-3.94
1476,-4.268
1477,-4.56
1478,-4.886
1479,-5.163
1480,-4.34
1481,-2.943
1482,-1.252
1483,0.433
1484,1.764
1485,2.619
1486,3.044
1487,3.141
1488,2.739
1489,1.487
1490,-1.505
1491,-2.746
1492,-3.112
1493,-3.572
1494,-4.095
1495,-4.539
1496,-4.768
1497,-5.014
1498,-5.096
1499,-5.224
1500,-5.273
1501,-5.3
1502,-5.321
1503,-5.302
1504,-4.02
1505,-2.225
1506,-0.407
1507,1.21
1508,2.479
1509,3.298
1510,3.732
1511,3.82
1512,3.438
1513,2.001
1514,-1.244
1515,-2.414
1516,-2.779
1517,-3.015
1518,-3.463
1519,-3.866
1520,-4.032
1521,-4.185
1522,-4.123
1523,-3.937
1524,-3.901
1525,-3.781
1526,-3.396
1527,-3.202
1528,-1.808
1529,0.173
1530,2.259
1531,4.067
1532,5.297
1533,6.005
1534,6.347
1535,6.337
1536,5.842
1537,4.09
1538,0.861
1539,-0.703
1540,-1.23
1541,-1.433
1542,-1.6
1543,-1.826
1544,-1.997
1545,-2.151
1546,-2.263
1547,-2.347
1548,-2.174
1549,-1.759
1550,-1.676
1551,-1.453
1552,0.051
1553,1.21
1554,1.963
1555,2.517
1556,3.062
1557,3.668
1558,3.893
1559,3.26
1560,2.152
1561,1.107
1562,0.394
1563,0.25
1564,0.499
1565,0.404
1566,0.259
1567,-0.046
1568,-0.232
1569,-0.232
1570,-0.231
1571,-0.247
1572,-0.19
1573,-0.277
1574,-0.189
1575,-0.289
1576,0.076
1577,0.969
1578,1.823
1579,2.476
1580,2.929
1581,3.272
1582,3.514
1583,3.585
1584,3.522
1585,2.956
1586,1.46
1587,0.593
1588,0.23
1589,-0.278
1590,-0.515
1591,-0.537
1592,-0.606
1593,-0.692
1594,-0.869
1595,-1.03
1596,-1.079
1597,-1.114
1598,-0.946
1599,-0.661
1600,0.081
1601,1.403
1602,2.843
1603,3.714
1604,4.101
1605,4.231
1606,4.348
1607,4.392
1608,4.232
1609,3.666
1610,2.345
1611,1.484
1612,1.047
1613,0.621
1614,0.035
1615,-0.569
1616,-1.074
1617,-1.558
1618,-1.834
1619,-1.977
1620,-2.137
1621,-2.263
1622,-2.36
1623,-2.324
1624,-1.027
1625,0.982
1626,2.906
1627,4.193
1628,5.1
1629,5.709
1630,6.098
1631,6.182
1632,5.887
1633,5.002
1634,2.411
1635,0.474
1636,-0.283
1637,-0.825
1638,-1.283
1639,-1.545
1640,-1.827
1641,-2.062
1642,-2.219
1643,-2.292
1644,-2.274
1645,-2.242
1646,-2.261
1647,-2.227
1648,-0.45
1649,1.784
1650,4.157
1651,6.037
1652,7.175
1653,7.919
1654,8.442
1655,8.544
1656,8.208
1657,7.273
1658,5.152
1659,3.452
1660,2.326
1661,1.78
1662,1.694
1663,0.985
1664,-0.17
1665,-0.786
1666,-0.978
1667,-1.21
1668,-1.272
1669,-1.005
1670,-1.368
1671,-1.397
1672,1.01
1673,3.198
1674,4.329
1675,5.164
1676,6.048
1677,7.158
1678,7.567
1679,7.059
1680,6.151
1681,5.328
1682,4.633
1683,4.209
1684,3.996
1685,3.727
1686,3.429
1687,3.103
1688,2.729
1689,2.196
1690,1.593
1691,1.259
1692,1.163
1693,1.041
1694,1.209
1695,1.163
1696,1.875
1697,2.755
1698,3.319
1699,4.029
1700,4.823
1701,5.668
1702,6.14
1703,6.463
1704,6.4
1705,6.08
1706,4.798
1707,3.765
1708,2.932
1709,2.048
1710,1.28
1711,1.146
1712,0.956
1713,0.649
1714,0.548
1715,0.649
1716,0.735
1717,0.819
1718,0.983
1719,1.015
1720,1.99
1721,3.221
1722,4.633
1723,5.876
1724,6.667
1725,7.431
1726,7.985
1727,8.284
1728,8.185
1729,7.819
1730,6.416
1731,5.164
1732,4.499
1733,4.015
1734,3.479
1735,2.852
1736,2.317
1737,2.354
1738,2.514
1739,2.595
1740,2.593
1741,2.406
1742,2.182
1743,2.109
1744,3.411
1745,5.031
1746,6.148
1747,7.184
1748,8.172
1749,8.495
1750,8.924
1751,8.913
1752,8.693
1753,8.301
1754,6.145
1755,4.418
1756,4.413
1757,4.528
1758,4.372
1759,3.77
1760,3.607
1761,3.719
1762,3.636
1763,3.566
1764,3.38
1765,3.077
1766,2.771
1767,2.683
1768,4.204
1769,6.775
1770,9.936
1771,11.727
1772,12.444
1773,13.055
1774,13.222
1775,13.031
1776,12.323
1777,10.707
1778,8.19
1779,6.229
1780,5.513
1781,5.104
1782,5.19
1783,5.042
1784,4.934
1785,4.682
1786,4.55
1787,4.371
1788,4.18
1789,4.034
1790,3.774
1791,3.786
1792,4.662
1793,6.015
1794,8.274
1795,11.081
1796,12.278
1797,12.346
1798,12.77
1799,13.285
1800,13.143
1801,11.546
1802,9.089
1803,7.866
1804,7.536
1805,7.425
1806,7.194
1807,6.744
1808,6.625
1809,6.551
1810,5.843
1811,4.918
1812,4.064
1813,3.193
1814,2.604
1815,3.103
1816,5.401
1817,7.197
1818,9.519
1819,11.963
1820,13.736
1821,14.833
1822,15.455
1823,15.648
1824,15.169
1825,13.914
1826,10.653
1827,7.845
1828,7.16
1829,6.693
1830,6.258
1831,5.94
1832,5.759
1833,5.551
1834,5.389
1835,5.255
1836,5.128
1837,5.118
1838,5.261
1839,5.675
1840,8.114
1841,10.658
1842,13.374
1843,15.591
1844,16.634
1845,17.135
1846,17.363
1847,17.325
1848,16.76
1849,15.36
1850,12.402
1851,10.282
1852,10.213
1853,9.566
1854,8.542
1855,7.758
1856,7.236
1857,6.836
1858,6.404
1859,6.004
1860,5.687
1861,5.498
1862,5.566
1863,6.764
1864,9.054
1865,12.424
1866,15.212
1867,16.526
1868,17.573
1869,18.184
1870,18.596
1871,18.785
1872,18.387
1873,16.894
1874,13.381
1875,10.867
1876,10.324
1877,9.637
1878,9.407
1879,9.068
1880,7.44
1881,6.693
1882,6.44
1883,6.403
1884,6.148
1885,6.01
1886,5.966
1887,6.505
1888,9.636
1889,12.363
1890,15.171
1891,17.525
1892,18.857
1893,19.437
1894,19.611
1895,19.389
1896,18.639
1897,16.883
1898,13.494
1899,10.9
1900,10.277
1901,9.646
1902,8.755
1903,7.587
1904,7.504
1905,8.176
1906,8.257
1907,7.753
1908,7.099
1909,6.727
1910,6.686
1911,6.814
1912,8.025
1913,9.974
1914,11.865
1915,13.455
1916,14.562
1917,15.289
1918,15.581
1919,15.414
1920,14.661
1921,13.446
1922,11.625
1923,9.946
1924,9.267
1925,8.962
1926,8.687
1927,8.365
1928,7.835
1929,7.238
1930,6.772
1931,6.535
1932,6.422
1933,6.337
1934,6.142
1935,6.407
1936,8.622
1937,11.033
1938,12.863
1939,14.304
1940,15.281
1941,15.837
1942,15.955
1943,14.758
1944,12.943
1945,11.324
1946,10.038
1947,9.171
1948,8.696
1949,8.362
1950,7.966
1951,7.533
1952,6.981
1953,6.588
1954,6.191
1955,5.671
1956,5.165
1957,4.867
1958,4.763
1959,5.264
1960,7.46
1961,9.501
1962,10.683
1963,11.937
1964,12.784
1965,13.168
1966,13.295
1967,13.14
1968,12.477
1969,11.917
1970,10.399
1971,8.336
1972,7.545
1973,7.218
1974,7.079
1975,6.945
1976,6.798
1977,6.697
1978,6.579
1979,6.416
1980,6.195
1981,5.957
1982,5.726
1983,5.771
1984,6.713
1985,7.667
1986,8.661
1987,9.521
1988,10.242
1989,10.609
1990,10.616
1991,10.538
1992,10.383
1993,10.024
1994,9.038
1995,7.202
1996,6.22
1997,5.499
1998,5.136
1999,4.949
2000,4.819
2001,4.543
2002,4.368
2003,4.276
2004,4.51
2005,4.528
2006,4.301
2007,4.865
2008,7.007
2009,8.52
2010,9.874
2011,11.123
2012,12.116
2013,12.406
2014,12.292
2015,11.714
2016,10.774
2017,9.592
2018,8.428
2019,7.385
2020,6.705
2021,6.241
2022,5.863
2023,5.567
2024,5.204
2025,4.957
2026,4.835
2027,4.775
2028,4.624
2029,4.56
2030,4.495
2031,4.667
2032,5.569
2033,6.714
2034,8.152
2035,9.652
2036,10.782
2037,11.586
2038,12.069
2039,12.298
2040,12.104
2041,11.316
2042,9.322
2043,6.242
2044,5.347
2045,5.078
2046,4.698
2047,4.091
2048,3.462
2049,3.083
2050,2.899
2051,2.736
2052,2.493
2053,2.361
2054,2.151
2055,2.937
2056,4.925
2057,7.701
2058,10.527
2059,12.359
2060,13.466
2061,14.017
2062,14.092
2063,13.573
2064,12.971
2065,11.244
2066,9.334
2067,8.249
2068,7.683
2069,7.127
2070,6.606
2071,6.213
2072,5.873
2073,5.577
2074,5.371
2075,5.433
2076,5.869
2077,6.304
2078,6.395
2079,6.629
2080,9.109
2081,12.962
2082,14.326
2083,15.457
2084,15.513
2085,15.172
2086,15.053
2087,14.523
2088,13.796
2089,13.243
2090,12.146
2091,11.479
2092,10.81
2093,9.998
2094,9.112
2095,8.218
2096,7.542
2097,7.128
2098,6.751
2099,6.386
2100,6.053
2101,5.942
2102,5.798
2103,6.035
2104,8.493
2105,11.201
2106,12.435
2107,13.789
2108,14.646
2109,15.003
2110,15.017
2111,14.693
2112,14.236
2113,13.955
2114,12.889
2115,11.796
2116,11.142
2117,10.617
2118,10.181
2119,9.645
2120,8.85
2121,7.86
2122,7.059
2123,6.301
2124,5.718
2125,5.241
2126,4.821
2127,5.345
2128,7.923
2129,10.422
2130,12.778
2131,14.304
2132,15.355
2133,15.986
2134,16.295
2135,16.247
2136,15.822
2137,14.976
2138,13.148
2139,10.321
2140,9.236
2141,8.738
2142,8.706
2143,8.842
2144,8.68
2145,8.333
2146,7.802
2147,7.106
2148,6.607
2149,6.428
2150,6.214
2151,6.706
2152,9.313
2153,12.588
2154,14.675
2155,15.812
2156,16.586
2157,17.09
2158,17.323
2159,17.167
2160,16.512
2161,15.386
2162,13.275
2163,9.903
2164,8.771
2165,8.283
2166,7.896
2167,7.84
2168,7.781
2169,7.521
2170,7.116
2171,6.733
2172,6.43
2173,6.188
2174,6.011
2175,6.54
2176,7.984
2177,10.056
2178,12.75
2179,14.909
2180,16.257
2181,17.06
2182,17.78
2183,18.046
2184,18.033
2185,18.027
2186,15.775
2187,12.934
2188,10.669
2189,9.709
2190,9.374
2191,9.177
2192,8.934
2193,8.637
2194,8.314
2195,7.993
2196,7.747
2197,7.595
2198,7.604
2199,8.338
2200,10.222
2201,11.912
2202,13.626
2203,15.049
2204,15.958
2205,16.737
2206,17.237
2207,17.912
2208,17.137
2209,15.246
2210,13.033
2211,11.471
2212,10.657
2213,10.157
2214,9.875
2215,9.619
2216,9.357
2217,9.187
2218,9.109
2219,9.018
2220,9.004
2221,8.962
2222,8.925
2223,9.221
2224,9.68
2225,10.336
2226,11.04
2227,11.63
2228,11.986
2229,12.625
2230,12.814
2231,12.413
2232,11.574
2233,10.722
2234,9.78
2235,8.603
2236,7.81
2237,7.331
2238,6.895
2239,6.28
2240,5.561
2241,5.181
2242,4.796
2243,4.621
2244,4.555
2245,4.366
2246,4.198
2247,5.164
2248,7.283
2249,9.227
2250,11.936
2251,13.715
2252,14.837
2253,15.598
2254,16.039
2255,15.822
2256,14.901
2257,14.067
2258,12.234
2259,10.438
2260,9.671
2261,9.122
2262,8.801
2263,8.707
2264,8.694
2265,8.655
2266,8.311
2267,7.883
2268,7.542
2269,7.421
2270,7.391
2271,8.044
2272,8.948
2273,9.923
2274,11.243
2275,12.072
2276,12.07
2277,11.757
2278,11.06
2279,10.511
2280,10.257
2281,10.036
2282,9.234
2283,7.807
2284,7.007
2285,6.756
2286,6.415
2287,5.989
2288,5.64
2289,5.529
2290,5.512
2291,5.538
2292,5.664
2293,5.732
2294,5.754
2295,6.007
2296,6.267
2297,6.599
2298,7.423
2299,8.661
2300,9.827
2301,10.148
2302,10.329
2303,10.413
2304,9.947
2305,9.342
2306,8.83
2307,7.758
2308,7.189
2309,6.811
2310,6.416
2311,6.026
2312,5.695
2313,5.107
2314,4.804
2315,4.608
2316,4.512
2317,4.553
2318,4.8
2319,5.52
2320,6.593
2321,8.584
2322,9.452
2323,10.388
2324,11.099
2325,11.671
2326,12.046
2327,12.202
2328,11.902
2329,11.287
2330,10.351
2331,8.487
2332,7.515
2333,6.902
2334,6.49
2335,6.199
2336,6.158
2337,6.408
2338,6.355
2339,5.888
2340,5.393
2341,5.375
2342,5.26
2343,6.253
2344,7.346
2345,7.889
2346,8.516
2347,9.337
2348,10.254
2349,11.052
2350,11.858
2351,12.261
2352,11.995
2353,11.911
2354,11.4
2355,9.54
2356,8.689
2357,8.48
2358,7.827
2359,7.429
2360,7.371
2361,7.112
2362,6.605
2363,6.118
2364,5.783
2365,5.489
2366,5.31
2367,6.189
2368,7.113
2369,8.085
2370,9.276
2371,10.735
2372,11.86
2373,12.347
2374,12.582
2375,12.602
2376,12.365
2377,11.716
2378,10.505
2379,8.249
2380,6.772
2381,6.076
2382,5.642
2383,5.205
2384,4.815
2385,4.438
2386,4.159
2387,4.07
2388,4.03
2389,4.556
2390,4.76
2391,5.054
2392,5.511
2393,5.839
2394,6.193
2395,6.637
2396,7.131
2397,7.462
2398,7.717
2399,7.908
2400,8.129
2401,8.355
2402,8.13
2403,7.476
2404,6.859
2405,6.751
2406,6.632
2407,6.455
2408,6.199
2409,5.876
2410,5.671
2411,5.387
2412,5.084
2413,5.131
2414,5.207
2415,5.55
2416,5.99
2417,6.599
2418,7.243
2419,8.046
2420,8.882
2421,9.826
2422,10.982
2423,11.468
2424,11.032
2425,10.102
2426,9.397
2427,8.466
2428,7.817
2429,7.571
2430,7.292
2431,7.174
2432,7.139
2433,7.048
2434,6.786
2435,6.654
2436,6.331
2437,5.985
2438,6.015
2439,6.66
2440,7.19
2441,7.585
2442,8.117
2443,8.755
2444,9.659
2445,10.742
2446,11.953
2447,12.587
2448,12.504
2449,11.889
2450,10.798
2451,9.447
2452,8.621
2453,7.903
2454,7.226
2455,6.96
2456,6.685
2457,6.413
2458,6.189
2459,6.154
2460,6.086
2461,5.991
2462,5.829
2463,5.682
2464,5.637
2465,5.959
2466,6.289
2467,6.222
2468,6.744
2469,7.189
2470,7.369
2471,7.72
2472,8.38
2473,8.665
2474,8.217
2475,6.778
2476,5.591
2477,5.004
2478,4.613
2479,4.319
2480,4.121
2481,3.885
2482,3.764
2483,3.721
2484,3.719
2485,3.66
2486,3.691
2487,4.161
2488,4.725
2489,5.475
2490,6.339
2491,7.086
2492,7.207
2493,6.958
2494,6.795
2495,6.717
2496,6.511
2497,6.198
2498,5.727
2499,5.019
2500,4.435
2501,4.25
2502,4.015
2503,3.783
2504,3.625
2505,3.559
2506,3.503
2507,3.433
2508,3.413
2509,3.388
2510,3.262
2511,4.196
2512,5.544
2513,6.852
2514,8.505
2515,10.293
2516,11.584
2517,12.047
2518,12.321
2519,12.496
2520,12.292
2521,11.647
2522,10.187
2523,8.356
2524,7.354
2525,6.897
2526,6.55
2527,6.219
2528,5.918
2529,5.731
2530,5.665
2531,5.553
2532,5.02
2533,4.167
2534,3.091
2535,5.387
2536,7.39
2537,8.494
2538,9.231
2539,10.29
2540,11.04
2541,11.265
2542,11.306
2543,11.287
2544,10.909
2545,10.184
2546,9.302
2547,8.363
2548,7.908
2549,7.885
2550,7.713
2551,7.395
2552,7.169
2553,7.068
2554,7.054
2555,7.117
2556,7.205
2557,7.092
2558,7.1
2559,7.552
2560,8.139
2561,8.866
2562,9.645
2563,10.304
2564,10.778
2565,11.37
2566,11.923
2567,12.557
2568,12.885
2569,12.719
2570,12.31
2571,10.379
2572,9.221
2573,9.181
2574,8.98
2575,8.805
2576,8.93
2577,9.013
2578,8.806
2579,8.532
2580,8.439
2581,8.307
2582,8.299
2583,9.422
2584,11.021
2585,12.712
2586,13.731
2587,14.446
2588,15.225
2589,15.542
2590,15.882
2591,16.036
2592,15.557
2593,14.827
2594,13.977
2595,12.913
2596,11.994
2597,11.687
2598,11.418
2599,11.151
2600,10.79
2601,10.483
2602,10.358
2603,10.256
2604,10.103
2605,9.949
2606,9.924
2607,10.321
2608,10.705
2609,11.129
2610,11.551
2611,11.743
2612,11.974
2613,12.226
2614,12.461
2615,12.368
2616,12.344
2617,11.862
2618,11.309
2619,10.5
2620,9.636
2621,9.219
2622,8.683
2623,8.05
2624,7.375
2625,7.15
2626,6.914
2627,6.577
2628,6.102
2629,5.765
2630,5.893
2631,7.056
2632,7.925
2633,9.181
2634,10.783
2635,12.18
2636,13.109
2637,13.667
2638,13.946
2639,13.988
2640,13.875
2641,13.438
2642,12.535
2643,10.606
2644,9.336
2645,8.954
2646,8.223
2647,7.424
2648,6.667
2649,6.024
2650,5.624
2651,5.256
2652,4.686
2653,4.338
2654,4.685
2655,6.69
2656,7.802
2657,9.04
2658,10.511
2659,12.17
2660,13.506
2661,14.419
2662,14.705
2663,14.265
2664,13.722
2665,12.862
2666,11.63
2667,10.102
2668,8.397
2669,7.729
2670,7.159
2671,6.34
2672,5.751
2673,5.368
2674,4.916
2675,4.926
2676,5.296
2677,5.511
2678,6.094
2679,6.606
2680,7.652
2681,9.612
2682,9.875
2683,10.315
2684,10.786
2685,11.214
2686,11.785
2687,11.73
2688,10.993
2689,10.487
2690,10.176
2691,9.857
2692,9.557
2693,9.517
2694,9.515
2695,9.497
2696,9.446
2697,9.397
2698,9.388
2699,9.391
2700,9.224
2701,8.987
2702,8.909
2703,9.483
2704,10.101
2705,10.771
2706,11.686
2707,12.724
2708,13.346
2709,13.683
2710,13.796
2711,13.609
2712,13.162
2713,12.515
2714,11.595
2715,10.462
2716,9.5
2717,9.005
2718,8.44
2719,7.882
2720,7.274
2721,6.917
2722,6.629
2723,6.445
2724,6.147
2725,5.968
2726,5.856
2727,7.073
2728,8.006
2729,9.056
2730,10.241
2731,11.593
2732,12.729
2733,13.57
2734,14.058
2735,14.221
2736,13.971
2737,13.258
2738,11.872
2739,9.551
2740,7.057
2741,6.094
2742,5.513
2743,5.036
2744,4.56
2745,4.117
2746,4.004
2747,3.967
2748,3.732
2749,3.577
2750,3.904
2751,6.192
2752,7.84
2753,9.772
2754,11.719
2755,12.995
2756,14.07
2757,15.187
2758,16.0
2759,16.363
2760,15.849
2761,14.708
2762,13.046
2763,10.776
2764,8.983
2765,8.7
2766,8.61
2767,8.338
2768,8.031
2769,7.842
2770,7.828
2771,7.851
2772,7.364
2773,6.49
2774,6.157
2775,8.261
2776,10.56
2777,11.863
2778,12.916
2779,13.841
2780,14.564
2781,15.049
2782,15.37
2783,15.469
2784,15.156
2785,14.32
2786,13.333
2787,11.379
2788,9.819
2789,8.764
2790,7.663
2791,6.523
2792,5.574
2793,5.18
2794,4.881
2795,4.53
2796,4.473
2797,4.482
2798,4.418
2799,5.492
2800,6.406
2801,7.626
2802,8.833
2803,9.858
2804,10.584
2805,10.711
2806,10.7
2807,10.367
2808,10.184
2809,9.97
2810,9.41
2811,7.778
2812,5.894
2813,5.476
2814,4.892
2815,4.446
2816,4.158
2817,3.758
2818,3.255
2819,2.93
2820,2.834
2821,2.688
2822,3.093
2823,5.502
2824,7.744
2825,9.535
2826,10.962
2827,12.095
2828,12.82
2829,13.207
2830,13.355
2831,13.301
2832,12.99
2833,12.382
2834,11.434
2835,9.243
2836,6.657
2837,6.095
2838,5.842
2839,5.622
2840,5.43
2841,5.289
2842,5.097
2843,4.859
2844,4.641
2845,4.327
2846,4.641
2847,7.581
2848,10.124
2849,11.77
2850,13.156
2851,14.183
2852,14.88
2853,15.207
2854,15.221
2855,14.97
2856,14.448
2857,13.745
2858,12.746
2859,10.595
2860,8.304
2861,7.791
2862,7.42
2863,7.015
2864,6.593
2865,6.162
2866,5.661
2867,5.108
2868,4.532
2869,4.037
2870,4.355
2871,7.093
2872,9.893
2873,12.017
2874,13.655
2875,14.84
2876,15.575
2877,15.955
2878,16.085
2879,15.947
2880,15.48
2881,14.825
2882,14.168
2883,12.223
2884,11.178
2885,10.942
2886,10.225
2887,9.105
2888,8.09
2889,7.127
2890,6.276
2891,5.735
2892,5.286
2893,4.473
2894,4.572
2895,7.062
2896,8.88
2897,10.486
2898,11.875
2899,13.117
2900,14.116
2901,14.764
2902,15.153
2903,15.174
2904,14.821
2905,14.077
2906,12.951
2907,11.037
2908,8.935
2909,8.022
2910,7.22
2911,6.602
2912,6.409
2913,6.32
2914,6.186
2915,6.056
2916,5.853
2917,5.63
2918,5.845
2919,6.694
2920,7.918
2921,9.135
2922,10.211
2923,11.063
2924,11.812
2925,12.348
2926,13.031
2927,13.285
2928,13.281
2929,12.751
2930,11.876
2931,10.626
2932,9.093
2933,8.387
2934,7.726
2935,7.278
2936,7.151
2937,6.944
2938,6.661
2939,6.465
2940,6.268
2941,6.053
2942,6.349
2943,7.425
2944,8.416
2945,9.481
2946,10.796
2947,12.219
2948,13.412
2949,14.425
2950,15.102
2951,15.493
2952,15.404
2953,14.833
2954,13.773
2955,11.858
2956,9.291
2957,8.467
2958,7.86
2959,7.259
2960,7.081
2961,6.953
2962,6.615
2963,6.225
2964,5.976
2965,5.828
2966,6.479
2967,8.795
2968,10.821
2969,12.611
2970,14.122
2971,15.419
2972,16.42
2973,17.15
2974,17.625
2975,17.741
2976,17.453
2977,16.751
2978,15.634
2979,13.65
2980,11.262
2981,10.915
2982,10.863
2983,10.83
2984,10.839
2985,10.789
2986,10.552
2987,9.925
2988,9.238
2989,8.543
2990,8.535
2991,10.395
2992,12.52
2993,14.095
2994,15.644
2995,16.835
2996,17.632
2997,18.079
2998,18.291
2999,18.287
3000,17.961
3001,17.277
3002,16.189
3003,14.238
3004,11.854
3005,11.32
3006,11.117
3007,10.853
3008,10.489
3009,10.0
3010,9.452
3011,8.891
3012,8.404
3013,8.126
3014,8.844
3015,11.593
3016,14.065
3017,16.408
3018,17.865
3019,18.875
3020,19.771
3021,20.42
3022,20.897
3023,20.971
3024,20.251
3025,19.291
3026,18.1
3027,15.995
3028,13.447
3029,12.992
3030,12.551
3031,12.145
3032,11.701
3033,11.302
3034,10.931
3035,10.397
3036,9.842
3037,9.429
3038,9.932
3039,12.186
3040,14.024
3041,15.541
3042,16.983
3043,18.223
3044,19.158
3045,19.792
3046,20.172
3047,20.246
3048,19.926
3049,19.129
3050,18.199
3051,16.342
3052,14.433
3053,13.928
3054,13.851
3055,13.785
3056,13.533
3057,12.986
3058,12.046
3059,11.048
3060,10.388
3061,10.216
3062,10.37
3063,11.567
3064,13.758
3065,15.761
3066,17.303
3067,18.532
3068,19.396
3069,19.902
3070,20.278
3071,20.43
3072,20.143
3073,19.429
3074,18.292
3075,16.352
3076,13.599
3077,13.098
3078,12.964
3079,12.573
3080,12.24
3081,11.79
3082,11.283
3083,10.701
3084,10.14
3085,9.843
3086,10.603
3087,13.352
3088,15.661
3089,18.22
3090,20.521
3091,22.239
3092,23.275
3093,23.719
3094,23.758
3095,23.522
3096,22.929
3097,21.896
3098,20.513
3099,18.158
3100,15.576
3101,15.18
3102,14.954
3103,14.789
3104,14.624
3105,14.388
3106,13.887
3107,13.35
3108,12.927
3109,12.52
3110,12.907
3111,15.34
3112,18.99
3113,22.534
3114,23.458
3115,23.638
3116,24.113
3117,24.49
3118,24.818
3119,24.928
3120,24.667
3121,26.258
3122,26.134
3123,23.468
3124,22.267
3125,21.397
3126,20.168
3127,18.587
3128,17.346
3129,16.541
3130,15.702
3131,14.793
3132,14.193
3133,13.864
3134,14.209
3135,16.65
3136,19.144
3137,20.81
3138,22.438
3139,23.718
3140,24.437
3141,24.813
3142,24.832
3143,24.501
3144,23.773
3145,22.694
3146,21.459
3147,19.063
3148,16.089
3149,14.594
3150,13.438
3151,12.486
3152,11.841
3153,11.32
3154,10.754
3155,10.182
3156,9.654
3157,9.519
3158,9.75
3159,10.596
3160,11.593
3161,12.643
3162,13.813
3163,15.031
3164,16.349
3165,17.695
3166,18.645
3167,18.796
3168,18.051
3169,16.737
3170,15.61
3171,14.394
3172,12.618
3173,11.689
3174,10.721
3175,9.983
3176,9.464
3177,8.997
3178,8.639
3179,8.246
3180,8.016
3181,7.659
3182,8.117
3183,9.099
3184,10.062
3185,11.397
3186,12.976
3187,14.112
3188,14.136
3189,13.581
3190,13.46
3191,14.55
3192,15.729
3193,15.867
3194,15.487
3195,14.539
3196,13.137
3197,12.623
3198,11.917
3199,11.014
3200,10.269
3201,10.106
3202,9.835
3203,9.447
3204,9.651
3205,9.49
3206,9.419
3207,9.917
3208,10.389
3209,10.706
3210,11.063
3211,11.615
3212,12.471
3213,13.246
3214,13.455
3215,13.318
3216,13.627
3217,13.749
3218,13.437
3219,12.563
3220,10.582
3221,9.637
3222,9.204
3223,8.71
3224,8.456
3225,8.341
3226,8.507
3227,8.581
3228,7.741
3229,6.418
3230,7.944
3231,9.999
3232,11.105
3233,12.904
3234,15.268
3235,17.296
3236,18.852
3237,19.731
3238,19.813
3239,19.315
3240,17.833
3241,16.599
3242,15.406
3243,14.484
3244,13.919
3245,13.29
3246,12.685
3247,12.649
3248,12.406
3249,11.352
3250,10.579
3251,9.998
3252,10.101
3253,10.205
3254,10.882
3255,12.226
3256,13.05
3257,14.703
3258,15.761
3259,16.026
3260,16.697
3261,17.303
3262,17.161
3263,16.802
3264,16.66
3265,16.162
3266,15.305
3267,14.237
3268,13.249
3269,12.562
3270,12.002
3271,11.419
3272,10.803
3273,10.313
3274,9.975
3275,9.72
3276,9.492
3277,9.285
3278,9.261
3279,9.663
3280,10.185
3281,10.933
3282,12.216
3283,13.612
3284,14.739
3285,15.468
3286,15.954
3287,15.898
3288,15.084
3289,14.35
3290,13.576
3291,12.395
3292,10.461
3293,9.576
3294,9.216
3295,8.862
3296,8.507
3297,8.242
3298,8.114
3299,7.945
3300,7.478
3301,7.074
3302,8.213
3303,10.368
3304,13.145
3305,14.774
3306,16.044
3307,17.423
3308,18.588
3309,19.409
3310,19.856
3311,19.542
3312,18.571
3313,17.667
3314,16.354
3315,14.757
3316,13.444
3317,12.885
3318,12.649
3319,12.446
3320,12.572
3321,12.91
3322,12.803
3323,12.205
3324,11.225
3325,10.238
3326,10.366
3327,11.143
3328,12.092
3329,13.75
3330,15.793
3331,16.829
3332,18.584
3333,18.882
3334,19.177
3335,19.166
3336,18.793
3337,18.025
3338,17.556
3339,16.269
3340,14.78
3341,13.708
3342,13.086
3343,12.508
3344,11.921
3345,11.564
3346,11.404
3347,11.197
3348,11.014
3349,10.837
3350,10.785
3351,11.034
3352,11.402
3353,11.609
3354,12.019
3355,12.721
3356,13.34
3357,13.41
3358,13.126
3359,12.819
3360,12.45
3361,12.026
3362,11.613
3363,11.021
3364,10.153
3365,9.427
3366,9.086
3367,8.824
3368,8.493
3369,8.236
3370,8.183
3371,8.12
3372,8.093
3373,8.203
3374,8.803
3375,9.932
3376,11.421
3377,12.733
3378,13.822
3379,14.537
3380,15.306
3381,15.797
3382,16.097
3383,16.096
3384,15.493
3385,14.581
3386,13.783
3387,12.931
3388,12.134
3389,11.632
3390,11.13
3391,10.834
3392,10.708
3393,10.582
3394,10.343
3395,9.943
3396,9.495
3397,9.068
3398,10.04
3399,12.73
3400,15.017
3401,16.389
3402,17.726
3403,18.851
3404,19.707
3405,20.212
3406,20.416
3407,20.438
3408,20.253
3409,19.876
3410,19.568
3411,18.504
3412,17.231
3413,17.114
3414,16.686
3415,15.752
3416,15.31
3417,14.848
3418,13.688
3419,12.25
3420,11.36
3421,10.857
3422,11.696
3423,14.029
3424,16.872
3425,18.272
3426,19.585
3427,20.814
3428,21.694
3429,22.177
3430,22.466
3431,22.561
3432,22.383
3433,21.912
3434,21.964
3435,20.822
3436,18.268
3437,16.012
3438,14.466
3439,13.365
3440,12.446
3441,11.857
3442,11.249
3443,11.062
3444,10.755
3445,10.303
3446,10.191
3447,10.475
3448,11.019
3449,11.711
3450,12.286
3451,12.464
3452,12.734
3453,13.142
3454,13.357
3455,13.409
3456,13.184
3457,12.878
3458,12.543
3459,12.065
3460,11.364
3461,10.831
3462,10.454
3463,10.073
3464,9.818
3465,9.604
3466,9.634
3467,9.584
3468,9.514
3469,9.374
3470,9.523
3471,9.93
3472,10.389
3473,10.581
3474,10.719
3475,10.981
3476,11.35
3477,11.577
3478,11.632
3479,11.543
3480,11.42
3481,11.324
3482,11.284
3483,11.002
3484,9.502
3485,8.531
3486,8.394
3487,8.204
3488,8.004
3489,7.861
3490,7.682
3491,7.574
3492,7.627
3493,7.776
3494,9.089
3495,10.812
3496,12.111
3497,12.675
3498,12.919
3499,13.46
3500,14.948
3501,17.425
3502,19.227
3503,20.016
3504,20.199
3505,20.166
3506,19.468
3507,17.714
3508,15.543
3509,14.57
3510,14.034
3511,13.63
3512,13.276
3513,12.904
3514,12.488
3515,12.053
3516,11.674
3517,11.505
3518,12.683
3519,15.442
3520,18.816
3521,20.016
3522,20.58
3523,21.61
3524,22.385
3525,22.788
3526,23.031
3527,23.051
3528,22.862
3529,22.391
3530,22.374
3531,20.701
3532,17.625
3533,15.197
3534,14.191
3535,13.241
3536,12.245
3537,11.52
3538,11.081
3539,10.82
3540,10.542
3541,10.323
3542,10.874
3543,11.945
3544,13.147
3545,14.398
3546,15.81
3547,17.35
3548,18.693
3549,19.754
3550,20.375
3551,20.566
3552,20.329
3553,19.659
3554,18.553
3555,16.903
3556,14.895
3557,13.555
3558,12.816
3559,12.205
3560,11.901
3561,11.641
3562,11.23
3563,10.864
3564,10.565
3565,10.536
3566,10.974
3567,11.554
3568,12.222
3569,12.977
3570,13.899
3571,15.066
3572,16.336
3573,17.459
3574,18.581
3575,19.193
3576,19.237
3577,18.825
3578,18.103
3579,17.0
3580,15.127
3581,14.092
3582,13.806
3583,13.651
3584,13.389
3585,13.113
3586,12.671
3587,12.081
3588,11.697
3589,11.584
3590,12.39
3591,13.619
3592,15.151
3593,16.522
3594,17.946
3595,19.243
3596,20.373
3597,21.192
3598,21.835
3599,22.08
3600,21.982
3601,21.554
3602,20.754
3603,19.635
3604,17.697
3605,16.896
3606,16.528
3607,16.044
3608,15.397
3609,14.752
3610,13.902
3611,12.66
3612,11.574
3613,11.004
3614,12.625
3615,14.273
3616,16.196
3617,17.905
3618,19.453
3619,20.892
3620,22.097
3621,22.836
3622,23.372
3623,23.575
3624,23.358
3625,22.719
3626,21.908
3627,20.609
3628,18.475
3629,17.49
3630,16.859
3631,16.079
3632,15.375
3633,14.657
3634,13.647
3635,12.15
3636,11.127
3637,10.76
3638,12.43
3639,14.048
3640,15.796
3641,17.325
3642,18.781
3643,20.174
3644,21.362
3645,22.186
3646,22.761
3647,22.921
3648,22.685
3649,22.016
3650,20.92
3651,19.58
3652,17.118
3653,15.815
3654,15.411
3655,14.902
3656,14.16
3657,13.335
3658,12.494
3659,11.835
3660,11.429
3661,11.234
3662,12.526
3663,14.372
3664,16.331
3665,17.993
3666,19.36
3667,20.593
3668,21.573
3669,22.218
3670,22.542
3671,22.511
3672,22.195
3673,21.459
3674,19.811
3675,17.819
3676,15.729
3677,13.73
3678,12.655
3679,11.931
3680,11.454
3681,11.119
3682,10.738
3683,10.238
3684,9.757
3685,9.49
3686,10.462
3687,11.465
3688,12.348
3689,12.957
3690,13.711
3691,14.781
3692,15.575
3693,16.263
3694,16.643
3695,17.122
3696,17.283
3697,16.921
3698,16.29
3699,15.498
3700,13.727
3701,12.7
3702,12.218
3703,11.595
3704,11.052
3705,10.725
3706,10.405
3707,9.852
3708,9.239
3709,8.758
3710,9.857
3711,11.151
3712,12.576
3713,13.891
3714,15.181
3715,16.476
3716,17.62
3717,18.424
3718,18.977
3719,19.079
3720,18.598
3721,18.31
3722,17.607
3723,16.376
3724,13.904
3725,12.4
3726,11.61
3727,10.826
3728,10.3
3729,10.135
3730,10.036
3731,9.558
3732,9.437
3733,9.444
3734,10.505
3735,11.768
3736,13.142
3737,14.21
3738,14.662
3739,14.642
3740,14.632
3741,14.908
3742,15.26
3743,15.806
3744,16.019
3745,15.675
3746,15.324
3747,14.547
3748,12.504
3749,10.571
3750,9.841
3751,9.267
3752,9.061
3753,8.688
3754,8.342
3755,7.919
3756,7.654
3757,7.583
3758,8.388
3759,9.429
3760,10.588
3761,11.816
3762,13.102
3763,13.984
3764,14.623
3765,14.907
3766,14.83
3767,14.572
3768,14.187
3769,13.781
3770,13.174
3771,12.198
3772,10.842
3773,9.739
3774,9.092
3775,8.503
3776,8.145
3777,7.946
3778,7.755
3779,7.449
3780,7.164
3781,7.047
3782,8.021
3783,9.124
3784,10.349
3785,11.626
3786,12.487
3787,12.973
3788,13.141
3789,12.922
3790,12.622
3791,12.369
3792,12.028
3793,11.467
3794,10.971
3795,10.491
3796,9.66
3797,8.692
3798,8.288
3799,8.061
3800,7.847
3801,7.637
3802,7.526
3803,7.426
3804,7.254
3805,7.151
3806,8.435
3807,9.699
3808,10.877
3809,12.173
3810,13.176
3811,14.35
3812,15.261
3813,16.054
3814,16.695
3815,16.844
3816,16.704
3817,16.376
3818,15.765
3819,14.849
3820,12.939
3821,11.505
3822,10.947
3823,10.33
3824,9.772
3825,9.249
3826,8.636
3827,8.259
3828,8.089
3829,7.947
3830,9.793
3831,11.962
3832,13.998
3833,15.795
3834,17.125
3835,18.066
3836,18.138
3837,17.766
3838,17.623
3839,17.97
3840,18.064
3841,17.75
3842,17.326
3843,16.51
3844,14.123
3845,12.594
3846,12.09
3847,11.689
3848,11.425
3849,11.252
3850,10.994
3851,10.671
3852,10.413
3853,10.308
3854,11.744
3855,14.048
3856,15.964
3857,17.533
3858,18.942
3859,20.084
3860,20.963
3861,21.569
3862,21.924
3863,21.967
3864,21.673
3865,21.052
3866,20.156
3867,18.939
3868,16.705
3869,15.175
3870,14.702
3871,14.315
3872,14.019
3873,13.899
3874,13.486
3875,12.788
3876,12.297
3877,12.138
3878,13.949
3879,16.136
3880,18.075
3881,19.89
3882,21.648
3883,23.22
3884,24.4
3885,25.151
3886,25.568
3887,25.674
3888,25.212
3889,24.844
3890,23.86
3891,22.167
3892,19.696
3893,17.85
3894,17.124
3895,16.806
3896,16.751
3897,16.548
3898,16.081
3899,15.647
3900,15.179
3901,15.051
3902,16.333
3903,18.27
3904,19.888
3905,21.723
3906,23.773
3907,25.614
3908,27.13
3909,28.868
3910,29.544
3911,29.826
3912,29.955
3913,31.971
3914,30.406
3915,27.097
3916,24.884
3917,23.617
3918,22.53
3919,21.957
3920,21.738
3921,21.303
3922,19.948
3923,18.054
3924,16.486
3925,15.722
3926,16.551
3927,17.84
3928,19.212
3929,20.255
3930,21.264
3931,22.414
3932,23.416
3933,24.066
3934,24.447
3935,24.332
3936,23.675
3937,22.629
3938,21.259
3939,19.426
3940,17.199
3941,15.339
3942,14.177
3943,13.316
3944,12.52
3945,11.91
3946,11.621
3947,11.509
3948,11.39
3949,11.337
3950,11.548
3951,12.084
3952,12.867
3953,13.681
3954,14.597
3955,15.523
3956,16.363
3957,17.123
3958,17.927
3959,18.49
3960,18.655
3961,18.389
3962,17.782
3963,16.92
3964,15.683
3965,14.733
3966,14.241
3967,13.725
3968,13.066
3969,12.495
3970,11.959
3971,11.586
3972,11.505
3973,11.46
3974,12.18
3975,13.469
3976,14.809
3977,15.814
3978,16.943
3979,18.123
3980,19.376
3981,20.598
3982,21.423
3983,21.86
3984,21.851
3985,21.394
3986,20.511
3987,19.294
3988,17.136
3989,15.623
3990,15.265
3991,14.869
3992,14.369
3993,13.879
3994,13.235
3995,12.287
3996,11.489
3997,11.14
3998,12.535
3999,13.812
4000,14.993
4001,16.302
4002,18.031
4003,19.789
4004,21.164
4005,22.138
4006,22.787
4007,23.024
4008,22.585
4009,21.67
4010,20.665
4011,19.397
4012,17.637
4013,16.215
4014,15.635
4015,15.104
4016,14.663
4017,14.428
4018,13.934
4019,13.135
4020,12.439
4021,12.024
4022,13.417
4023,14.863
4024,16.49
4025,18.069
4026,19.462
4027,20.594
4028,21.462
4029,22.083
4030,22.68
4031,22.87
4032,22.639
4033,22.046
4034,21.013
4035,19.933
4036,18.212
4037,16.857
4038,16.54
4039,16.023
4040,15.345
4041,14.78
4042,14.255
4043,13.958
4044,13.622
4045,13.345
4046,13.507
4047,14.113
4048,14.9
4049,15.819
4050,18.545
4051,17.877
4052,16.921
4053,17.305
4054,17.397
4055,17.404
4056,17.418
4057,16.777
4058,16.131
4059,15.399
4060,14.504
4061,13.608
4062,12.886
4063,12.044
4064,11.248
4065,10.639
4066,10.094
4067,9.591
4068,9.133
4069,8.874
4070,9.976
4071,11.086
4072,12.32
4073,13.441
4074,14.325
4075,14.99
4076,15.51
4077,15.675
4078,15.839
4079,15.631
4080,15.666
4081,15.352
4082,14.838
4083,13.935
4084,12.376
4085,11.047
4086,10.332
4087,10.031
4088,9.588
4089,9.161
4090,8.892
4091,8.764
4092,8.645
4093,8.674
4094,9.556
4095,11.03
4096,12.288
4097,13.369
4098,14.025
4099,15.366
4100,16.437
4101,17.205
4102,17.489
4103,17.551
4104,17.421
4105,17.026
4106,16.22
4107,14.905
4108,13.288
4109,12.406
4110,11.77
4111,11.095
4112,10.576
4113,10.249
4114,9.898
4115,9.582
4116,9.14
4117,9.257
4118,10.212
4119,11.137
4120,12.357
4121,13.484
4122,14.424
4123,15.433
4124,16.536
4125,17.413
4126,18.158
4127,18.55
4128,18.735
4129,18.577
4130,18.107
4131,17.391
4132,15.482
4133,13.554
4134,12.808
4135,12.329
4136,11.848
4137,11.492
4138,11.268
4139,11.08
4140,10.945
4141,10.889
4142,11.336
4143,11.938
4144,12.532
4145,13.182
4146,13.896
4147,14.602
4148,15.568
4149,16.576
4150,17.338
4151,17.756
4152,17.761
4153,17.405
4154,16.647
4155,15.622
4156,14.41
4157,13.456
4158,12.928
4159,12.457
4160,12.058
4161,11.75
4162,11.474
4163,11.109
4164,10.732
4165,10.516
4166,11.072
4167,11.732
4168,12.54
4169,13.424
4170,14.428
4171,15.248
4172,15.735
4173,15.806
4174,15.789
4175,15.895
4176,15.771
4177,15.335
4178,14.705
4179,13.992
4180,13.049
4181,12.131
4182,11.683
4183,11.222
4184,10.768
4185,10.391
4186,10.141
4187,9.969
4188,9.822
4189,9.788
4190,10.314
4191,11.702
4192,13.033
4193,13.702
4194,14.092
4195,15.12
4196,16.321
4197,16.79
4198,17.257
4199,17.67
4200,17.834
4201,17.645
4202,17.574
4203,16.708
4204,14.918
4205,13.871
4206,13.428
4207,12.903
4208,12.237
4209,11.421
4210,10.443
4211,9.539
4212,8.799
4213,8.507
4214,10.388
4215,12.663
4216,15.001
4217,16.885
4218,18.089
4219,19.059
4220,19.696
4221,20.052
4222,20.205
4223,20.087
4224,19.775
4225,19.352
4226,18.844
4227,17.912
4228,15.841
4229,14.703
4230,14.283
4231,13.652
4232,12.971
4233,12.401
4234,11.893
4235,11.459
4236,11.116
4237,11.014
4238,12.169
4239,13.521
4240,14.776
4241,16.305
4242,18.033
4243,19.169
4244,19.853
4245,20.169
4246,19.879
4247,19.318
4248,19.936
4249,20.951
4250,19.301
4251,17.094
4252,15.708
4253,15.511
4254,14.608
4255,13.547
4256,13.299
4257,12.925
4258,12.544
4259,12.149
4260,11.836
4261,11.608
4262,11.658
4263,11.989
4264,12.643
4265,13.866
4266,15.502
4267,16.881
4268,17.778
4269,18.185
4270,18.17
4271,17.916
4272,17.578
4273,17.029
4274,16.352
4275,15.378
4276,13.909
4277,12.634
4278,12.305
4279,11.917
4280,11.553
4281,11.18
4282,10.842
4283,10.58
4284,10.313
4285,10.245
4286,11.341
4287,12.373
4288,13.478
4289,14.769
4290,16.292
4291,17.486
4292,18.209
4293,18.626
4294,18.91
4295,19.005
4296,18.886
4297,18.175
4298,17.6
4299,16.692
4300,15.472
4301,14.527
4302,14.007
4303,13.648
4304,13.27
4305,12.91
4306,12.501
4307,12.052
4308,11.609
4309,11.411
4310,12.553
4311,14.38
4312,15.83
4313,16.796
4314,17.795
4315,18.793
4316,19.929
4317,20.754
4318,20.759
4319,21.032
4320,20.902
4321,20.43
4322,19.805
4323,18.728
4324,16.185
4325,14.401
4326,13.723
4327,13.262
4328,12.898
4329,12.539
4330,12.198
4331,11.797
4332,11.366
4333,11.12
4334,12.782
4335,15.303
4336,17.685
4337,19.315
4338,20.181
4339,21.003
4340,21.882
4341,22.496
4342,22.896
4343,23.04
4344,22.875
4345,22.438
4346,21.954
4347,20.932
4348,17.937
4349,16.224
4350,15.485
4351,14.957
4352,14.58
4353,14.234
4354,13.977
4355,13.523
4356,13.066
4357,12.776
4358,14.318
4359,16.523
4360,18.946
4361,20.389
4362,21.548
4363,22.56
4364,23.388
4365,23.958
4366,24.234
4367,24.222
4368,23.893
4369,23.62
4370,23.274
4371,20.987
4372,18.994
4373,17.023
4374,15.699
4375,14.613
4376,13.924
4377,13.46
4378,13.24
4379,13.031
4380,12.837
4381,12.677
4382,12.883
4383,13.324
4384,13.859
4385,14.365
4386,15.149
4387,15.536
4388,15.759
4389,15.859
4390,15.786
4391,15.547
4392,15.273
4393,15.01
4394,14.838
4395,14.671
4396,14.179
4397,13.773
4398,13.539
4399,13.268
4400,12.926
4401,12.604
4402,12.367
4403,12.118
4404,11.846
4405,11.696
4406,12.621
4407,14.017
4408,14.8
4409,16.086
4410,17.136
4411,18.38
4412,19.148
4413,19.736
4414,20.07
4415,20.142
4416,20.05
4417,19.676
4418,18.916
4419,18.043
4420,16.636
4421,15.469
4422,14.877
4423,14.418
4424,14.194
4425,14.113
4426,13.859
4427,13.483
4428,13.154
4429,12.939
4430,13.316
4431,13.882
4432,14.698
4433,15.873
4434,17.163
4435,18.358
4436,19.383
4437,20.035
4438,20.557
4439,20.818
4440,20.731
4441,20.388
4442,19.702
4443,18.672
4444,16.855
4445,15.714
4446,15.371
4447,15.076
4448,14.7
4449,14.238
4450,13.804
4451,13.425
4452,13.187
4453,13.065
4454,13.412
4455,13.831
4456,14.406
4457,15.116
4458,15.945
4459,16.668
4460,17.001
4461,17.06
4462,16.937
4463,16.894
4464,17.024
4465,17.229
4466,16.811
4467,16.051
4468,14.918
4469,14.201
4470,13.704
4471,12.887
4472,12.283
4473,11.922
4474,11.664
4475,11.332
4476,10.944
4477,10.77
4478,12.187
4479,13.56
4480,14.969
4481,16.168
4482,17.126
4483,17.653
4484,18.072
4485,18.66
4486,18.982
4487,18.953
4488,18.905
4489,18.546
4490,18.231
4491,17.404
4492,16.116
4493,15.321
4494,14.851
4495,14.52
4496,14.237
4497,13.98
4498,13.464
4499,12.768
4500,12.219
4501,12.013
4502,12.684
4503,13.636
4504,14.684
4505,15.712
4506,16.556
4507,17.177
4508,17.715
4509,18.162
4510,18.345
4511,18.318
4512,18.133
4513,17.692
4514,17.213
4515,16.543
4516,15.341
4517,14.629
4518,14.23
4519,13.809
4520,13.53
4521,13.323
4522,13.05
4523,12.68
4524,12.277
4525,12.072
4526,13.079
4527,14.779
4528,16.464
4529,17.455
4530,18.494
4531,19.716
4532,20.367
4533,20.809
4534,20.378
4535,20.721
4536,20.963
4537,20.709
4538,20.041
4539,19.575
4540,17.566
4541,16.735
4542,16.629
4543,16.421
4544,16.037
4545,15.449
4546,14.842
4547,14.231
4548,13.576
4549,13.095
4550,13.583
4551,15.167
4552,17.668
4553,20.113
4554,21.428
4555,22.272
4556,22.693
4557,22.601
4558,22.511
4559,22.043
4560,21.418
4561,20.531
4562,19.092
4563,17.977
4564,16.963
4565,16.143
4566,15.87
4567,15.71
4568,15.49
4569,15.321
4570,15.14
4571,14.937
4572,14.727
4573,14.556
4574,15.436
4575,16.471
4576,17.583
4577,18.175
4578,18.197
4579,18.16
4580,18.8
4581,19.657
4582,20.323
4583,20.468
4584,20.001
4585,19.358
4586,18.817
4587,18.259
4588,17.087
4589,15.763
4590,15.396
4591,15.111
4592,14.837
4593,14.59
4594,14.32
4595,14.105
4596,13.589
4597,13.41
4598,14.793
4599,16.017
4600,17.124
4601,18.088
4602,18.989
4603,19.792
4604,20.145
4605,20.453
4606,21.025
4607,21.174
4608,21.079
4609,20.916
4610,20.385
4611,19.83
4612,18.396
4613,17.623
4614,17.159
4615,16.787
4616,16.282
4617,15.725
4618,15.086
4619,14.509
4620,14.236
4621,14.2
4622,14.918
4623,15.65
4624,16.419
4625,17.795
4626,19.315
4627,20.626
4628,21.767
4629,22.896
4630,23.585
4631,23.808
4632,23.761
4633,23.302
4634,22.95
4635,21.585
4636,19.469
4637,18.49
4638,17.899
4639,17.324
4640,16.858
4641,16.238
4642,15.567
4643,15.066
4644,14.755
4645,14.551
4646,14.979
4647,15.917
4648,17.272
4649,18.563
4650,19.626
4651,20.413
4652,20.985
4653,21.245
4654,21.421
4655,21.809
4656,21.733
4657,21.281
4658,20.992
4659,19.901
4660,18.244
4661,16.992
4662,16.376
4663,15.775
4664,15.142
4665,14.669
4666,14.281
4667,13.991
4668,13.694
4669,13.412
4670,14.188
4671,15.211
4672,16.408
4673,17.629
4674,18.946
4675,19.938
4676,20.767
4677,21.316
4678,21.788
4679,22.003
4680,21.437
4681,20.74
4682,20.177
4683,19.112
4684,17.262
4685,16.353
4686,15.893
4687,15.622
4688,15.664
4689,15.552
4690,15.349
4691,15.009
4692,14.609
4693,14.547
4694,15.297
4695,17.018
4696,19.827
4697,20.063
4698,19.98
4699,20.289
4700,20.402
4701,20.282
4702,20.261
4703,20.506
4704,20.335
4705,19.944
4706,19.44
4707,18.689
4708,16.968
4709,15.882
4710,15.567
4711,15.399
4712,15.224
4713,15.06
4714,14.79
4715,14.607
4716,14.477
4717,14.306
4718,15.145
4719,16.662
4720,17.958
4721,18.819
4722,19.676
4723,20.712
4724,21.562
4725,21.829
4726,21.705
4727,22.126
4728,22.175
4729,21.824
4730,21.168
4731,20.16
4732,17.839
4733,16.567
4734,16.193
4735,15.923
4736,15.468
4737,14.87
4738,14.417
4739,14.322
4740,14.387
4741,14.298
4742,14.39
4743,14.792
4744,15.442
4745,16.193
4746,17.152
4747,17.816
4748,18.096
4749,18.353
4750,18.55
4751,18.716
4752,18.719
4753,18.584
4754,18.235
4755,17.466
4756,16.28
4757,15.243
4758,14.493
4759,13.855
4760,13.374
4761,12.735
4762,12.297
4763,11.78
4764,11.363
4765,10.992
4766,12.182
4767,13.929
4768,15.879
4769,16.87
4770,17.63
4771,18.522
4772,18.907
4773,19.107
4774,19.233
4775,19.146
4776,18.763
4777,18.531
4778,17.523
4779,16.105
4780,14.683
4781,13.696
4782,13.149
4783,12.792
4784,12.54
4785,12.217
4786,11.732
4787,11.447
4788,11.312
4789,11.227
4790,11.89
4791,13.917
4792,15.109
4793,15.438
4794,16.252
4795,17.377
4796,18.027
4797,18.502
4798,18.978
4799,19.365
4800,19.331
4801,18.973
4802,18.245
4803,16.923
4804,14.212
4805,12.685
4806,12.17
4807,11.816
4808,11.616
4809,11.566
4810,11.264
4811,10.689
4812,10.034
4813,9.757
4814,11.297
4815,13.579
4816,15.699
4817,17.444
4818,18.959
4819,20.279
4820,21.324
4821,22.102
4822,22.698
4823,23.086
4824,23.105
4825,22.705
4826,21.96
4827,20.402
4828,17.476
4829,16.199
4830,15.626
4831,15.125
4832,14.772
4833,14.172
4834,13.468
4835,12.617
4836,11.923
4837,11.846
4838,13.447
4839,15.901
4840,18.033
4841,20.698
4842,23.028
4843,24.865
4844,26.391
4845,27.325
4846,27.904
4847,28.107
4848,28.219
4849,29.713
4850,29.508
4851,26.209
4852,22.321
4853,19.697
4854,18.31
4855,17.578
4856,17.207
4857,16.946
4858,16.595
4859,15.834
4860,14.846
4861,14.022
4862,14.704
4863,16.605
4864,18.234
4865,19.769
4866,21.113
4867,22.256
4868,23.189
4869,23.887
4870,24.428
4871,24.646
4872,24.537
4873,24.143
4874,23.952
4875,22.474
4876,19.627
4877,18.083
4878,17.192
4879,16.747
4880,16.497
4881,16.003
4882,15.174
4883,14.543
4884,14.111
4885,13.691
4886,14.812
4887,16.284
4888,17.553
4889,18.793
4890,19.617
4891,20.417
4892,21.019
4893,21.326
4894,21.023
4895,20.424
4896,19.763
4897,19.264
4898,18.849
4899,17.925
4900,16.446
4901,15.422
4902,14.455
4903,13.546
4904,12.88
4905,12.396
4906,12.067
4907,11.678
4908,11.302
4909,11.233
4910,12.347
4911,13.857
4912,15.323
4913,16.614
4914,17.989
4915,19.215
4916,20.279
4917,21.029
4918,21.59
4919,21.853
4920,21.614
4921,20.972
4922,20.11
4923,18.545
4924,16.137
4925,14.806
4926,14.195
4927,13.749
4928,13.379
4929,13.038
4930,12.607
4931,12.165
4932,11.805
4933,11.661
4934,13.221
4935,15.969
4936,18.347
4937,20.218
4938,21.498
4939,22.503
4940,23.398
4941,24.083
4942,24.547
4943,24.717
4944,24.477
4945,23.843
4946,22.813
4947,20.79
4948,17.625
4949,16.293
4950,15.807
4951,15.551
4952,15.401
4953,15.293
4954,15.041
4955,14.718
4956,14.301
4957,14.198
4958,15.544
4959,18.096
4960,20.574
4961,22.742
4962,24.101
4963,24.916
4964,25.977
4965,26.655
4966,27.047
4967,27.104
4968,26.707
4969,25.924
4970,24.463
4971,22.408
4972,19.599
4973,17.981
4974,17.289
4975,16.831
4976,16.407
4977,15.965
4978,15.68
4979,15.468
4980,15.324
4981,15.101
4982,15.624
4983,16.639
4984,17.728
4985,18.857
4986,19.866
4987,20.65
4988,21.243
4989,21.576
4990,21.81
4991,21.471
4992,21.024
4993,20.482
4994,19.659
4995,18.536
4996,17.057
4997,16.074
4998,15.327
4999,14.313
5000,13.46
5001,13.005
5002,12.586
5003,12.216
5004,11.889
5005,11.66
5006,12.931
5007,14.938
5008,16.853
5009,18.594
5010,20.096
5011,21.358
5012,22.386
5013,23.122
5014,23.611
5015,23.823
5016,23.662
5017,23.125
5018,22.185
5019,20.352
5020,17.482
5021,16.474
5022,16.135
5023,15.931
5024,15.741
5025,15.573
5026,15.218
5027,14.68
5028,14.317
5029,13.853
5030,14.484
5031,16.472
5032,18.357
5033,20.051
5034,21.557
5035,22.84
5036,23.843
5037,24.539
5038,24.952
5039,25.094
5040,24.936
5041,24.462
5042,23.767
5043,22.259
5044,19.519
5045,18.17
5046,16.776
5047,15.249
5048,14.351
5049,13.753
5050,13.272
5051,13.389
5052,13.433
5053,13.261
5054,13.448
5055,14.284
5056,15.445
5057,16.788
5058,18.208
5059,19.726
5060,21.007
5061,21.949
5062,22.642
5063,22.952
5064,22.921
5065,22.49
5066,21.648
5067,20.236
5068,18.452
5069,17.707
5070,17.061
5071,16.442
5072,15.95
5073,15.584
5074,15.193
5075,14.689
5076,14.282
5077,13.952
5078,14.314
5079,16.308
5080,18.67
5081,20.44
5082,21.831
5083,22.937
5084,23.823
5085,24.508
5086,24.944
5087,25.155
5088,24.935
5089,24.956
5090,24.921
5091,23.046
5092,21.082
5093,19.824
5094,18.66
5095,17.536
5096,16.744
5097,16.214
5098,15.785
5099,15.249
5100,14.647
5101,14.068
5102,14.928
5103,16.371
5104,17.673
5105,19.153
5106,20.761
5107,22.327
5108,23.68
5109,24.681
5110,25.432
5111,25.804
5112,25.755
5113,25.277
5114,24.378
5115,22.313
5116,19.755
5117,18.616
5118,17.987
5119,17.67
5120,17.327
5121,17.041
5122,16.596
5123,16.409
5124,16.279
5125,16.035
5126,16.334
5127,17.126
5128,17.913
5129,18.746
5130,19.685
5131,21.0
5132,22.524
5133,23.589
5134,24.041
5135,24.126
5136,23.938
5137,23.343
5138,22.884
5139,21.263
5140,18.933
5141,18.05
5142,17.505
5143,16.699
5144,15.975
5145,15.476
5146,14.969
5147,14.339
5148,13.611
5149,13.004
5150,13.745
5151,15.576
5152,17.632
5153,19.525
5154,20.823
5155,22.036
5156,22.755
5157,23.165
5158,23.562
5159,23.8
5160,23.572
5161,22.899
5162,21.813
5163,19.887
5164,17.273
5165,16.268
5166,15.942
5167,15.633
5168,15.395
5169,15.263
5170,15.029
5171,14.642
5172,14.236
5173,13.885
5174,14.445
5175,16.836
5176,19.464
5177,22.035
5178,24.083
5179,25.692
5180,26.827
5181,27.468
5182,27.542
5183,27.785
5184,27.623
5185,27.162
5186,26.117
5187,23.121
5188,20.184
5189,19.45
5190,19.289
5191,19.126
5192,18.917
5193,18.571
5194,18.071
5195,17.558
5196,17.063
5197,16.596
5198,17.079
5199,19.54
5200,21.939
5201,23.914
5202,25.987
5203,27.218
5204,27.423
5205,28.14
5206,28.685
5207,28.911
5208,28.711
5209,28.095
5210,27.137
5211,24.405
5212,22.105
5213,21.508
5214,21.099
5215,20.369
5216,19.514
5217,18.604
5218,17.48
5219,16.427
5220,15.844
5221,15.581
5222,15.879
5223,17.887
5224,19.287
5225,20.886
5226,22.597
5227,24.175
5228,25.523
5229,26.561
5230,27.358
5231,27.755
5232,27.649
5233,27.13
5234,26.026
5235,23.749
5236,22.328
5237,21.957
5238,20.909
5239,19.593
5240,18.331
5241,17.357
5242,16.351
5243,15.385
5244,14.751
5245,14.302
5246,14.802
5247,16.551
5248,18.213
5249,19.894
5250,21.537
5251,22.997
5252,24.329
5253,25.504
5254,26.358
5255,26.742
5256,26.581
5257,25.893
5258,24.594
5259,22.442
5260,19.637
5261,17.883
5262,16.795
5263,16.041
5264,15.451
5265,14.984
5266,14.798
5267,14.595
5268,14.254
5269,13.839
5270,14.149
5271,15.093
5272,16.094
5273,17.017
5274,18.098
5275,19.502
5276,21.059
5277,22.237
5278,22.874
5279,23.03
5280,22.793
5281,21.978
5282,20.643
5283,18.799
5284,16.58
5285,15.708
5286,15.183
5287,14.981
5288,14.822
5289,14.664
5290,14.511
5291,14.297
5292,14.174
5293,14.268
5294,14.468
5295,15.096
5296,15.839
5297,16.789
5298,18.441
5299,20.138
5300,21.388
5301,22.305
5302,22.811
5303,22.88
5304,22.458
5305,21.656
5306,20.624
5307,19.297
5308,17.888
5309,17.342
5310,16.847
5311,16.298
5312,15.629
5313,15.367
5314,15.293
5315,14.918
5316,14.762
5317,14.757
5318,14.875
5319,15.316
5320,16.06
5321,17.28
5322,19.105
5323,19.983
5324,20.191
5325,20.738
5326,21.473
5327,21.594
5328,21.213
5329,20.555
5330,19.595
5331,18.402
5332,17.06
5333,16.594
5334,16.127
5335,15.596
5336,15.174
5337,14.928
5338,14.767
5339,14.503
5340,14.216
5341,14.067
5342,14.087
5343,14.628
5344,15.483
5345,16.427
5346,17.914
5347,19.004
5348,19.402
5349,19.457
5350,19.761
5351,19.986
5352,19.816
5353,19.436
5354,18.874
5355,17.878
5356,16.219
5357,15.4
5358,14.724
5359,14.266
5360,13.887
5361,13.506
5362,13.137
5363,12.854
5364,12.638
5365,12.513
5366,13.209
5367,15.482
5368,17.683
5369,19.453
5370,20.878
5371,21.981
5372,22.625
5373,23.247
5374,23.624
5375,23.85
5376,23.624
5377,23.227
5378,22.649
5379,20.741
5380,19.076
5381,18.641
5382,18.066
5383,17.306
5384,16.579
5385,16.013
5386,15.403
5387,14.722
5388,14.26
5389,13.908
5390,14.219
5391,16.308
5392,18.774
5393,21.49
5394,23.522
5395,24.842
5396,25.888
5397,26.624
5398,26.933
5399,26.662
5400,26.398
5401,25.832
5402,25.343
5403,23.131
5404,21.595
5405,20.341
5406,19.215
5407,18.355
5408,17.593
5409,17.261
5410,17.037
5411,16.573
5412,15.914
5413,15.394
5414,15.564
5415,16.936
5416,18.482
5417,21.192
5418,23.0
5419,24.207
5420,25.187
5421,25.868
5422,26.289
5423,26.315
5424,25.727
5425,25.016
5426,24.288
5427,22.015
5428,20.367
5429,19.668
5430,18.928
5431,18.318
5432,17.839
5433,17.534
5434,17.057
5435,16.357
5436,15.622
5437,14.911
5438,14.696
5439,16.737
5440,18.782
5441,20.503
5442,21.989
5443,23.212
5444,24.149
5445,24.869
5446,25.374
5447,25.535
5448,25.361
5449,24.677
5450,24.118
5451,21.982
5452,19.875
5453,18.782
5454,17.731
5455,16.868
5456,16.205
5457,15.686
5458,15.078
5459,14.53
5460,13.908
5461,13.349
5462,13.531
5463,14.822
5464,15.966
5465,17.319
5466,18.86
5467,20.125
5468,21.026
5469,21.541
5470,21.717
5471,21.585
5472,21.212
5473,20.479
5474,19.416
5475,17.981
5476,16.526
5477,15.945
5478,15.473
5479,15.106
5480,14.983
5481,14.765
5482,14.492
5483,14.32
5484,14.151
5485,13.915
5486,13.945
5487,14.978
5488,16.04
5489,17.146
5490,18.329
5491,19.429
5492,20.249
5493,20.794
5494,21.146
5495,21.428
5496,21.389
5497,20.951
5498,20.106
5499,18.514
5500,16.89
5501,16.303
5502,15.825
5503,15.326
5504,14.919
5505,14.619
5506,14.355
5507,14.125
5508,13.976
5509,13.831
5510,13.857
5511,14.97
5512,16.005
5513,17.21
5514,18.668
5515,20.025
5516,21.385
5517,22.369
5518,23.04
5519,23.321
5520,23.15
5521,22.569
5522,21.495
5523,19.29
5524,17.098
5525,16.42
5526,15.931
5527,15.339
5528,14.689
5529,14.131
5530,13.787
5531,13.609
5532,13.527
5533,13.436
5534,13.627
5535,14.438
5536,15.255
5537,16.195
5538,17.294
5539,18.522
5540,19.97
5541,21.194
5542,22.083
5543,22.504
5544,22.454
5545,21.929
5546,20.91
5547,18.281
5548,15.89
5549,15.0
5550,14.385
5551,14.029
5552,13.85
5553,13.562
5554,13.133
5555,12.744
5556,12.49
5557,12.15
5558,12.123
5559,14.513
5560,16.917
5561,18.848
5562,21.557
5563,23.665
5564,24.948
5565,25.747
5566,26.1
5567,25.933
5568,24.938
5569,23.159
5570,21.172
5571,19.322
5572,17.994
5573,17.01
5574,15.973
5575,15.155
5576,14.628
5577,14.261
5578,14.123
5579,14.046
5580,13.934
5581,13.934
5582,14.164
5583,15.715
5584,17.263
5585,18.087
5586,18.342
5587,18.533
5588,18.338
5589,18.016
5590,17.88
5591,18.145
5592,18.89
5593,19.181
5594,18.833
5595,17.724
5596,16.622
5597,16.152
5598,15.486
5599,15.031
5600,14.616
5601,14.096
5602,13.657
5603,13.313
5604,12.985
5605,12.684
5606,12.729
5607,14.189
5608,16.784
5609,17.971
5610,18.348
5611,19.605
5612,20.724
5613,21.572
5614,22.014
5615,21.864
5616,21.365
5617,20.49
5618,19.226
5619,17.332
5620,16.149
5621,15.744
5622,15.259
5623,14.809
5624,14.354
5625,13.893
5626,13.568
5627,13.216
5628,12.553
5629,12.058
5630,12.278
5631,13.319
5632,15.981
5633,17.356
5634,17.913
5635,18.636
5636,19.14
5637,19.147
5638,19.227
5639,19.288
5640,18.938
5641,18.498
5642,17.734
5643,16.91
5644,16.173
5645,15.647
5646,15.071
5647,14.4
5648,13.888
5649,13.698
5650,13.678
5651,13.524
5652,13.114
5653,12.659
5654,12.515
5655,13.986
5656,15.872
5657,17.448
5658,19.052
5659,20.215
5660,20.984
5661,21.569
5662,21.908
5663,21.883
5664,21.574
5665,20.943
5666,20.091
5667,18.743
5668,17.51
5669,16.931
5670,16.169
5671,15.51
5672,15.037
5673,14.652
5674,14.412
5675,14.205
5676,14.087
5677,13.957
5678,13.854
5679,14.459
5680,15.799
5681,16.975
5682,18.262
5683,19.404
5684,20.295
5685,21.04
5686,21.732
5687,22.039
5688,21.804
5689,21.123
5690,19.869
5691,16.901
5692,14.611
5693,13.943
5694,13.473
5695,13.133
5696,12.76
5697,12.353
5698,11.848
5699,11.326
5700,10.88
5701,10.582
5702,10.635
5703,13.114
5704,15.653
5705,17.867
5706,19.652
5707,20.957
5708,21.917
5709,22.487
5710,22.866
5711,22.987
5712,22.728
5713,21.98
5714,20.554
5715,17.277
5716,14.85
5717,14.603
5718,14.246
5719,13.945
5720,13.997
5721,13.984
5722,13.571
5723,12.942
5724,12.587
5725,12.335
5726,12.31
5727,14.811
5728,17.298
5729,19.665
5730,22.395
5731,24.691
5732,26.562
5733,27.813
5734,28.608
5735,28.811
5736,28.445
5737,27.4
5738,25.019
5739,21.49
5740,19.108
5741,18.309
5742,17.882
5743,17.61
5744,17.414
5745,17.292
5746,17.283
5747,17.113
5748,17.082
5749,16.941
5750,16.769
5751,17.804
5752,20.228
5753,22.037
5754,23.998
5755,25.967
5756,27.329
5757,28.341
5758,29.057
5759,29.278
5760,28.956
5761,27.93
5762,25.44
5763,21.685
5764,20.533
5765,21.049
5766,21.441
5767,21.098
5768,19.857
5769,18.398
5770,16.985
5771,15.875
5772,15.233
5773,14.725
5774,14.533
5775,16.396
5776,18.686
5777,20.436
5778,21.046
5779,21.364
5780,21.875
5781,22.456
5782,22.885
5783,23.153
5784,23.179
5785,22.686
5786,21.336
5787,19.268
5788,18.2
5789,17.704
5790,17.206
5791,16.589
5792,16.151
5793,15.888
5794,15.545
5795,15.283
5796,15.109
5797,14.971
5798,14.838
5799,16.003
5800,17.222
5801,18.065
5802,18.759
5803,20.067
5804,21.759
5805,22.963
5806,23.618
5807,23.864
5808,23.4
5809,22.069
5810,20.517
5811,18.639
5812,17.687
5813,17.508
5814,17.37
5815,17.219
5816,16.824
5817,16.364
5818,15.898
5819,15.457
5820,15.162
5821,14.817
5822,14.714
5823,15.641
5824,17.508
5825,19.72
5826,21.762
5827,23.109
5828,23.819
5829,24.235
5830,24.528
5831,24.599
5832,24.327
5833,23.662
5834,22.544
5835,19.986
5836,18.073
5837,17.47
5838,16.931
5839,16.376
5840,16.097
5841,15.871
5842,15.501
5843,15.16
5844,14.91
5845,14.686
5846,14.478
5847,15.993
5848,17.903
5849,19.513
5850,20.906
5851,22.089
5852,23.083
5853,23.536
5854,24.132
5855,23.895
5856,23.572
5857,22.986
5858,21.93
5859,19.801
5860,18.291
5861,17.555
5862,16.9
5863,16.371
5864,15.925
5865,15.531
5866,15.167
5867,14.77
5868,14.453
5869,14.05
5870,13.678
5871,15.108
5872,17.217
5873,19.121
5874,20.739
5875,22.094
5876,23.116
5877,23.845
5878,24.25
5879,24.409
5880,24.206
5881,23.601
5882,22.283
5883,19.244
5884,17.974
5885,17.907
5886,17.684
5887,17.232
5888,16.603
5889,15.746
5890,15.018
5891,14.573
5892,14.302
5893,14.142
5894,14.112
5895,15.63
5896,18.243
5897,20.694
5898,22.749
5899,23.988
5900,24.866
5901,25.374
5902,25.557
5903,25.55
5904,25.256
5905,24.514
5906,23.227
5907,20.528
5908,18.639
5909,17.674
5910,17.003
5911,16.414
5912,15.731
5913,15.06
5914,14.628
5915,14.391
5916,14.082
5917,13.729
5918,13.587
5919,14.805
5920,16.299
5921,17.789
5922,19.369
5923,21.104
5924,22.472
5925,23.236
5926,23.616
5927,23.684
5928,23.397
5929,22.659
5930,21.255
5931,17.979
5932,15.982
5933,15.388
5934,14.938
5935,14.668
5936,14.553
5937,14.64
5938,14.402
5939,13.994
5940,13.633
5941,13.315
5942,13.078
5943,14.56
5944,17.267
5945,19.725
5946,22.451
5947,24.71
5948,26.406
5949,27.388
5950,28.093
5951,28.453
5952,28.178
5953,27.289
5954,24.836
5955,21.335
5956,19.341
5957,18.512
5958,18.212
5959,18.628
5960,18.447
5961,17.983
5962,17.567
5963,17.413
5964,16.976
5965,16.145
5966,15.499
5967,16.734
5968,18.426
5969,20.202
5970,22.151
5971,23.844
5972,25.034
5973,25.832
5974,26.141
5975,25.927
5976,25.306
5977,24.244
5978,22.436
5979,19.149
5980,17.486
5981,16.569
5982,15.619
5983,14.821
5984,14.261
5985,13.889
5986,13.905
5987,14.127
5988,14.235
5989,14.349
5990,14.386
5991,14.671
5992,15.628
5993,16.901
5994,17.839
5995,18.458
5996,20.109
5997,21.467
5998,21.462
5999,20.865
6000,19.916
6001,18.682
6002,17.265
6003,15.98
6004,15.307
6005,14.946
6006,14.707
6007,14.49
6008,14.233
6009,14.002
6010,13.707
6011,13.3
6012,12.991
6013,12.859
6014,12.75
6015,13.163
6016,14.07
6017,15.316
6018,16.631
6019,18.355
6020,19.715
6021,20.424
6022,20.576
6023,20.286
6024,20.081
6025,19.303
6026,17.889
6027,15.967
6028,15.13
6029,14.557
6030,14.098
6031,13.774
6032,13.583
6033,13.46
6034,13.362
6035,13.156
6036,12.881
6037,12.927
6038,12.976
6039,13.391
6040,13.834
6041,14.471
6042,14.989
6043,15.514
6044,16.26
6045,16.853
6046,17.077
6047,16.868
6048,16.543
6049,16.055
6050,15.279
6051,14.248
6052,13.896
6053,13.753
6054,13.553
6055,13.316
6056,13.07
6057,12.872
6058,12.693
6059,12.527
6060,12.474
6061,12.426
6062,12.374
6063,12.939
6064,14.613
6065,17.238
6066,17.973
6067,18.501
6068,19.43
6069,20.651
6070,21.226
6071,21.07
6072,20.654
6073,19.775
6074,18.429
6075,16.543
6076,15.72
6077,15.242
6078,14.72
6079,14.058
6080,13.171
6081,12.508
6082,11.968
6083,11.673
6084,11.354
6085,11.101
6086,10.849
6087,12.271
6088,14.081
6089,15.635
6090,17.204
6091,18.367
6092,19.182
6093,19.523
6094,19.471
6095,19.216
6096,18.971
6097,19.002
6098,17.999
6099,16.222
6100,15.579
6101,15.211
6102,14.775
6103,14.177
6104,13.921
6105,13.908
6106,13.717
6107,13.336
6108,12.872
6109,12.306
6110,12.202
6111,13.342
6112,15.184
6113,17.312
6114,19.496
6115,21.142
6116,22.303
6117,22.924
6118,23.104
6119,22.904
6120,21.938
6121,20.017
6122,18.078
6123,16.904
6124,16.197
6125,15.88
6126,15.644
6127,15.475
6128,15.231
6129,14.867
6130,14.486
6131,13.998
6132,13.583
6133,13.342
6134,13.064
6135,13.578
6136,14.569
6137,15.846
6138,17.204
6139,18.758
6140,19.792
6141,19.599
6142,19.407
6143,19.002
6144,18.522
6145,17.933
6146,17.11
6147,15.99
6148,15.31
6149,14.878
6150,14.775
6151,14.726
6152,14.593
6153,14.408
6154,14.114
6155,13.75
6156,13.592
6157,13.352
6158,13.31
6159,13.664
6160,14.334
6161,14.952
6162,15.908
6163,17.015
6164,17.783
6165,18.125
6166,18.16
6167,17.941
6168,17.328
6169,16.526
6170,15.78
6171,15.086
6172,14.772
6173,14.648
6174,14.613
6175,14.525
6176,14.42
6177,14.325
6178,14.262
6179,14.247
6180,14.291
6181,14.183
6182,14.003
6183,13.927
6184,14.051
6185,14.127
6186,14.208
6187,14.263
6188,14.507
6189,15.017
6190,15.504
6191,15.832
6192,15.777
6193,15.473
6194,14.685
6195,13.028
6196,12.534
6197,12.055
6198,11.428
6199,10.776
6200,10.314
6201,9.916
6202,9.641
6203,9.402
6204,9.186
6205,8.986
6206,8.739
6207,9.697
6208,12.58
6209,14.897
6210,15.528
6211,16.807
6212,17.623
6213,17.941
6214,18.042
6215,17.818
6216,17.211
6217,16.379
6218,15.016
6219,12.97
6220,12.319
6221,11.931
6222,11.663
6223,11.495
6224,11.464
6225,11.47
6226,11.474
6227,11.523
6228,11.521
6229,11.529
6230,11.676
6231,11.976
6232,12.824
6233,13.529
6234,14.249
6235,14.745
6236,14.977
6237,15.061
6238,15.318
6239,15.765
6240,15.883
6241,15.575
6242,14.625
6243,12.887
6244,12.358
6245,12.143
6246,11.93
6247,11.746
6248,11.409
6249,11.176
6250,11.133
6251,11.145
6252,11.324
6253,11.5
6254,11.482
6255,11.418
6256,12.689
6257,14.698
6258,15.98
6259,16.545
6260,16.658
6261,16.38
6262,16.845
6263,17.108
6264,17.022
6265,16.528
6266,15.162
6267,12.709
6268,12.298
6269,12.271
6270,12.178
6271,11.797
6272,11.377
6273,10.959
6274,10.679
6275,10.36
6276,10.098
6277,9.956
6278,9.891
6279,10.525
6280,12.979
6281,14.858
6282,16.58
6283,17.862
6284,18.865
6285,19.543
6286,19.766
6287,19.497
6288,19.203
6289,18.576
6290,17.418
6291,15.706
6292,15.002
6293,14.511
6294,14.045
6295,13.578
6296,13.146
6297,12.884
6298,12.788
6299,12.718
6300,12.598
6301,12.39
6302,12.009
6303,12.132
6304,13.416
6305,14.517
6306,15.326
6307,16.23
6308,17.203
6309,17.993
6310,18.246
6311,18.45
6312,18.367
6313,17.807
6314,16.63
6315,15.323
6316,14.85
6317,14.582
6318,14.165
6319,13.678
6320,13.249
6321,12.922
6322,12.591
6323,12.263
6324,11.932
6325,11.684
6326,11.521
6327,11.997
6328,13.313
6329,14.516
6330,16.029
6331,17.452
6332,18.636
6333,19.486
6334,20.105
6335,20.18
6336,19.748
6337,18.838
6338,17.159
6339,14.716
6340,14.124
6341,13.949
6342,13.927
6343,13.575
6344,13.353
6345,13.307
6346,13.27
6347,13.229
6348,13.264
6349,13.308
6350,13.328
6351,13.467
6352,14.027
6353,14.531
6354,15.041
6355,15.473
6356,15.801
6357,16.059
6358,16.583
6359,17.097
6360,17.289
6361,17.144
6362,16.141
6363,14.351
6364,13.572
6365,13.045
6366,12.535
6367,12.442
6368,12.087
6369,11.84
6370,11.621
6371,11.176
6372,11.276
6373,11.234
6374,11.05
6375,11.055
6376,11.942
6377,13.093
6378,14.318
6379,15.465
6380,16.188
6381,16.368
6382,15.371
6383,14.716
6384,14.97
6385,14.613
6386,13.822
6387,13.053
6388,12.912
6389,12.878
6390,12.823
6391,12.737
6392,12.799
6393,12.814
6394,12.757
6395,12.707
6396,12.583
6397,12.168
6398,12.07
6399,12.174
6400,13.827
6401,14.963
6402,16.179
6403,17.527
6404,18.633
6405,19.226
6406,19.529
6407,19.526
6408,19.177
6409,18.479
6410,16.319
6411,14.477
6412,13.918
6413,13.613
6414,13.177
6415,12.698
6416,12.324
6417,11.922
6418,11.653
6419,11.451
6420,11.267
6421,10.932
6422,10.594
6423,10.686
6424,12.509
6425,14.011
6426,15.56
6427,16.864
6428,17.941
6429,18.764
6430,19.23
6431,19.347
6432,18.978
6433,18.149
6434,15.986
6435,13.523
6436,12.868
6437,13.152
6438,12.634
6439,12.226
6440,12.112
6441,12.234
6442,12.174
6443,12.003
6444,12.167
6445,12.573
6446,13.04
6447,13.26
6448,14.214
6449,15.328
6450,15.829
6451,16.608
6452,17.265
6453,17.774
6454,18.08
6455,18.36
6456,18.325
6457,17.591
6458,15.434
6459,13.482
6460,13.065
6461,12.834
6462,12.279
6463,11.766
6464,11.439
6465,11.051
6466,10.671
6467,10.154
6468,9.743
6469,9.479
6470,9.039
6471,8.66
6472,9.591
6473,10.63
6474,12.048
6475,13.324
6476,14.027
6477,14.144
6478,14.039
6479,13.705
6480,13.148
6481,12.327
6482,10.946
6483,9.558
6484,9.008
6485,8.578
6486,8.191
6487,7.831
6488,7.345
6489,6.875
6490,6.53
6491,6.684
6492,6.958
6493,7.053
6494,7.085
6495,7.207
6496,8.1
6497,9.387
6498,10.072
6499,10.718
6500,11.042
6501,11.3
6502,12.084
6503,12.838
6504,12.887
6505,12.297
6506,9.888
6507,7.759
6508,7.327
6509,6.545
6510,5.935
6511,5.138
6512,4.405
6513,3.901
6514,4.119
6515,4.596
6516,4.886
6517,4.987
6518,4.978
6519,5.14
6520,6.226
6521,7.9
6522,9.087
6523,10.267
6524,11.12
6525,12.125
6526,12.676
6527,12.604
6528,12.229
6529,11.542
6530,9.227
6531,6.979
6532,6.48
6533,5.894
6534,5.249
6535,4.806
6536,4.481
6537,3.933
6538,3.493
6539,3.423
6540,3.528
6541,3.515
6542,3.273
6543,3.398
6544,6.62
6545,9.077
6546,10.67
6547,11.915
6548,12.906
6549,13.536
6550,13.754
6551,13.663
6552,13.272
6553,12.344
6554,9.497
6555,7.199
6556,6.562
6557,6.498
6558,6.872
6559,7.115
6560,7.148
6561,6.896
6562,6.469
6563,5.864
6564,5.068
6565,4.401
6566,3.833
6567,3.493
6568,6.246
6569,9.145
6570,11.538
6571,13.196
6572,14.267
6573,14.89
6574,15.211
6575,15.192
6576,14.754
6577,13.772
6578,11.237
6579,10.24
6580,10.178
6581,9.735
6582,8.964
6583,8.209
6584,7.716
6585,7.509
6586,7.407
6587,7.024
6588,6.475
6589,5.971
6590,5.721
6591,5.663
6592,7.452
6593,9.617
6594,11.671
6595,13.526
6596,14.801
6597,15.406
6598,15.524
6599,15.182
6600,14.131
6601,12.644
6602,11.183
6603,10.698
6604,10.726
6605,10.211
6606,9.365
6607,8.493
6608,8.291
6609,8.189
6610,8.803
6611,9.043
6612,9.005
6613,8.967
6614,8.76
6615,8.534
6616,9.683
6617,11.027
6618,12.39
6619,13.51
6620,14.352
6621,14.779
6622,14.625
6623,14.17
6624,13.403
6625,12.231
6626,10.492
6627,9.527
6628,9.146
6629,8.868
6630,8.593
6631,8.353
6632,8.229
6633,8.32
6634,8.305
6635,8.262
6636,8.314
6637,8.311
6638,8.375
6639,8.421
6640,8.978
6641,9.756
6642,10.766
6643,12.065
6644,13.232
6645,14.027
6646,14.345
6647,14.102
6648,13.42
6649,12.55
6650,11.154
6651,9.509
6652,9.128
6653,8.58
6654,8.261
6655,8.712
6656,8.779
6657,8.557
6658,8.375
6659,8.296
6660,8.044
6661,7.611
6662,7.539
6663,7.705
6664,9.135
6665,10.53
6666,11.809
6667,13.353
6668,14.482
6669,14.998
6670,15.149
6671,15.279
6672,15.011
6673,14.237
6674,11.939
6675,10.573
6676,10.119
6677,9.736
6678,9.282
6679,8.825
6680,8.229
6681,7.749
6682,7.541
6683,7.369
6684,7.003
6685,6.402
6686,5.894
6687,5.656
6688,7.702
6689,10.418
6690,12.628
6691,14.168
6692,15.103
6693,15.653
6694,15.942
6695,15.951
6696,15.578
6697,14.409
6698,11.887
6699,11.031
6700,10.9
6701,10.859
6702,10.487
6703,9.845
6704,9.645
6705,9.062
6706,9.198
6707,9.551
6708,9.611
6709,9.759
6710,9.567
6711,9.401
6712,9.939
6713,11.268
6714,12.732
6715,14.166
6716,15.181
6717,15.949
6718,16.317
6719,16.294
6720,15.875
6721,15.266
6722,14.41
6723,13.398
6724,12.095
6725,10.927
6726,9.988
6727,9.088
6728,8.231
6729,7.48
6730,6.931
6731,6.424
6732,6.104
6733,5.952
6734,6.047
6735,6.084
6736,6.84
6737,7.493
6738,8.012
6739,8.277
6740,8.374
6741,8.581
6742,8.762
6743,8.608
6744,8.178
6745,7.555
6746,6.171
6747,5.232
6748,4.735
6749,4.447
6750,4.395
6751,4.16
6752,3.804
6753,3.599
6754,3.282
6755,2.893
6756,2.548
6757,2.142
6758,1.786
6759,1.531
6760,2.826
6761,5.922
6762,8.525
6763,8.715
6764,9.249
6765,9.604
6766,9.691
6767,9.493
6768,8.929
6769,7.765
6770,4.406
6771,2.843
6772,2.482
6773,2.171
6774,2.008
6775,1.975
6776,2.005
6777,2.032
6778,1.976
6779,1.822
6780,1.708
6781,1.503
6782,1.328
6783,1.292
6784,3.011
6785,5.84
6786,8.269
6787,10.155
6788,11.486
6789,12.366
6790,12.914
6791,13.039
6792,12.693
6793,11.161
6794,7.715
6795,6.005
6796,5.24
6797,4.92
6798,4.548
6799,4.021
6800,3.832
6801,3.645
6802,3.463
6803,3.3
6804,3.226
6805,3.203
6806,3.953
6807,3.741
6808,4.991
6809,7.707
6810,10.224
6811,12.578
6812,14.354
6813,15.462
6814,16.024
6815,16.16
6816,15.942
6817,13.77
6818,10.07
6819,8.368
6820,8.024
6821,8.063
6822,7.711
6823,7.191
6824,6.492
6825,6.232
6826,6.334
6827,6.379
6828,6.502
6829,6.528
6830,6.586
6831,6.631
6832,7.079
6833,8.417
6834,10.132
6835,12.219
6836,13.842
6837,14.544
6838,14.702
6839,14.635
6840,14.223
6841,12.781
6842,10.265
6843,9.214
6844,8.728
6845,8.39
6846,8.227
6847,8.17
6848,8.093
6849,8.225
6850,8.413
6851,8.468
6852,8.316
6853,8.036
6854,7.748
6855,7.508
6856,7.923
6857,10.012
6858,11.736
6859,13.149
6860,14.083
6861,14.296
6862,14.048
6863,13.643
6864,13.069
6865,12.097
6866,10.594
6867,9.831
6868,9.471
6869,9.275
6870,9.005
6871,8.61
6872,8.093
6873,7.584
6874,7.266
6875,7.192
6876,6.876
6877,6.392
6878,6.018
6879,5.86
6880,6.533
6881,8.332
6882,10.088
6883,12.024
6884,13.522
6885,14.375
6886,14.771
6887,14.622
6888,13.753
6889,12.3
6890,9.942
6891,9.48
6892,8.919
6893,8.216
6894,8.13
6895,8.123
6896,7.697
6897,7.571
6898,7.992
6899,8.417
6900,8.215
6901,8.129
6902,8.033
6903,7.568
6904,8.574
6905,10.679
6906,11.948
6907,12.918
6908,13.18
6909,14.062
6910,14.805
6911,15.084
6912,14.614
6913,13.321
6914,11.939
6915,11.236
6916,10.846
6917,10.558
6918,10.149
6919,9.893
6920,9.788
6921,9.668
6922,9.755
6923,10.075
6924,10.335
6925,10.32
6926,10.23
6927,10.228
6928,10.406
6929,10.871
6930,11.708
6931,12.69
6932,13.474
6933,14.173
6934,14.531
6935,14.447
6936,13.742
6937,12.893
6938,12.122
6939,11.502
6940,10.973
6941,10.138
6942,9.425
6943,9.028
6944,8.659
6945,8.403
6946,8.376
6947,8.466
6948,8.672
6949,8.821
6950,9.201
6951,9.458
6952,9.804
6953,10.193
6954,10.606
6955,11.143
6956,11.796
6957,12.517
6958,13.037
6959,13.017
6960,12.309
6961,11.381
6962,10.724
6963,10.507
6964,9.941
6965,9.016
6966,8.052
6967,7.746
6968,7.484
6969,7.386
6970,7.312
6971,7.178
6972,7.129
6973,7.165
6974,7.206
6975,7.247
6976,7.567
6977,8.303
6978,9.176
6979,9.94
6980,10.482
6981,10.623
6982,10.524
6983,10.268
6984,9.953
6985,9.597
6986,9.113
6987,8.84
6988,8.652
6989,8.428
6990,8.151
6991,7.893
6992,7.75
6993,7.733
6994,7.499
6995,7.014
6996,6.539
6997,5.411
6998,5.006
6999,4.961
7000,4.993
7001,5.485
7002,6.152
7003,7.153
7004,8.108
7005,8.824
7006,9.343
7007,9.68
7008,9.782
7009,9.131
7010,7.356
7011,6.523
7012,6.096
7013,5.663
7014,5.542
7015,5.895
7016,5.949
7017,5.939
7018,6.129
7019,6.275
7020,6.257
7021,6.161
7022,5.98
7023,6.229
7024,6.605
7025,7.279
7026,7.898
7027,8.446
7028,8.867
7029,9.057
7030,9.102
7031,9.233
7032,9.402
7033,9.516
7034,9.006
7035,8.088
7036,7.737
7037,7.792
7038,7.855
7039,7.666
7040,7.575
7041,7.615
7042,7.593
7043,7.53
7044,7.534
7045,7.473
7046,7.575
7047,7.854
7048,8.361
7049,9.388
7050,10.408
7051,11.228
7052,11.602
7053,11.739
7054,11.892
7055,12.247
7056,12.724
7057,13.101
7058,13.224
7059,13.223
7060,13.056
7061,12.944
7062,12.826
7063,12.807
7064,12.761
7065,12.666
7066,12.425
7067,11.927
7068,11.194
7069,10.322
7070,9.583
7071,9.17
7072,9.351
7073,10.76
7074,12.461
7075,13.742
7076,14.028
7077,14.669
7078,14.859
7079,14.412
7080,13.657
7081,11.977
7082,10.583
7083,10.04
7084,9.667
7085,9.044
7086,8.188
7087,7.751
7088,7.501
7089,7.13
7090,7.186
7091,7.148
7092,6.899
7093,6.764
7094,6.463
7095,6.079
7096,6.684
7097,7.955
7098,8.945
7099,9.957
7100,11.547
7101,12.229
7102,12.208
7103,12.391
7104,11.977
7105,10.395
7106,8.094
7107,7.192
7108,6.887
7109,6.429
7110,6.774
7111,6.904
7112,6.934
7113,7.081
7114,7.025
7115,6.759
7116,6.629
7117,6.711
7118,6.796
7119,6.978
7120,7.507
7121,9.845
7122,11.934
7123,13.696
7124,15.117
7125,16.216
7126,16.757
7127,16.721
7128,16.139
7129,14.41
7130,12.65
7131,11.649
7132,10.806
7133,10.41
7134,10.313
7135,10.308
7136,10.106
7137,9.54
7138,9.17
7139,9.523
7140,9.874
7141,9.636
7142,9.633
7143,9.69
7144,9.876
7145,10.623
7146,11.623
7147,12.374
7148,13.034
7149,13.498
7150,13.592
7151,13.361
7152,12.619
7153,11.07
7154,8.786
7155,7.388
7156,6.883
7157,6.463
7158,6.174
7159,5.9
7160,5.657
7161,5.465
7162,5.141
7163,4.999
7164,4.99
7165,4.989
7166,5.045
7167,5.527
7168,6.014
7169,6.944
7170,7.619
7171,8.593
7172,9.558
7173,10.182
7174,10.48
7175,10.498
7176,10.054
7177,8.772
7178,6.632
7179,5.9
7180,5.439
7181,5.039
7182,4.651
7183,4.197
7184,3.879
7185,3.579
7186,3.375
7187,3.137
7188,2.74
7189,2.285
7190,1.9
7191,1.69
7192,2.171
7193,4.761
7194,7.038
7195,9.06
7196,10.305
7197,10.832
7198,10.932
7199,10.638
7200,9.803
7201,7.17
7202,4.921
7203,4.212
7204,3.953
7205,4.107
7206,4.252
7207,4.307
7208,4.22
7209,4.177
7210,3.932
7211,3.609
7212,3.41
7213,3.287
7214,3.16
7215,3.017
7216,3.043
7217,4.599
7218,6.501
7219,7.895
7220,8.871
7221,9.441
7222,9.589
7223,9.306
7224,8.581
7225,6.575
7226,4.296
7227,3.652
7228,2.926
7229,2.514
7230,2.294
7231,1.812
7232,1.639
7233,0.762
7234,0.121
7235,-0.364
7236,-0.677
7237,-1.22
7238,-1.588
7239,-1.892
7240,-1.808
7241,0.409
7242,2.293
7243,4.081
7244,5.627
7245,6.752
7246,7.396
7247,7.524
7248,7.2
7249,4.694
7250,2.173
7251,1.328
7252,0.878
7253,0.462
7254,0.157
7255,-0.005
7256,-0.177
7257,-0.38
7258,-0.578
7259,-0.704
7260,-0.808
7261,-0.869
7262,-0.922
7263,-1.233
7264,-0.909
7265,2.095
7266,4.648
7267,7.113
7268,8.851
7269,9.282
7270,9.461
7271,9.295
7272,8.238
7273,5.507
7274,3.032
7275,2.443
7276,2.115
7277,2.037
7278,1.923
7279,1.676
7280,1.745
7281,1.643
7282,1.753
7283,2.199
7284,2.81
7285,3.186
7286,3.629
7287,3.66
7288,3.356
7289,4.581
7290,6.513
7291,7.685
7292,9.069
7293,10.129
7294,10.624
7295,10.565
7296,9.874
7297,7.706
7298,5.9
7299,4.89
7300,4.226
7301,4.054
7302,3.838
7303,3.646
7304,3.335
7305,3.239
7306,3.067
7307,2.526
7308,2.363
7309,2.258
7310,2.039
7311,1.814
7312,1.842
7313,4.12
7314,6.284
7315,8.675
7316,10.792
7317,12.092
7318,12.706
7319,12.634
7320,11.371
7321,8.966
7322,7.07
7323,6.16
7324,5.616
7325,4.991
7326,4.324
7327,4.044
7328,4.043
7329,4.207
7330,4.551
7331,4.831
7332,4.698
7333,4.588
7334,4.708
7335,4.147
7336,4.057
7337,6.587
7338,9.129
7339,10.942
7340,12.214
7341,12.654
7342,12.911
7343,12.979
7344,12.25
7345,9.899
7346,8.258
7347,7.825
7348,7.625
7349,7.605
7350,7.632
7351,7.596
7352,7.548
7353,7.368
7354,7.107
7355,6.848
7356,6.548
7357,6.07
7358,5.741
7359,5.502
7360,5.385
7361,6.839
7362,8.965
7363,10.291
7364,11.374
7365,12.277
7366,12.66
7367,12.586
7368,11.885
7369,9.456
7370,7.306
7371,6.486
7372,6.044
7373,5.923
7374,5.735
7375,5.628
7376,5.652
7377,5.605
7378,5.116
7379,4.396
7380,4.007
7381,4.204
7382,4.723
7383,5.041
7384,5.358
7385,6.581
7386,7.646
7387,8.833
7388,10.018
7389,11.063
7390,11.673
7391,11.725
7392,11.039
7393,8.523
7394,6.22
7395,5.569
7396,5.64
7397,6.11
7398,6.036
7399,5.777
7400,5.523
7401,5.398
7402,5.354
7403,5.352
7404,5.334
7405,5.405
7406,5.392
7407,5.318
7408,5.36
7409,6.79
7410,8.13
7411,9.043
7412,9.929
7413,10.633
7414,11.296
7415,11.364
7416,10.654
7417,8.258
7418,6.062
7419,5.632
7420,5.46
7421,5.174
7422,4.899
7423,4.763
7424,4.565
7425,4.671
7426,4.556
7427,4.404
7428,4.311
7429,4.25
7430,4.209
7431,4.164
7432,4.217
7433,5.609
7434,7.202
7435,9.17
7436,11.201
7437,12.605
7438,13.247
7439,13.014
7440,12.12
7441,9.357
7442,6.848
7443,6.201
7444,5.831
7445,6.432
7446,5.64
7447,5.64
7448,5.085
7449,4.91
7450,5.047
7451,4.559
7452,4.354
7453,4.391
7454,4.607
7455,4.63
7456,4.495
7457,5.836
7458,8.016
7459,10.168
7460,12.246
7461,13.885
7462,14.504
7463,14.6
7464,13.362
7465,10.512
7466,8.647
7467,7.748
7468,6.907
7469,6.384
7470,5.936
7471,5.853
7472,5.771
7473,5.775
7474,5.424
7475,5.108
7476,4.981
7477,5.011
7478,5.285
7479,5.413
7480,5.502
7481,7.112
7482,9.588
7483,11.232
7484,12.786
7485,14.247
7486,14.541
7487,14.06
7488,12.681
7489,10.58
7490,8.977
7491,8.551
7492,8.456
7493,8.309
7494,8.131
7495,7.925
7496,7.688
7497,7.634
7498,7.555
7499,7.502
7500,7.552
7501,7.674
7502,7.675
7503,7.553
7504,7.472
7505,7.632
7506,8.061
7507,8.378
7508,8.541
7509,9.069
7510,9.419
7511,9.72
7512,9.647
7513,9.095
7514,8.625
7515,8.503
7516,8.463
7517,8.346
7518,8.215
7519,8.182
7520,8.045
7521,7.997
7522,7.923
7523,7.922
7524,7.862
7525,7.879
7526,8.149
7527,8.247
7528,8.243
7529,8.512
7530,9.31
7531,9.854
7532,10.496
7533,11.218
7534,11.711
7535,11.722
7536,11.313
7537,8.901
7538,7.122
7539,7.016
7540,6.953
7541,6.933
7542,6.801
7543,6.191
7544,6.108
7545,5.838
7546,5.381
7547,6.075
7548,6.852
7549,6.991
7550,7.04
7551,6.834
7552,6.574
7553,7.194
7554,8.849
7555,11.361
7556,12.835
7557,13.877
7558,14.066
7559,13.852
7560,12.695
7561,10.052
7562,8.735
7563,8.189
7564,8.017
7565,6.978
7566,6.066
7567,6.14
7568,6.604
7569,6.318
7570,5.922
7571,5.821
7572,5.968
7573,6.313
7574,6.831
7575,7.268
7576,6.772
7577,6.896
7578,7.593
7579,8.034
7580,8.783
7581,9.487
7582,9.901
7583,10.043
7584,9.758
7585,8.656
7586,7.87
7587,7.814
7588,7.859
7589,7.876
7590,7.621
7591,7.293
7592,7.233
7593,7.262
7594,7.283
7595,7.335
7596,7.479
7597,7.442
7598,7.266
7599,6.659
7600,5.907
7601,7.038
7602,9.038
7603,10.662
7604,11.855
7605,12.446
7606,12.856
7607,12.823
7608,11.772
7609,8.779
7610,7.098
7611,6.885
7612,6.94
7613,7.34
7614,7.579
7615,7.444
7616,7.279
7617,7.227
7618,7.188
7619,7.242
7620,7.081
7621,6.715
7622,6.642
7623,6.659
7624,6.684
7625,7.145
7626,8.647
7627,9.803
7628,10.4
7629,10.885
7630,11.552
7631,11.826
7632,11.064
7633,9.761
7634,8.859
7635,7.915
7636,7.28
7637,6.782
7638,6.35
7639,6.427
7640,6.323
7641,6.584
7642,7.015
7643,7.105
7644,7.297
7645,7.774
7646,7.853
7647,7.843
7648,7.91
7649,8.56
7650,9.457
7651,10.585
7652,11.754
7653,12.554
7654,12.757
7655,12.456
7656,11.729
7657,10.192
7658,8.818
7659,8.107
7660,7.569
7661,7.017
7662,6.485
7663,6.277
7664,6.078
7665,6.079
7666,6.289
7667,6.485
7668,7.04
7669,7.109
7670,7.132
7671,7.311
7672,7.444
7673,8.069
7674,9.052
7675,9.659
7676,10.514
7677,11.67
7678,12.416
7679,12.223
7680,11.141
7681,10.355
7682,10.003
7683,9.805
7684,9.567
7685,9.384
7686,9.391
7687,9.409
7688,9.368
7689,9.256
7690,9.263
7691,9.272
7692,9.186
7693,9.092
7694,9.253
7695,9.721
7696,10.031
7697,10.358
7698,10.975
7699,11.6
7700,12.315
7701,13.007
7702,13.524
7703,13.627
7704,13.089
7705,11.202
7706,9.957
7707,9.477
7708,9.075
7709,8.61
7710,8.425
7711,8.22
7712,8.027
7713,7.835
7714,7.605
7715,7.354
7716,7.162
7717,7.186
7718,7.552
7719,7.849
7720,7.629
7721,7.759
7722,7.946
7723,8.199
7724,8.486
7725,8.766
7726,10.218
7727,10.841
7728,10.396
7729,9.37
7730,9.324
7731,9.473
7732,9.831
7733,9.572
7734,8.947
7735,8.425
7736,7.956
7737,7.732
7738,7.705
7739,7.614
7740,7.777
7741,7.406
7742,7.263
7743,7.2
7744,6.933
7745,7.016
7746,7.206
7747,7.366
7748,7.68
7749,8.066
7750,8.503
7751,8.798
7752,8.665
7753,7.576
7754,6.865
7755,6.605
7756,6.322
7757,5.915
7758,5.606
7759,5.193
7760,4.912
7761,4.746
7762,4.518
7763,4.185
7764,3.573
7765,3.169
7766,2.734
7767,2.252
7768,1.919
7769,2.971
7770,5.172
7771,6.962
7772,8.336
7773,9.259
7774,9.646
7775,9.429
7776,8.126
7777,5.25
7778,4.044
7779,3.595
7780,3.252
7781,3.317
7782,3.024
7783,2.316
7784,2.032
7785,1.921
7786,1.774
7787,1.562
7788,1.424
7789,1.283
7790,1.108
7791,0.904
7792,0.497
7793,1.677
7794,4.283
7795,6.498
7796,8.668
7797,10.076
7798,10.514
7799,10.187
7800,8.932
7801,6.714
7802,5.162
7803,4.092
7804,3.427
7805,2.967
7806,2.537
7807,2.22
7808,1.937
7809,2.185
7810,2.215
7811,2.097
7812,2.399
7813,2.932
7814,3.015
7815,2.607
7816,2.304
7817,2.755
7818,4.856
7819,6.328
7820,7.589
7821,8.39
7822,8.665
7823,8.597
7824,7.084
7825,4.127
7826,3.682
7827,3.097
7828,3.073
7829,3.1
7830,3.099
7831,3.228
7832,3.275
7833,3.206
7834,2.803
7835,2.172
7836,1.837
7837,2.245
7838,2.329
7839,2.224
7840,2.328
7841,3.773
7842,5.237
7843,6.271
7844,7.048
7845,7.502
7846,7.595
7847,7.462
7848,7.236
7849,6.984
7850,6.925
7851,7.222
7852,7.49
7853,7.743
7854,8.009
7855,8.24
7856,8.328
7857,8.281
7858,7.823
7859,7.009
7860,6.601
7861,6.246
7862,5.623
7863,5.047
7864,4.479
7865,4.989
7866,6.117
7867,6.846
7868,7.678
7869,8.357
7870,8.799
7871,8.623
7872,7.626
7873,5.961
7874,5.427
7875,5.149
7876,4.907
7877,4.744
7878,4.661
7879,4.646
7880,4.549
7881,4.336
7882,4.039
7883,3.868
7884,3.61
7885,3.389
7886,3.18
7887,3.063
7888,2.809
7889,3.077
7890,4.187
7891,5.113
7892,6.168
7893,6.334
7894,6.513
7895,6.468
7896,5.782
7897,4.361
7898,3.587
7899,3.133
7900,2.927
7901,2.858
7902,2.722
7903,2.448
7904,2.0
7905,1.385
7906,0.928
7907,1.147
7908,1.517
7909,1.307
7910,1.066
7911,0.842
7912,0.705
7913,1.26
7914,2.274
7915,3.162
7916,4.046
7917,4.435
7918,4.6
7919,4.481
7920,3.888
7921,3.086
7922,2.711
7923,2.352
7924,2.084
7925,1.828
7926,1.539
7927,1.282
7928,1.042
7929,0.854
7930,0.75
7931,0.628
7932,0.569
7933,0.695
7934,0.792
7935,0.777
7936,0.722
7937,1.214
7938,2.381
7939,3.524
7940,4.46
7941,4.947
7942,5.047
7943,4.843
7944,3.978
7945,2.266
7946,1.201
7947,0.365
7948,-0.444
7949,-1.157
7950,-1.269
7951,-1.052
7952,-1.02
7953,-1.044
7954,-1.192
7955,-1.499
7956,-1.903
7957,-1.964
7958,-1.943
7959,-1.93
7960,-1.988
7961,-0.907
7962,1.266
7963,2.579
7964,3.715
7965,4.557
7966,4.918
7967,4.683
7968,3.157
7969,0.063
7970,-0.861
7971,-1.282
7972,-1.499
7973,-1.695
7974,-1.933
7975,-2.162
7976,-2.38
7977,-2.646
7978,-2.768
7979,-2.814
7980,-2.868
7981,-2.865
7982,-2.679
7983,-2.639
7984,-2.686
7985,-1.788
7986,0.407
7987,2.253
7988,3.57
7989,3.994
7990,3.917
7991,3.362
7992,1.17
7993,-0.955
7994,-1.176
7995,-1.08
7996,-0.949
7997,-0.767
7998,-0.647
7999,-0.694
8000,-0.853
8001,-1.006
8002,-1.246
8003,-1.363
8004,-1.392
8005,-1.406
8006,-1.457
8007,-1.383
8008,-1.474
8009,-0.781
8010,1.189
8011,2.863
8012,4.216
8013,5.094
8014,5.414
8015,4.757
8016,2.198
8017,-0.428
8018,-0.999
8019,-1.006
8020,-1.092
8021,-0.996
8022,-0.795
8023,-0.32
8024,-0.099
8025,-0.06
8026,-0.339
8027,-0.766
8028,-0.537
8029,-0.212
8030,0.041
8031,0.162
8032,0.297
8033,0.724
8034,2.017
8035,2.884
8036,3.251
8037,3.288
8038,3.006
8039,2.908
8040,2.706
8041,2.144
8042,2.208
8043,2.349
8044,2.454
8045,2.473
8046,2.389
8047,2.484
8048,2.787
8049,3.282
8050,3.45
8051,3.135
8052,2.825
8053,2.761
8054,2.709
8055,2.522
8056,2.209
8057,2.532
8058,4.531
8059,6.561
8060,8.336
8061,9.177
8062,8.931
8063,8.303
8064,7.14
8065,5.76
8066,4.918
8067,4.428
8068,4.35
8069,4.389
8070,4.232
8071,4.087
8072,4.205
8073,4.481
8074,4.716
8075,4.9
8076,4.969
8077,4.924
8078,4.879
8079,4.974
8080,5.014
8081,5.293
8082,6.753
8083,8.286
8084,9.304
8085,9.773
8086,9.799
8087,9.34
8088,8.315
8089,7.307
8090,7.187
8091,7.138
8092,7.123
8093,7.082
8094,6.91
8095,6.796
8096,6.858
8097,6.8
8098,6.615
8099,6.479
8100,6.437
8101,6.472
8102,6.566
8103,6.662
8104,6.684
8105,6.713
8106,6.876
8107,7.252
8108,7.992
8109,8.525
8110,8.508
8111,8.167
8112,7.529
8113,6.652
8114,6.354
8115,6.218
8116,6.049
8117,5.853
8118,5.577
8119,5.33
8120,5.096
8121,4.88
8122,4.618
8123,4.392
8124,4.074
8125,3.776
8126,3.667
8127,3.53
8128,3.456
8129,4.016
8130,5.426
8131,7.246
8132,8.293
8133,8.982
8134,9.285
8135,9.302
8136,8.094
8137,5.89
8138,5.49
8139,5.586
8140,5.5
8141,5.604
8142,5.428
8143,5.158
8144,5.19
8145,5.366
8146,5.428
8147,5.314
8148,5.52
8149,5.739
8150,5.617
8151,5.511
8152,5.664
8153,6.024
8154,6.801
8155,8.207
8156,9.431
8157,10.495
8158,11.222
8159,10.932
8160,9.208
8161,7.785
8162,7.239
8163,6.721
8164,6.6
8165,6.622
8166,6.523
8167,6.525
8168,6.524
8169,6.387
8170,6.061
8171,5.793
8172,6.129
8173,5.881
8174,5.594
8175,5.433
8176,5.319
8177,5.516
8178,6.77
8179,8.265
8180,9.331
8181,9.861
8182,9.951
8183,9.421
8184,8.614
8185,7.813
8186,7.327
8187,7.003
8188,6.777
8189,6.52
8190,6.25
8191,5.956
8192,5.528
8193,5.591
8194,5.578
8195,5.571
8196,5.6
8197,5.691
8198,5.795
8199,5.79
8200,5.867
8201,6.222
8202,7.075
8203,8.001
8204,8.741
8205,8.621
8206,8.606
8207,8.316
8208,7.717
8209,6.793
8210,6.438
8211,6.075
8212,5.937
8213,5.877
8214,5.643
8215,5.478
8216,5.325
8217,5.207
8218,5.026
8219,4.751
8220,4.575
8221,4.252
8222,3.94
8223,3.613
8224,3.108
8225,3.347
8226,4.656
8227,5.964
8228,6.696
8229,6.626
8230,6.428
8231,6.266
8232,5.19
8233,3.391
8234,2.567
8235,2.299
8236,2.311
8237,2.33
8238,2.249
8239,2.049
8240,2.204
8241,2.408
8242,2.191
8243,2.08
8244,1.847
8245,2.246
8246,2.495
8247,1.719
8248,1.552
8249,2.505
8250,4.017
8251,4.51
8252,4.779
8253,4.898
8254,4.918
8255,4.956
8256,4.969
8257,4.948
8258,4.918
8259,4.921
8260,4.809
8261,4.675
8262,4.553
8263,4.496
8264,4.514
8265,4.495
8266,4.49
8267,4.445
8268,4.084
8269,3.867
8270,4.403
8271,4.764
8272,4.935
8273,5.058
8274,5.638
8275,6.746
8276,7.307
8277,7.388
8278,7.455
8279,7.336
8280,6.984
8281,6.339
8282,6.036
8283,5.824
8284,5.654
8285,5.59
8286,5.624
8287,5.86
8288,6.355
8289,6.81
8290,7.042
8291,7.023
8292,6.843
8293,6.409
8294,6.07
8295,5.929
8296,5.798
8297,5.963
8298,6.652
8299,7.159
8300,7.453
8301,7.717
8302,7.655
8303,7.504
8304,7.209
8305,6.727
8306,6.308
8307,5.783
8308,5.411
8309,5.4
8310,5.458
8311,5.463
8312,5.447
8313,5.273
8314,5.055
8315,4.887
8316,4.743
8317,4.62
8318,4.536
8319,4.496
8320,4.347
8321,4.443
8322,5.034
8323,5.647
8324,6.173
8325,6.628
8326,6.836
8327,6.661
8328,5.873
8329,4.72
8330,4.332
8331,4.139
8332,4.033
8333,3.988
8334,3.952
8335,3.864
8336,3.71
8337,3.419
8338,3.133
8339,2.991
8340,2.922
8341,2.83
8342,2.672
8343,2.439
8344,2.133
8345,2.678
8346,3.698
8347,4.223
8348,4.659
8349,4.954
8350,5.095
8351,5.108
8352,4.552
8353,3.857
8354,3.652
8355,3.345
8356,3.089
8357,2.909
8358,2.812
8359,2.715
8360,2.611
8361,2.547
8362,2.667
8363,2.757
8364,2.733
8365,2.593
8366,2.339
8367,2.058
8368,1.738
8369,1.792
8370,2.685
8371,3.613
8372,4.234
8373,4.537
8374,4.571
8375,4.298
8376,3.37
8377,1.69
8378,1.541
8379,1.309
8380,1.307
8381,1.365
8382,1.424
8383,1.394
8384,1.375
8385,1.269
8386,1.408
8387,1.513
8388,1.561
8389,1.783
8390,2.017
8391,1.949
8392,1.831
8393,1.958
8394,2.94
8395,3.959
8396,4.83
8397,5.259
8398,5.458
8399,5.522
8400,5.241
8401,4.459
8402,4.255
8403,4.058
8404,3.873
8405,3.638
8406,3.24
8407,3.198
8408,2.924
8409,2.516
8410,2.121
8411,1.859
8412,1.853
8413,1.84
8414,2.206
8415,2.434
8416,2.503
8417,2.561
8418,3.166
8419,4.354
8420,5.315
8421,5.777
8422,5.551
8423,5.433
8424,4.881
8425,4.331
8426,4.008
8427,3.845
8428,3.598
8429,3.351
8430,3.293
8431,3.278
8432,3.238
8433,3.16
8434,3.096
8435,3.054
8436,2.832
8437,2.587
8438,2.562
8439,2.773
8440,2.797
8441,2.824
8442,3.386
8443,3.835
8444,4.182
8445,4.405
8446,4.425
8447,4.307
8448,4.103
8449,3.772
8450,3.711
8451,3.666
8452,3.586
8453,3.298
8454,3.226
8455,3.551
8456,3.859
8457,3.858
8458,3.94
8459,4.104
8460,4.237
8461,4.284
8462,4.339
8463,4.395
8464,4.482
8465,4.604
8466,5.059
8467,5.688
8468,6.299
8469,6.36
8470,6.021
8471,5.202
8472,4.997
8473,5.29
8474,5.808
8475,6.579
8476,7.387
8477,8.113
8478,8.569
8479,8.759
8480,8.79
8481,8.652
8482,8.367
8483,8.291
8484,8.1
8485,7.837
8486,7.597
8487,7.404
8488,7.28
8489,7.315
8490,7.648
8491,8.197
8492,8.754
8493,9.038
8494,9.147
8495,8.814
8496,8.374
8497,7.95
8498,7.468
8499,7.07
8500,6.893
8501,6.786
8502,6.673
8503,6.526
8504,6.39
8505,6.263
8506,6.027
8507,5.633
8508,5.27
8509,5.004
8510,4.829
8511,4.675
8512,4.592
8513,4.536
8514,4.749
8515,4.838
8516,4.802
8517,4.676
8518,4.514
8519,4.403
8520,4.175
8521,3.697
8522,3.461
8523,3.363
8524,3.378
8525,3.455
8526,3.405
8527,3.312
8528,3.279
8529,3.141
8530,3.057
8531,3.168
8532,3.457
8533,3.807
8534,4.182
8535,4.287
8536,3.743
8537,3.095
8538,3.986
8539,4.85
8540,5.226
8541,5.505
8542,5.569
8543,5.283
8544,4.769
8545,4.362
8546,4.168
8547,3.932
8548,3.779
8549,3.708
8550,3.651
8551,3.542
8552,3.36
8553,3.295
8554,3.526
8555,3.894
8556,3.84
8557,3.255
8558,2.601
8559,2.181
8560,1.956
8561,2.185
8562,3.391
8563,4.079
8564,4.587
8565,4.917
8566,4.961
8567,4.751
8568,4.168
8569,3.385
8570,3.163
8571,2.873
8572,2.356
8573,1.72
8574,1.21
8575,0.88
8576,0.624
8577,0.345
8578,0.016
8579,-0.267
8580,-0.238
8581,-0.095
8582,-0.268
8583,-0.482
8584,-0.706
8585,-0.542
8586,0.693
8587,1.824
8588,2.826
8589,3.431
8590,3.606
8591,3.357
8592,2.736
8593,2.139
8594,1.889
8595,1.695
8596,1.556
8597,1.54
8598,1.499
8599,1.447
8600,1.451
8601,1.524
8602,1.562
8603,1.586
8604,1.588
8605,1.583
8606,1.628
8607,1.703
8608,1.689
8609,1.76
8610,2.296
8611,3.082
8612,3.809
8613,4.275
8614,4.32
8615,4.003
8616,3.182
8617,2.366
8618,1.924
8619,1.408
8620,0.859
8621,0.387
8622,-0.083
8623,-0.483
8624,-0.837
8625,-1.098
8626,-1.216
8627,-1.53
8628,-1.999
8629,-1.968
8630,-1.819
8631,-1.831
8632,-2.005
8633,-1.493
8634,-0.017
8635,1.062
8636,1.98
8637,2.967
8638,3.988
8639,3.721
8640,2.283
8641,0.358
8642,0.031
8643,-0.414
8644,-0.075
8645,0.428
8646,0.691
8647,0.718
8648,0.946
8649,1.016
8650,1.046
8651,1.127
8652,1.205
8653,1.337
8654,1.558
8655,1.746
8656,1.875
8657,2.108
8658,2.683
8659,3.329
8660,3.969
8661,4.486
8662,4.703
8663,4.739
8664,4.344
8665,3.677
8666,3.648
8667,3.283
8668,3.166
8669,3.207
8670,3.247
8671,3.227
8672,3.223
8673,3.309
8674,3.329
8675,3.368
8676,3.367
8677,3.331
8678,3.249
8679,3.207
8680,3.15
8681,3.264
8682,4.394
8683,5.242
8684,6.291
8685,6.919
8686,7.063
8687,6.535
8688,5.707
8689,4.687
8690,4.167
8691,3.738
8692,3.483
8693,3.216
8694,3.313
8695,3.402
8696,3.533
8697,3.77
8698,3.963
8699,3.948
8700,3.827
8701,3.832
8702,3.843
8703,3.853
8704,3.967
8705,4.053
8706,4.501
8707,5.455
8708,6.683
8709,7.838
8710,8.638
8711,8.584
8712,7.463
8713,5.947
8714,5.161
8715,4.575
8716,4.112
8717,3.859
8718,4.013
8719,3.993
8720,3.935
8721,4.093
8722,4.122
8723,3.979
8724,3.817
8725,3.883
8726,4.013
8727,4.05
8728,4.129
8729,4.234
8730,4.694
8731,5.273
8732,5.696
8733,5.829
8734,6.115
8735,6.12
8736,5.738
8737,5.124
8738,5.139
8739,5.077
8740,5.238
8741,5.238
8742,5.05
8743,5.044
8744,4.947
8745,4.848
8746,4.74
8747,4.732
8748,4.853
8749,5.054
8750,5.183
8751,5.381
8752,5.643
8753,5.808
8754,6.26
8755,6.708
8756,7.166
8757,7.377
8758,7.589
8759,7.69
8760,7.758
