1,-0.369
2,-0.401
3,-0.425
4,-0.303
5,-0.06
6,0.178
7,0.28
8,0.465
9,1.409
10,2.502
11,3.448
12,4.085
13,4.269
14,3.988
15,2.795
16,0.803
17,0.141
18,0.08
19,-0.04
20,-0.178
21,-0.295
22,-0.391
23,-0.521
24,-0.575
25,-0.617
26,-0.644
27,-0.632
28,-0.483
29,-0.655
30,-0.86
31,-1.46
32,-1.594
33,-0.342
34,0.397
35,0.944
36,1.246
37,1.256
38,0.935
39,0.213
40,-1.077
41,-1.976
42,-2.276
43,-2.532
44,-2.536
45,-2.583
46,-2.701
47,-2.767
48,-2.85
49,-2.972
50,-3.109
51,-3.264
52,-3.45
53,-3.66
54,-3.95
55,-4.311
56,-4.531
57,-3.43
58,-2.151
59,-0.878
60,-0.014
61,0.339
62,0.267
63,-0.401
64,-2.143
65,-3.475
66,-4.147
67,-4.836
68,-5.418
69,-5.93
70,-6.331
71,-6.667
72,-6.869
73,-6.991
74,-6.863
75,-6.696
76,-6.6
77,-6.475
78,-6.392
79,-6.294
80,-6.059
81,-4.474
82,-2.779
83,-1.014
84,0.172
85,0.643
86,0.826
87,0.463
88,-1.114
89,-1.719
90,-1.896
91,-2.747
92,-3.257
93,-3.585
94,-3.846
95,-4.151
96,-4.416
97,-4.559
98,-4.643
99,-4.791
100,-5.017
101,-5.143
102,-5.057
103,-5.094
104,-5.057
105,-3.785
106,-1.974
107,-0.585
108,0.305
109,0.823
110,0.97
111,0.639
112,-0.64
113,-1.507
114,-1.583
115,-1.549
116,-1.622
117,-1.755
118,-1.855
119,-1.918
120,-2.092
121,-2.293
122,-2.337
123,-2.352
124,-2.364
125,-2.43
126,-2.578
127,-2.752
128,-2.814
129,-1.76
130,-0.257
131,0.97
132,1.936
133,2.337
134,2.197
135,1.564
136,-0.207
137,-1.426
138,-1.749
139,-1.936
140,-2.102
141,-2.284
142,-2.648
143,-3.134
144,-3.538
145,-3.858
146,-4.128
147,-4.396
148,-4.65
149,-4.842
150,-4.939
151,-5.058
152,-4.945
153,-2.982
154,-0.996
155,0.724
156,1.877
157,2.356
158,2.224
159,1.442
160,-0.495
161,-1.414
162,-1.542
163,-1.84
164,-2.109
165,-2.268
166,-2.441
167,-2.562
168,-3.022
169,-3.364
170,-3.739
171,-3.972
172,-3.496
173,-3.232
174,-3.13
175,-2.757
176,-2.475
177,-1.716
178,-0.76
179,-0.147
180,0.205
181,0.347
182,0.402
183,0.37
184,0.179
185,0.119
186,0.07
187,-0.272
188,-0.589
189,-0.933
190,-1.211
191,-1.486
192,-1.747
193,-2.0
194,-2.304
195,-2.632
196,-2.876
197,-3.029
198,-3.108
199,-3.046
200,-2.883
201,-1.994
202,-1.373
203,-1.054
204,-0.846
205,-0.599
206,-0.336
207,-0.366
208,-0.97
209,-2.092
210,-2.961
211,-3.718
212,-4.146
213,-4.234
214,-4.255
215,-4.234
216,-4.263
217,-4.455
218,-4.817
219,-5.249
220,-5.449
221,-5.733
222,-6.229
223,-6.626
224,-6.535
225,-4.745
226,-2.942
227,-1.558
228,-0.711
229,-0.34
230,-0.404
231,-0.889
232,-2.356
233,-4.152
234,-4.797
235,-5.184
236,-5.658
237,-5.997
238,-6.319
239,-6.799
240,-7.205
241,-7.506
242,-7.751
243,-7.957
244,-8.09
245,-8.127
246,-8.2
247,-8.223
248,-7.94
249,-5.942
250,-3.77
251,-2.38
252,-1.447
253,-0.876
254,-0.713
255,-1.128
256,-2.928
257,-4.511
258,-4.785
259,-4.612
260,-4.312
261,-4.162
262,-4.089
263,-4.032
264,-3.885
265,-3.76
266,-3.712
267,-3.647
268,-3.582
269,-3.568
270,-3.628
271,-3.556
272,-3.315
273,-2.012
274,-0.268
275,0.986
276,1.583
277,1.808
278,1.733
279,1.246
280,0.041
281,-0.918
282,-0.861
283,-0.645
284,-0.42
285,-0.453
286,-0.69
287,-1.015
288,-1.117
289,-0.945
290,-0.75
291,-0.5
292,-0.37
293,-0.206
294,-0.04
295,0.072
296,0.135
297,0.388
298,0.711
299,1.001
300,1.13
301,1.186
302,1.196
303,1.197
304,1.224
305,1.302
306,1.462
307,1.485
308,1.466
309,1.514
310,1.615
311,1.74
312,1.745
313,1.664
314,1.588
315,1.616
316,1.715
317,1.79
318,1.518
319,0.852
320,0.457
321,1.182
322,1.658
323,1.795
324,1.862
325,1.986
326,2.018
327,1.634
328,0.37
329,-0.713
330,-1.004
331,-1.184
332,-1.2
333,-1.168
334,-1.244
335,-1.399
336,-1.446
337,-1.404
338,-1.471
339,-1.634
340,-2.008
341,-2.291
342,-2.334
343,-2.369
344,-2.289
345,-0.926
346,0.67
347,2.153
348,2.848
349,3.056
350,2.967
351,2.392
352,0.804
353,-0.563
354,-1.264
355,-1.754
356,-1.989
357,-2.078
358,-2.227
359,-2.589
360,-2.901
361,-3.136
362,-3.28
363,-3.289
364,-3.213
365,-3.047
366,-2.861
367,-2.764
368,-2.493
369,-0.466
370,2.303
371,4.045
372,4.893
373,5.197
374,4.964
375,3.944
376,2.436
377,1.348
378,1.313
379,1.406
380,1.453
381,1.094
382,0.675
383,0.49
384,0.658
385,1.053
386,1.249
387,1.181
388,1.156
389,0.993
390,0.984
391,0.976
392,1.181
393,1.797
394,2.113
395,2.119
396,1.873
397,1.979
398,2.25
399,1.98
400,0.826
401,-0.277
402,-0.697
403,-1.021
404,-1.277
405,-1.422
406,-1.376
407,-1.45
408,-1.427
409,-1.477
410,-1.668
411,-2.032
412,-2.707
413,-3.473
414,-4.095
415,-4.446
416,-4.341
417,-2.769
418,-1.23
419,-0.152
420,0.477
421,0.68
422,0.451
423,-0.253
424,-1.718
425,-2.787
426,-2.902
427,-2.975
428,-3.078
429,-3.235
430,-3.409
431,-3.564
432,-3.704
433,-3.827
434,-3.958
435,-4.171
436,-4.441
437,-4.698
438,-5.105
439,-5.517
440,-5.491
441,-3.538
442,-1.085
443,0.355
444,1.911
445,2.478
446,2.519
447,1.883
448,0.061
449,-1.223
450,-1.712
451,-2.083
452,-2.195
453,-2.052
454,-2.005
455,-2.137
456,-2.343
457,-2.541
458,-2.803
459,-3.277
460,-3.814
461,-4.357
462,-4.803
463,-5.174
464,-4.917
465,-2.227
466,-0.221
467,1.215
468,2.661
469,3.216
470,3.144
471,2.487
472,1.138
473,0.214
474,-0.155
475,-0.476
476,-0.776
477,-1.042
478,-1.399
479,-1.754
480,-2.178
481,-2.645
482,-3.146
483,-3.607
484,-4.127
485,-4.649
486,-5.141
487,-5.582
488,-5.5
489,-3.423
490,-1.625
491,0.203
492,1.377
493,1.944
494,1.948
495,1.417
496,-0.333
497,-1.789
498,-1.988
499,-2.102
500,-2.368
501,-2.713
502,-3.094
503,-3.348
504,-3.68
505,-4.123
506,-4.607
507,-4.863
508,-4.957
509,-5.083
510,-5.132
511,-5.165
512,-5.064
513,-3.74
514,-2.111
515,-0.85
516,0.073
517,0.569
518,0.75
519,0.375
520,-1.052
521,-2.217
522,-2.594
523,-3.007
524,-3.532
525,-3.807
526,-4.001
527,-4.17
528,-4.225
529,-4.215
530,-4.242
531,-4.312
532,-4.504
533,-4.819
534,-5.311
535,-5.63
536,-5.207
537,-3.398
538,-1.985
539,-0.63
540,-0.262
541,-0.454
542,-0.896
543,-1.498
544,-2.174
545,-2.744
546,-3.094
547,-3.378
548,-3.639
549,-3.852
550,-4.15
551,-4.796
552,-5.496
553,-6.195
554,-6.716
555,-7.03
556,-7.085
557,-7.19
558,-7.347
559,-7.536
560,-7.174
561,-5.244
562,-3.466
563,-2.225
564,-1.34
565,-0.907
566,-0.973
567,-1.477
568,-2.617
569,-4.446
570,-5.31
571,-6.258
572,-7.199
573,-7.715
574,-8.242
575,-8.67
576,-8.975
577,-9.205
578,-9.357
579,-9.49
580,-9.616
581,-9.676
582,-9.601
583,-9.61
584,-8.986
585,-6.567
586,-4.351
587,-2.942
588,-2.063
589,-1.544
590,-1.383
591,-1.698
592,-3.111
593,-4.995
594,-5.482
595,-5.731
596,-5.739
597,-5.61
598,-5.799
599,-5.773
600,-5.359
601,-4.867
602,-4.534
603,-4.319
604,-4.011
605,-3.701
606,-3.382
607,-3.147
608,-2.591
609,-1.179
610,0.415
611,1.694
612,2.557
613,2.936
614,3.031
615,2.674
616,1.533
617,0.5
618,0.152
619,-0.239
620,-0.524
621,-0.74
622,-0.968
623,-1.118
624,-1.24
625,-1.441
626,-1.685
627,-1.837
628,-1.643
629,-1.134
630,-0.641
631,-0.185
632,0.441
633,1.218
634,1.752
635,2.341
636,3.299
637,3.642
638,3.048
639,1.876
640,0.907
641,0.445
642,-0.055
643,-0.482
644,-0.791
645,-0.831
646,-0.85
647,-1.066
648,-1.348
649,-1.65
650,-2.085
651,-2.528
652,-2.997
653,-3.488
654,-3.999
655,-4.193
656,-3.766
657,-2.426
658,-1.003
659,-0.32
660,0.04
661,0.157
662,0.081
663,-0.272
664,-1.147
665,-2.412
666,-2.889
667,-3.223
668,-3.419
669,-3.531
670,-3.767
671,-4.059
672,-4.327
673,-4.556
674,-4.632
675,-4.677
676,-4.675
677,-4.692
678,-4.769
679,-5.035
680,-5.102
681,-3.831
682,-1.483
683,-0.406
684,0.103
685,0.466
686,0.536
687,0.3
688,-1.011
689,-2.637
690,-3.281
691,-3.224
692,-2.796
693,-2.386
694,-2.04
695,-1.661
696,-1.439
697,-1.465
698,-1.322
699,-1.4
700,-1.503
701,-1.576
702,-1.724
703,-1.974
704,-2.115
705,-1.947
706,-1.718
707,-1.462
708,-1.064
709,-0.711
710,-0.531
711,-0.682
712,-2.078
713,-4.45
714,-5.367
715,-5.664
716,-5.755
717,-5.633
718,-5.399
719,-5.174
720,-5.13
721,-4.962
722,-4.714
723,-4.544
724,-4.376
725,-4.444
726,-4.598
727,-4.725
728,-4.311
729,-2.327
730,-0.462
731,0.368
732,0.989
733,1.46
734,1.64
735,1.252
736,0.71
737,0.145
738,0.229
739,0.385
740,1.135
741,1.524
742,1.727
743,1.746
744,1.467
745,1.184
746,0.772
747,0.207
748,0.069
749,0.008
750,-0.02
751,0.04
752,0.222
753,0.524
754,0.675
755,0.787
756,0.813
757,0.871
758,0.791
759,0.73
760,0.571
761,0.377
762,0.314
763,0.184
764,-0.161
765,-0.517
766,-1.014
767,-1.598
768,-1.853
769,-1.905
770,-1.797
771,-1.579
772,-1.521
773,-1.668
774,-2.023
775,-2.365
776,-2.327
777,-0.789
778,0.541
779,1.012
780,1.457
781,1.64
782,1.468
783,1.082
784,0.447
785,-0.411
786,-0.727
787,-0.947
788,-1.319
789,-1.752
790,-2.166
791,-2.51
792,-2.786
793,-3.003
794,-3.192
795,-3.361
796,-3.488
797,-3.594
798,-3.694
799,-3.823
800,-3.83
801,-2.78
802,-1.688
803,-1.023
804,-0.549
805,-0.32
806,-0.314
807,-0.561
808,-1.182
809,-2.329
810,-3.391
811,-4.274
812,-4.96
813,-5.592
814,-6.175
815,-6.928
816,-7.633
817,-8.307
818,-8.794
819,-9.184
820,-9.476
821,-9.71
822,-9.927
823,-10.277
824,-9.925
825,-7.422
826,-3.945
827,-1.731
828,-0.538
829,0.041
830,0.214
831,0.17
832,-0.282
833,-1.494
834,-2.753
835,-4.069
836,-5.295
837,-5.197
838,-4.667
839,-4.21
840,-4.05
841,-3.435
842,-2.742
843,-2.297
844,-2.342
845,-3.053
846,-4.533
847,-5.959
848,-5.587
849,-3.39
850,-0.565
851,0.567
852,1.164
853,1.536
854,1.611
855,1.368
856,0.372
857,-1.588
858,-3.196
859,-4.158
860,-4.695
861,-4.774
862,-4.754
863,-4.705
864,-4.414
865,-4.31
866,-4.379
867,-4.046
868,-4.153
869,-5.027
870,-5.726
871,-6.27
872,-5.916
873,-3.627
874,-0.702
875,0.853
876,1.632
877,2.21
878,2.385
879,2.279
880,1.342
881,-0.834
882,-2.345
883,-2.884
884,-2.972
885,-2.989
886,-2.996
887,-3.219
888,-2.963
889,-2.245
890,-1.693
891,-1.511
892,-1.35
893,-0.804
894,-0.258
895,-0.013
896,0.469
897,1.66
898,2.5
899,2.757
900,2.503
901,2.057
902,1.922
903,1.791
904,1.412
905,1.054
906,0.976
907,0.997
908,0.94
909,0.677
910,0.51
911,0.308
912,0.127
913,-0.203
914,-0.696
915,-1.037
916,-1.439
917,-2.009
918,-2.585
919,-2.587
920,-1.787
921,0.246
922,1.403
923,2.183
924,2.956
925,3.63
926,3.961
927,3.809
928,2.734
929,1.203
930,0.371
931,0.033
932,-0.014
933,0.047
934,-0.059
935,-0.169
936,-0.226
937,-0.269
938,-0.232
939,-0.125
940,0.259
941,1.176
942,1.554
943,1.517
944,1.878
945,2.534
946,3.048
947,3.634
948,4.532
949,5.111
950,4.945
951,4.338
952,3.495
953,2.515
954,2.06
955,1.649
956,1.307
957,1.024
958,1.077
959,0.992
960,1.032
961,1.26
962,1.516
963,1.774
964,1.921
965,2.034
966,2.341
967,2.52
968,3.45
969,4.344
970,4.883
971,5.283
972,5.587
973,5.876
974,6.181
975,5.189
976,3.803
977,3.055
978,1.962
979,1.137
980,0.94
981,0.764
982,0.489
983,0.29
984,0.269
985,0.301
986,0.283
987,-0.108
988,-0.695
989,-1.284
990,-1.706
991,-1.694
992,-0.981
993,-0.068
994,0.399
995,0.855
996,1.12
997,1.318
998,1.424
999,1.204
1000,0.669
1001,-0.464
1002,-0.833
1003,-1.016
1004,-1.125
1005,-1.29
1006,-1.493
1007,-1.562
1008,-1.712
1009,-1.963
1010,-2.222
1011,-2.48
1012,-2.693
1013,-3.062
1014,-3.395
1015,-3.633
1016,-2.631
1017,-0.774
1018,0.932
1019,2.176
1020,2.882
1021,3.201
1022,3.213
1023,2.871
1024,1.787
1025,-0.919
1026,-2.148
1027,-2.589
1028,-2.883
1029,-3.141
1030,-3.28
1031,-3.287
1032,-3.222
1033,-3.122
1034,-2.99
1035,-2.815
1036,-2.762
1037,-2.85
1038,-2.794
1039,-2.531
1040,-0.73
1041,1.547
1042,3.331
1043,4.848
1044,5.927
1045,6.566
1046,6.696
1047,6.156
1048,4.365
1049,1.926
1050,0.613
1051,0.133
1052,0.008
1053,0.044
1054,0.213
1055,0.501
1056,0.671
1057,0.751
1058,0.806
1059,0.877
1060,0.921
1061,0.839
1062,0.723
1063,0.657
1064,1.868
1065,4.248
1066,5.782
1067,6.925
1068,8.19
1069,9.394
1070,9.323
1071,8.419
1072,6.472
1073,4.309
1074,3.228
1075,2.83
1076,2.603
1077,2.421
1078,2.315
1079,2.219
1080,2.257
1081,2.392
1082,2.522
1083,2.58
1084,2.385
1085,2.104
1086,1.875
1087,1.788
1088,3.188
1089,5.958
1090,8.101
1091,9.277
1092,10.323
1093,11.206
1094,11.132
1095,10.232
1096,8.267
1097,6.235
1098,5.209
1099,4.788
1100,4.448
1101,4.121
1102,3.697
1103,3.209
1104,2.787
1105,2.431
1106,2.094
1107,1.818
1108,1.63
1109,1.392
1110,1.17
1111,1.088
1112,3.037
1113,6.233
1114,8.338
1115,9.581
1116,10.833
1117,11.961
1118,12.149
1119,11.642
1120,10.165
1121,8.23
1122,7.168
1123,6.691
1124,6.2
1125,5.535
1126,4.852
1127,4.271
1128,3.847
1129,3.566
1130,3.384
1131,3.24
1132,2.888
1133,2.364
1134,1.937
1135,1.756
1136,3.348
1137,6.321
1138,8.049
1139,9.455
1140,10.953
1141,11.61
1142,11.679
1143,11.199
1144,9.951
1145,7.857
1146,6.924
1147,5.977
1148,5.201
1149,4.638
1150,4.157
1151,3.803
1152,3.53
1153,3.456
1154,3.494
1155,3.278
1156,2.696
1157,2.216
1158,1.91
1159,1.868
1160,3.468
1161,5.927
1162,7.411
1163,8.388
1164,9.059
1165,9.419
1166,9.486
1167,9.097
1168,7.809
1169,5.059
1170,3.557
1171,2.988
1172,2.396
1173,1.916
1174,1.649
1175,1.283
1176,1.039
1177,0.838
1178,0.75
1179,0.664
1180,0.684
1181,0.755
1182,0.917
1183,1.16
1184,2.783
1185,5.144
1186,6.807
1187,7.887
1188,8.626
1189,9.094
1190,9.354
1191,9.266
1192,8.607
1193,7.076
1194,6.017
1195,5.286
1196,4.717
1197,4.119
1198,3.641
1199,3.455
1200,3.259
1201,3.013
1202,2.688
1203,2.405
1204,2.073
1205,1.605
1206,1.251
1207,1.217
1208,2.893
1209,5.414
1210,7.487
1211,8.982
1212,10.017
1213,10.586
1214,10.859
1215,10.661
1216,9.806
1217,7.823
1218,6.328
1219,5.367
1220,4.52
1221,3.816
1222,3.395
1223,3.145
1224,3.11
1225,3.174
1226,3.28
1227,3.356
1228,3.271
1229,2.931
1230,2.539
1231,2.232
1232,3.556
1233,6.076
1234,7.637
1235,9.886
1236,11.06
1237,11.515
1238,11.592
1239,11.228
1240,10.143
1241,7.94
1242,6.469
1243,5.731
1244,4.92
1245,4.207
1246,3.682
1247,3.513
1248,3.53
1249,3.532
1250,3.287
1251,2.837
1252,2.331
1253,1.821
1254,1.458
1255,1.415
1256,3.822
1257,6.481
1258,8.525
1259,10.111
1260,10.99
1261,11.4
1262,11.376
1263,10.938
1264,9.869
1265,7.036
1266,4.77
1267,3.842
1268,3.067
1269,2.526
1270,1.981
1271,1.446
1272,1.004
1273,0.698
1274,0.548
1275,0.642
1276,0.74
1277,0.74
1278,0.529
1279,0.487
1280,2.436
1281,4.799
1282,6.802
1283,8.623
1284,9.821
1285,10.451
1286,10.557
1287,10.015
1288,8.798
1289,5.803
1290,3.525
1291,2.598
1292,2.148
1293,1.772
1294,1.592
1295,1.603
1296,1.65
1297,1.622
1298,1.65
1299,1.723
1300,1.946
1301,2.26
1302,2.175
1303,2.133
1304,3.778
1305,5.867
1306,7.309
1307,8.283
1308,9.152
1309,9.817
1310,10.031
1311,9.742
1312,9.022
1313,6.658
1314,4.661
1315,3.665
1316,2.873
1317,2.312
1318,1.942
1319,1.834
1320,2.005
1321,2.26
1322,2.519
1323,2.583
1324,2.565
1325,2.626
1326,2.614
1327,3.016
1328,4.868
1329,6.873
1330,8.634
1331,10.211
1332,11.187
1333,11.898
1334,12.203
1335,11.941
1336,10.877
1337,8.014
1338,5.694
1339,4.523
1340,3.687
1341,3.159
1342,3.082
1343,3.275
1344,3.559
1345,3.925
1346,4.336
1347,4.703
1348,4.539
1349,3.96
1350,3.518
1351,3.495
1352,5.414
1353,8.229
1354,9.94
1355,11.836
1356,12.9
1357,13.281
1358,13.22
1359,12.777
1360,11.791
1361,9.214
1362,7.215
1363,6.176
1364,5.352
1365,4.754
1366,4.336
1367,4.059
1368,3.824
1369,3.613
1370,3.545
1371,3.501
1372,3.392
1373,3.194
1374,3.072
1375,3.341
1376,5.472
1377,7.913
1378,9.711
1379,11.52
1380,12.886
1381,13.751
1382,14.089
1383,13.867
1384,13.095
1385,11.145
1386,9.739
1387,9.234
1388,8.661
1389,7.95
1390,7.106
1391,6.324
1392,5.902
1393,5.783
1394,5.694
1395,5.513
1396,5.356
1397,5.061
1398,4.68
1399,4.812
1400,6.986
1401,9.782
1402,11.102
1403,12.059
1404,12.555
1405,12.718
1406,12.527
1407,11.939
1408,10.795
1409,8.198
1410,6.087
1411,5.875
1412,5.789
1413,5.663
1414,5.177
1415,4.403
1416,4.112
1417,4.05
1418,4.074
1419,4.248
1420,4.278
1421,4.23
1422,4.107
1423,4.109
1424,4.715
1425,5.275
1426,5.669
1427,5.69
1428,5.645
1429,5.502
1430,5.393
1431,5.248
1432,5.034
1433,4.522
1434,3.833
1435,3.792
1436,3.782
1437,3.76
1438,3.734
1439,3.732
1440,3.731
1441,3.524
1442,3.273
1443,3.022
1444,2.849
1445,2.704
1446,2.575
1447,2.684
1448,3.427
1449,4.201
1450,5.363
1451,6.539
1452,7.335
1453,7.304
1454,6.688
1455,6.138
1456,5.75
1457,5.138
1458,4.253
1459,3.906
1460,3.415
1461,2.818
1462,2.619
1463,2.6
1464,2.5
1465,2.358
1466,2.091
1467,1.865
1468,1.43
1469,1.005
1470,0.886
1471,1.313
1472,4.079
1473,6.575
1474,8.553
1475,9.808
1476,10.745
1477,11.209
1478,11.135
1479,10.591
1480,9.79
1481,8.073
1482,5.995
1483,5.825
1484,5.1
1485,4.787
1486,4.644
1487,4.373
1488,4.076
1489,3.886
1490,3.808
1491,3.869
1492,4.383
1493,4.8
1494,5.12
1495,5.52
1496,5.902
1497,5.968
1498,6.018
1499,7.024
1500,8.236
1501,9.036
1502,8.631
1503,7.642
1504,6.582
1505,5.339
1506,3.564
1507,2.876
1508,2.527
1509,2.408
1510,2.28
1511,2.176
1512,2.034
1513,2.017
1514,2.183
1515,2.304
1516,2.164
1517,1.838
1518,1.23
1519,1.291
1520,3.508
1521,4.846
1522,5.872
1523,6.654
1524,7.315
1525,7.808
1526,8.08
1527,8.13
1528,7.82
1529,6.366
1530,4.386
1531,4.005
1532,3.423
1533,2.963
1534,2.485
1535,2.166
1536,1.84
1537,1.741
1538,1.98
1539,1.927
1540,1.324
1541,0.903
1542,0.373
1543,1.058
1544,3.961
1545,6.496
1546,8.496
1547,10.565
1548,11.86
1549,12.595
1550,12.625
1551,11.66
1552,10.087
1553,9.103
1554,7.801
1555,7.669
1556,7.552
1557,7.192
1558,6.656
1559,6.191
1560,6.416
1561,6.798
1562,6.748
1563,6.15
1564,5.127
1565,4.433
1566,4.228
1567,4.841
1568,5.618
1569,5.93
1570,5.983
1571,6.56
1572,7.493
1573,8.036
1574,8.183
1575,7.9
1576,7.419
1577,6.358
1578,4.395
1579,3.8
1580,3.457
1581,3.167
1582,2.914
1583,2.792
1584,2.764
1585,2.738
1586,2.616
1587,2.42
1588,2.215
1589,2.038
1590,1.931
1591,2.379
1592,4.062
1593,5.36
1594,6.666
1595,7.388
1596,7.553
1597,7.468
1598,7.54
1599,7.555
1600,7.345
1601,6.292
1602,4.453
1603,4.344
1604,4.174
1605,4.02
1606,3.36
1607,3.065
1608,3.049
1609,2.98
1610,2.911
1611,2.924
1612,2.736
1613,2.454
1614,2.267
1615,3.056
1616,4.619
1617,5.379
1618,5.666
1619,5.807
1620,6.059
1621,6.304
1622,6.429
1623,6.409
1624,6.408
1625,6.232
1626,6.049
1627,6.005
1628,6.056
1629,6.116
1630,6.324
1631,6.643
1632,6.873
1633,6.915
1634,6.995
1635,7.196
1636,7.541
1637,7.567
1638,7.462
1639,7.759
1640,8.608
1641,9.045
1642,9.21
1643,9.473
1644,9.941
1645,10.748
1646,11.088
1647,10.993
1648,10.064
1649,8.814
1650,7.183
1651,5.959
1652,5.267
1653,4.671
1654,3.684
1655,2.666
1656,1.648
1657,1.116
1658,0.731
1659,0.566
1660,0.708
1661,0.435
1662,-0.031
1663,0.972
1664,2.077
1665,2.721
1666,2.791
1667,2.546
1668,2.105
1669,2.131
1670,2.398
1671,2.352
1672,2.094
1673,1.416
1674,-0.324
1675,-1.268
1676,-1.765
1677,-1.938
1678,-1.719
1679,-1.328
1680,-1.778
1681,-2.273
1682,-2.495
1683,-2.602
1684,-2.637
1685,-3.005
1686,-3.39
1687,-2.021
1688,0.431
1689,2.835
1690,4.729
1691,6.29
1692,7.785
1693,8.944
1694,9.48
1695,9.272
1696,8.54
1697,7.112
1698,5.536
1699,5.018
1700,4.79
1701,4.463
1702,4.411
1703,4.261
1704,3.431
1705,2.499
1706,2.407
1707,2.272
1708,1.561
1709,1.002
1710,0.765
1711,1.16
1712,1.606
1713,2.43
1714,3.212
1715,3.87
1716,4.463
1717,4.478
1718,4.107
1719,3.728
1720,3.515
1721,2.975
1722,1.529
1723,1.193
1724,1.16
1725,1.116
1726,0.892
1727,0.743
1728,0.767
1729,0.906
1730,0.992
1731,0.968
1732,0.852
1733,0.847
1734,0.801
1735,0.953
1736,1.288
1737,1.675
1738,2.265
1739,2.891
1740,3.201
1741,3.098
1742,2.869
1743,2.327
1744,1.819
1745,1.602
1746,1.406
1747,1.258
1748,1.254
1749,1.52
1750,1.976
1751,2.395
1752,2.657
1753,2.733
1754,2.677
1755,2.525
1756,2.45
1757,2.448
1758,2.525
1759,2.931
1760,3.61
1761,4.161
1762,4.663
1763,5.178
1764,5.697
1765,6.176
1766,6.587
1767,6.814
1768,6.743
1769,6.343
1770,5.782
1771,5.538
1772,5.256
1773,5.327
1774,5.311
1775,5.148
1776,4.878
1777,4.669
1778,4.488
1779,4.288
1780,4.157
1781,3.864
1782,3.496
1783,3.987
1784,5.342
1785,6.928
1786,8.409
1787,9.762
1788,10.995
1789,12.014
1790,12.715
1791,12.927
1792,12.618
1793,11.028
1794,8.075
1795,6.69
1796,5.923
1797,5.415
1798,4.957
1799,4.599
1800,4.314
1801,3.989
1802,3.579
1803,3.224
1804,3.284
1805,3.566
1806,3.798
1807,5.556
1808,8.773
1809,10.295
1810,10.625
1811,11.05
1812,11.222
1813,10.767
1814,9.474
1815,7.245
1816,5.484
1817,4.498
1818,3.501
1819,2.785
1820,2.27
1821,1.952
1822,1.358
1823,0.756
1824,0.256
1825,0.099
1826,0.091
1827,-0.006
1828,-0.22
1829,-0.498
1830,-0.741
1831,0.197
1832,1.319
1833,2.257
1834,2.94
1835,3.541
1836,4.103
1837,4.412
1838,4.765
1839,4.803
1840,4.487
1841,3.793
1842,2.26
1843,1.713
1844,1.42
1845,1.073
1846,0.655
1847,0.173
1848,-0.314
1849,-0.807
1850,-1.286
1851,-1.713
1852,-2.15
1853,-2.488
1854,-2.694
1855,-0.881
1856,1.405
1857,3.401
1858,4.754
1859,5.751
1860,6.432
1861,6.705
1862,6.657
1863,6.285
1864,5.72
1865,4.65
1866,2.131
1867,0.768
1868,0.038
1869,-0.5
1870,-0.968
1871,-1.428
1872,-1.675
1873,-1.889
1874,-2.09
1875,-2.27
1876,-2.425
1877,-2.613
1878,-2.77
1879,-0.817
1880,1.486
1881,3.964
1882,5.642
1883,6.921
1884,7.895
1885,8.518
1886,8.749
1887,8.562
1888,8.021
1889,6.658
1890,3.534
1891,2.036
1892,1.252
1893,0.612
1894,0.053
1895,-0.408
1896,-0.69
1897,-0.828
1898,-0.881
1899,-0.956
1900,-1.13
1901,-1.377
1902,-1.518
1903,0.425
1904,2.986
1905,5.541
1906,8.091
1907,9.819
1908,11.032
1909,11.875
1910,12.246
1911,12.13
1912,11.571
1913,10.101
1914,7.056
1915,5.522
1916,4.601
1917,3.789
1918,3.058
1919,2.457
1920,2.073
1921,1.885
1922,1.817
1923,1.873
1924,1.843
1925,1.766
1926,1.664
1927,3.135
1928,6.66
1929,9.164
1930,11.786
1931,13.495
1932,14.605
1933,15.148
1934,15.199
1935,14.882
1936,14.315
1937,12.763
1938,10.001
1939,8.868
1940,8.343
1941,7.909
1942,7.398
1943,7.077
1944,6.86
1945,6.654
1946,6.481
1947,6.205
1948,5.696
1949,4.965
1950,4.296
1951,5.266
1952,8.501
1953,10.972
1954,13.083
1955,14.202
1956,14.94
1957,15.291
1958,15.283
1959,14.933
1960,14.324
1961,12.706
1962,9.304
1963,7.81
1964,7.306
1965,7.031
1966,6.82
1967,6.609
1968,6.552
1969,6.511
1970,6.761
1971,7.259
1972,7.435
1973,7.306
1974,7.019
1975,7.683
1976,9.858
1977,11.858
1978,13.184
1979,14.096
1980,14.628
1981,14.823
1982,14.695
1983,14.249
1984,13.59
1985,12.219
1986,9.046
1987,7.45
1988,6.661
1989,6.045
1990,5.655
1991,5.272
1992,5.058
1993,4.674
1994,3.911
1995,3.484
1996,3.375
1997,3.185
1998,3.015
1999,3.725
2000,5.069
2001,6.919
2002,8.239
2003,8.999
2004,9.484
2005,9.525
2006,9.186
2007,8.442
2008,7.254
2009,5.712
2010,3.725
2011,2.279
2012,1.494
2013,1.006
2014,0.842
2015,0.922
2016,0.637
2017,0.398
2018,0.435
2019,0.529
2020,0.493
2021,0.273
2022,0.031
2023,0.901
2024,2.226
2025,3.726
2026,5.012
2027,6.063
2028,6.873
2029,7.413
2030,7.607
2031,7.439
2032,6.943
2033,5.905
2034,3.958
2035,2.499
2036,1.823
2037,1.212
2038,0.649
2039,0.236
2040,0.089
2041,-0.021
2042,-0.409
2043,-0.948
2044,-1.335
2045,-1.662
2046,-1.747
2047,0.595
2048,2.939
2049,5.284
2050,7.071
2051,8.366
2052,9.292
2053,9.888
2054,10.049
2055,9.793
2056,9.209
2057,8.039
2058,5.767
2059,4.05
2060,3.223
2061,2.656
2062,2.162
2063,1.721
2064,1.417
2065,1.109
2066,0.811
2067,0.537
2068,0.228
2069,-0.087
2070,-0.094
2071,2.204
2072,4.807
2073,7.16
2074,8.68
2075,9.799
2076,10.624
2077,11.156
2078,11.38
2079,11.236
2080,10.842
2081,9.838
2082,7.078
2083,5.356
2084,4.741
2085,4.344
2086,3.946
2087,3.449
2088,3.222
2089,3.06
2090,2.975
2091,2.978
2092,2.811
2093,2.397
2094,2.199
2095,4.32
2096,7.418
2097,9.781
2098,11.211
2099,12.381
2100,13.201
2101,13.67
2102,13.799
2103,13.609
2104,13.188
2105,12.176
2106,9.58
2107,8.652
2108,8.259
2109,7.963
2110,7.265
2111,6.35
2112,5.743
2113,5.315
2114,5.348
2115,5.198
2116,4.986
2117,4.624
2118,4.197
2119,5.983
2120,8.774
2121,10.904
2122,12.446
2123,13.581
2124,14.379
2125,14.861
2126,15.024
2127,14.806
2128,14.264
2129,13.104
2130,10.206
2131,8.85
2132,8.598
2133,8.187
2134,7.743
2135,7.212
2136,6.73
2137,6.492
2138,6.388
2139,6.197
2140,6.02
2141,5.6
2142,4.965
2143,6.556
2144,9.283
2145,11.682
2146,13.331
2147,14.462
2148,15.247
2149,15.725
2150,15.866
2151,15.641
2152,15.154
2153,13.986
2154,11.092
2155,9.589
2156,9.222
2157,8.932
2158,8.523
2159,7.924
2160,7.208
2161,6.632
2162,6.367
2163,6.138
2164,5.779
2165,5.499
2166,5.21
2167,7.105
2168,9.963
2169,12.359
2170,13.872
2171,14.92
2172,15.52
2173,15.772
2174,15.758
2175,15.471
2176,15.01
2177,14.128
2178,12.452
2179,11.751
2180,11.658
2181,11.246
2182,10.046
2183,8.571
2184,7.692
2185,7.12
2186,6.854
2187,6.759
2188,6.682
2189,6.412
2190,6.41
2191,8.333
2192,10.867
2193,12.367
2194,13.532
2195,14.336
2196,14.798
2197,14.889
2198,14.601
2199,13.863
2200,12.755
2201,11.314
2202,9.568
2203,8.341
2204,7.773
2205,7.296
2206,6.857
2207,6.398
2208,5.902
2209,5.623
2210,5.588
2211,5.477
2212,5.332
2213,5.235
2214,5.315
2215,6.254
2216,7.312
2217,8.021
2218,8.241
2219,7.929
2220,7.033
2221,5.855
2222,4.722
2223,3.332
2224,2.4
2225,1.887
2226,1.445
2227,0.932
2228,0.652
2229,0.425
2230,0.241
2231,0.067
2232,-0.049
2233,-0.224
2234,-0.404
2235,-0.646
2236,-0.851
2237,-1.051
2238,-1.116
2239,-0.576
2240,0.331
2241,0.651
2242,0.877
2243,1.069
2244,1.318
2245,1.61
2246,1.95
2247,2.203
2248,2.443
2249,2.544
2250,1.702
2251,0.348
2252,-0.492
2253,-1.075
2254,-1.722
2255,-2.49
2256,-3.237
2257,-3.853
2258,-4.325
2259,-4.752
2260,-4.81
2261,-4.956
2262,-4.528
2263,-1.708
2264,1.193
2265,2.783
2266,4.2
2267,5.597
2268,6.861
2269,7.896
2270,8.618
2271,8.898
2272,8.787
2273,8.091
2274,6.406
2275,5.06
2276,4.169
2277,3.328
2278,2.687
2279,2.33
2280,2.061
2281,1.871
2282,1.699
2283,1.588
2284,1.348
2285,1.15
2286,1.41
2287,3.079
2288,4.717
2289,7.067
2290,10.105
2291,12.275
2292,13.384
2293,13.649
2294,13.203
2295,12.132
2296,11.01
2297,9.849
2298,7.985
2299,6.451
2300,5.849
2301,5.387
2302,4.931
2303,4.571
2304,4.069
2305,3.522
2306,3.046
2307,2.619
2308,2.323
2309,2.018
2310,1.751
2311,1.954
2312,2.472
2313,3.335
2314,4.313
2315,5.828
2316,6.807
2317,7.109
2318,7.103
2319,6.886
2320,6.507
2321,5.971
2322,5.207
2323,4.547
2324,4.36
2325,4.168
2326,3.977
2327,3.919
2328,3.943
2329,3.949
2330,3.927
2331,3.882
2332,3.847
2333,3.769
2334,3.917
2335,4.816
2336,5.907
2337,7.432
2338,8.842
2339,9.864
2340,10.673
2341,11.076
2342,11.168
2343,11.062
2344,10.774
2345,10.151
2346,8.494
2347,6.755
2348,6.319
2349,5.954
2350,5.526
2351,5.27
2352,5.219
2353,5.065
2354,4.902
2355,4.708
2356,4.374
2357,3.874
2358,3.841
2359,5.723
2360,7.919
2361,9.67
2362,10.733
2363,11.49
2364,11.925
2365,12.118
2366,12.122
2367,11.906
2368,11.57
2369,10.942
2370,9.178
2371,7.188
2372,6.639
2373,6.27
2374,5.804
2375,5.394
2376,4.983
2377,4.589
2378,4.173
2379,3.758
2380,3.408
2381,3.243
2382,3.734
2383,5.596
2384,7.392
2385,9.405
2386,10.644
2387,11.332
2388,11.766
2389,11.933
2390,11.784
2391,11.391
2392,10.88
2393,10.078
2394,8.69
2395,7.404
2396,6.849
2397,6.297
2398,5.851
2399,5.705
2400,5.764
2401,5.757
2402,5.614
2403,5.443
2404,5.322
2405,5.234
2406,5.373
2407,6.016
2408,7.102
2409,8.698
2410,10.087
2411,10.963
2412,11.396
2413,11.299
2414,11.052
2415,10.646
2416,10.146
2417,9.409
2418,8.259
2419,6.963
2420,6.19
2421,5.24
2422,4.284
2423,3.43
2424,2.698
2425,2.126
2426,1.609
2427,1.027
2428,0.507
2429,0.238
2430,1.144
2431,2.953
2432,5.232
2433,7.374
2434,8.879
2435,9.94
2436,10.64
2437,11.027
2438,11.098
2439,10.814
2440,10.3
2441,9.431
2442,7.49
2443,4.901
2444,4.053
2445,3.313
2446,2.591
2447,1.972
2448,1.49
2449,1.127
2450,0.817
2451,0.545
2452,0.604
2453,0.519
2454,0.911
2455,2.652
2456,4.508
2457,6.048
2458,7.111
2459,7.934
2460,8.436
2461,8.866
2462,8.999
2463,8.787
2464,8.269
2465,7.314
2466,5.46
2467,2.839
2468,1.907
2469,1.283
2470,0.588
2471,-0.026
2472,-0.602
2473,-1.187
2474,-1.681
2475,-2.014
2476,-1.973
2477,-2.16
2478,-1.578
2479,0.176
2480,1.684
2481,2.888
2482,4.12
2483,5.224
2484,6.036
2485,6.581
2486,6.748
2487,6.524
2488,5.92
2489,5.153
2490,3.879
2491,1.754
2492,0.951
2493,0.399
2494,0.011
2495,-0.327
2496,-0.644
2497,-0.785
2498,-0.943
2499,-0.901
2500,-0.945
2501,-1.098
2502,-0.205
2503,2.513
2504,5.438
2505,8.401
2506,10.503
2507,12.204
2508,13.469
2509,14.316
2510,14.79
2511,14.858
2512,14.496
2513,13.535
2514,11.257
2515,8.988
2516,8.393
2517,7.991
2518,7.502
2519,7.106
2520,6.828
2521,6.648
2522,6.686
2523,6.924
2524,6.662
2525,6.082
2526,5.98
2527,6.739
2528,7.444
2529,7.94
2530,8.438
2531,8.94
2532,9.352
2533,9.304
2534,9.183
2535,9.158
2536,8.998
2537,8.873
2538,8.252
2539,7.157
2540,6.792
2541,6.487
2542,6.196
2543,5.837
2544,5.318
2545,5.048
2546,4.987
2547,4.913
2548,4.976
2549,4.767
2550,5.238
2551,7.613
2552,9.885
2553,11.937
2554,13.519
2555,14.632
2556,15.452
2557,16.016
2558,16.26
2559,16.158
2560,15.873
2561,15.273
2562,13.784
2563,12.149
2564,11.435
2565,10.764
2566,10.179
2567,9.634
2568,8.909
2569,8.606
2570,8.543
2571,8.548
2572,8.114
2573,7.558
2574,7.634
2575,10.186
2576,12.625
2577,14.911
2578,16.408
2579,17.481
2580,18.095
2581,18.253
2582,18.066
2583,17.724
2584,17.327
2585,16.792
2586,15.383
2587,13.929
2588,13.46
2589,12.703
2590,11.74
2591,11.104
2592,10.901
2593,10.596
2594,10.381
2595,10.281
2596,9.807
2597,9.116
2598,9.19
2599,11.349
2600,13.704
2601,15.285
2602,16.533
2603,17.662
2604,18.38
2605,18.751
2606,18.808
2607,18.571
2608,18.128
2609,17.322
2610,15.429
2611,13.197
2612,12.715
2613,12.43
2614,11.989
2615,11.29
2616,10.28
2617,9.395
2618,8.703
2619,8.101
2620,7.734
2621,7.358
2622,8.201
2623,11.128
2624,13.537
2625,15.375
2626,16.689
2627,17.716
2628,18.495
2629,19.052
2630,19.339
2631,19.341
2632,19.102
2633,18.362
2634,16.156
2635,13.303
2636,12.023
2637,11.098
2638,10.534
2639,10.391
2640,10.333
2641,10.245
2642,10.013
2643,10.051
2644,9.708
2645,8.925
2646,9.184
2647,11.323
2648,13.49
2649,14.871
2650,15.89
2651,16.763
2652,17.402
2653,18.139
2654,18.565
2655,18.214
2656,17.544
2657,16.613
2658,15.304
2659,13.54
2660,12.304
2661,11.585
2662,11.152
2663,10.498
2664,10.009
2665,9.177
2666,8.561
2667,8.974
2668,9.557
2669,9.043
2670,9.129
2671,10.622
2672,12.774
2673,14.781
2674,16.809
2675,18.457
2676,19.6
2677,20.367
2678,20.768
2679,20.724
2680,20.462
2681,19.587
2682,17.194
2683,13.954
2684,12.394
2685,11.584
2686,11.031
2687,10.763
2688,10.659
2689,10.474
2690,10.596
2691,10.876
2692,10.84
2693,10.596
2694,10.811
2695,12.22
2696,13.781
2697,15.028
2698,15.666
2699,16.121
2700,16.767
2701,17.679
2702,18.397
2703,18.401
2704,17.722
2705,16.835
2706,15.156
2707,12.886
2708,11.972
2709,11.426
2710,11.183
2711,10.935
2712,10.755
2713,10.373
2714,9.85
2715,9.216
2716,9.046
2717,8.736
2718,9.856
2719,12.337
2720,14.055
2721,14.02
2722,13.204
2723,13.047
2724,13.73
2725,14.45
2726,14.261
2727,13.825
2728,13.976
2729,13.619
2730,12.076
2731,9.361
2732,8.212
2733,7.733
2734,7.539
2735,7.53
2736,7.667
2737,7.63
2738,7.241
2739,6.631
2740,6.324
2741,5.903
2742,7.475
2743,10.501
2744,12.783
2745,15.006
2746,16.803
2747,17.874
2748,18.387
2749,18.602
2750,18.412
2751,18.121
2752,17.522
2753,16.169
2754,14.08
2755,11.726
2756,10.388
2757,8.7
2758,7.001
2759,5.786
2760,5.106
2761,4.771
2762,4.596
2763,4.301
2764,3.668
2765,2.982
2766,3.159
2767,3.874
2768,4.866
2769,6.345
2770,7.974
2771,9.597
2772,10.598
2773,10.811
2774,10.666
2775,10.346
2776,10.066
2777,9.645
2778,8.706
2779,6.856
2780,6.136
2781,5.926
2782,5.901
2783,6.099
2784,6.202
2785,6.187
2786,6.126
2787,5.993
2788,5.658
2789,5.207
2790,5.037
2791,5.325
2792,6.249
2793,7.403
2794,8.647
2795,9.587
2796,9.95
2797,9.824
2798,9.466
2799,9.29
2800,8.825
2801,8.333
2802,7.666
2803,5.574
2804,4.251
2805,4.024
2806,3.797
2807,3.421
2808,3.004
2809,2.565
2810,2.213
2811,1.913
2812,1.696
2813,1.655
2814,2.258
2815,3.083
2816,4.092
2817,5.094
2818,5.972
2819,6.599
2820,6.874
2821,6.761
2822,6.411
2823,6.1
2824,5.749
2825,5.235
2826,4.508
2827,3.605
2828,3.19
2829,2.966
2830,2.838
2831,2.748
2832,2.662
2833,2.602
2834,2.511
2835,2.351
2836,2.216
2837,2.151
2838,3.078
2839,4.1
2840,5.386
2841,6.791
2842,8.081
2843,9.064
2844,9.825
2845,10.369
2846,10.752
2847,10.854
2848,10.595
2849,9.923
2850,8.67
2851,6.741
2852,5.73
2853,5.122
2854,4.442
2855,3.607
2856,2.91
2857,2.432
2858,2.023
2859,1.66
2860,1.315
2861,1.236
2862,3.407
2863,6.127
2864,8.304
2865,10.022
2866,11.425
2867,12.618
2868,13.528
2869,14.047
2870,14.134
2871,13.926
2872,13.533
2873,12.823
2874,11.532
2875,8.759
2876,7.21
2877,6.476
2878,5.81
2879,5.206
2880,4.671
2881,4.222
2882,3.744
2883,3.253
2884,2.803
2885,2.502
2886,4.173
2887,6.87
2888,9.27
2889,11.31
2890,12.953
2891,14.159
2892,15.138
2893,15.825
2894,16.199
2895,16.207
2896,15.985
2897,15.423
2898,14.148
2899,11.877
2900,11.205
2901,10.508
2902,9.893
2903,8.988
2904,7.867
2905,6.922
2906,6.407
2907,6.233
2908,6.173
2909,6.112
2910,7.648
2911,9.979
2912,10.84
2913,10.715
2914,10.398
2915,10.431
2916,10.614
2917,11.092
2918,11.675
2919,11.841
2920,11.349
2921,10.295
2922,9.16
2923,7.897
2924,7.169
2925,6.906
2926,6.523
2927,6.254
2928,6.133
2929,6.027
2930,5.862
2931,5.61
2932,5.42
2933,5.306
2934,5.767
2935,6.335
2936,7.421
2937,8.374
2938,9.562
2939,10.452
2940,11.09
2941,11.504
2942,11.661
2943,11.582
2944,11.343
2945,10.8
2946,9.818
2947,7.661
2948,6.256
2949,5.64
2950,5.092
2951,4.631
2952,4.388
2953,4.272
2954,4.24
2955,3.873
2956,3.722
2957,3.731
2958,4.831
2959,6.669
2960,7.951
2961,8.801
2962,9.404
2963,9.817
2964,10.143
2965,10.255
2966,10.184
2967,9.486
2968,7.726
2969,5.349
2970,3.219
2971,1.679
2972,0.899
2973,0.482
2974,0.159
2975,-0.082
2976,-0.282
2977,-0.475
2978,-0.6
2979,-0.661
2980,-0.557
2981,-0.503
2982,-0.153
2983,0.53
2984,1.496
2985,2.461
2986,3.213
2987,3.824
2988,4.366
2989,4.838
2990,5.14
2991,5.183
2992,5.059
2993,4.719
2994,3.993
2995,2.348
2996,1.246
2997,0.752
2998,0.34
2999,-0.185
3000,-0.693
3001,-1.091
3002,-1.368
3003,-1.249
3004,-0.982
3005,-0.932
3006,0.679
3007,2.295
3008,3.868
3009,5.186
3010,6.27
3011,7.311
3012,8.254
3013,9.019
3014,9.548
3015,9.776
3016,9.612
3017,9.034
3018,7.871
3019,5.011
3020,3.33
3021,2.814
3022,2.347
3023,1.743
3024,1.477
3025,1.154
3026,0.908
3027,0.96
3028,0.786
3029,0.92
3030,2.19
3031,4.256
3032,6.688
3033,9.037
3034,10.672
3035,12.05
3036,12.94
3037,12.771
3038,12.979
3039,13.013
3040,12.658
3041,12.486
3042,11.477
3043,9.754
3044,8.856
3045,8.86
3046,8.665
3047,8.235
3048,7.874
3049,7.504
3050,7.407
3051,7.287
3052,7.163
3053,7.234
3054,7.492
3055,7.864
3056,8.302
3057,8.926
3058,9.572
3059,10.476
3060,11.61
3061,11.612
3062,10.951
3063,10.523
3064,10.224
3065,9.959
3066,9.602
3067,8.581
3068,7.254
3069,6.236
3070,5.776
3071,5.273
3072,4.177
3073,3.64
3074,3.383
3075,3.263
3076,3.566
3077,4.194
3078,6.018
3079,7.122
3080,7.814
3081,8.701
3082,9.528
3083,10.044
3084,10.489
3085,10.992
3086,11.625
3087,11.961
3088,11.928
3089,11.487
3090,10.567
3091,9.447
3092,8.925
3093,8.678
3094,8.423
3095,8.106
3096,7.672
3097,7.124
3098,6.656
3099,6.534
3100,6.296
3101,6.122
3102,7.259
3103,8.437
3104,10.103
3105,11.912
3106,13.403
3107,14.565
3108,15.366
3109,15.85
3110,16.092
3111,16.14
3112,15.773
3113,15.137
3114,14.387
3115,12.658
3116,11.778
3117,11.783
3118,11.686
3119,11.049
3120,10.532
3121,10.472
3122,10.618
3123,10.49
3124,9.883
3125,9.363
3126,10.065
3127,10.481
3128,10.935
3129,11.694
3130,12.246
3131,12.332
3132,12.472
3133,12.299
3134,11.339
3135,9.776
3136,8.499
3137,7.984
3138,7.53
3139,6.771
3140,5.971
3141,5.589
3142,5.439
3143,5.15
3144,4.65
3145,4.389
3146,4.427
3147,4.602
3148,4.663
3149,4.592
3150,5.188
3151,5.954
3152,7.155
3153,8.196
3154,9.14
3155,9.886
3156,10.44
3157,10.854
3158,11.088
3159,11.056
3160,10.694
3161,10.018
3162,8.964
3163,7.36
3164,6.088
3165,5.494
3166,4.978
3167,4.595
3168,4.21
3169,3.827
3170,3.302
3171,2.809
3172,2.291
3173,2.155
3174,3.655
3175,5.766
3176,7.839
3177,9.588
3178,11.012
3179,12.06
3180,12.839
3181,13.291
3182,13.418
3183,13.283
3184,12.843
3185,12.009
3186,10.784
3187,9.036
3188,7.454
3189,6.614
3190,6.148
3191,5.786
3192,5.382
3193,4.754
3194,4.256
3195,3.74
3196,3.161
3197,2.797
3198,4.29
3199,6.393
3200,8.657
3201,10.416
3202,11.687
3203,12.646
3204,13.098
3205,12.997
3206,12.434
3207,11.871
3208,11.679
3209,11.22
3210,10.069
3211,8.106
3212,6.54
3213,5.908
3214,5.313
3215,4.392
3216,3.73
3217,3.109
3218,2.523
3219,2.038
3220,1.57
3221,1.42
3222,2.915
3223,4.966
3224,7.064
3225,8.76
3226,10.049
3227,11.064
3228,11.833
3229,12.248
3230,12.411
3231,12.311
3232,11.95
3233,11.221
3234,10.109
3235,8.092
3236,5.906
3237,5.043
3238,4.352
3239,3.749
3240,3.312
3241,2.987
3242,2.704
3243,2.402
3244,1.988
3245,1.948
3246,4.301
3247,6.675
3248,8.9
3249,10.522
3250,11.848
3251,13.032
3252,13.905
3253,14.515
3254,14.902
3255,15.016
3256,14.878
3257,14.434
3258,13.524
3259,11.58
3260,10.23
3261,9.309
3262,8.36
3263,7.923
3264,7.754
3265,7.657
3266,7.687
3267,7.843
3268,7.765
3269,7.797
3270,8.723
3271,10.362
3272,12.037
3273,13.583
3274,14.092
3275,13.225
3276,11.972
3277,10.99
3278,10.554
3279,10.402
3280,10.137
3281,9.741
3282,9.236
3283,8.563
3284,7.728
3285,7.199
3286,6.795
3287,6.564
3288,6.473
3289,6.432
3290,6.368
3291,6.26
3292,6.101
3293,6.101
3294,7.52
3295,8.927
3296,10.593
3297,11.933
3298,12.484
3299,12.813
3300,13.104
3301,13.283
3302,13.418
3303,13.235
3304,12.829
3305,12.339
3306,11.561
3307,10.429
3308,9.661
3309,9.354
3310,9.058
3311,8.789
3312,8.503
3313,8.263
3314,8.006
3315,7.765
3316,7.654
3317,7.744
3318,8.174
3319,8.72
3320,9.528
3321,10.593
3322,11.695
3323,12.37
3324,12.799
3325,13.006
3326,13.102
3327,12.903
3328,12.449
3329,11.971
3330,11.392
3331,10.45
3332,9.447
3333,9.018
3334,8.707
3335,8.534
3336,8.422
3337,8.315
3338,8.285
3339,8.214
3340,8.167
3341,8.155
3342,8.5
3343,8.933
3344,9.451
3345,9.978
3346,10.421
3347,10.914
3348,11.429
3349,11.893
3350,12.223
3351,12.272
3352,12.41
3353,12.106
3354,11.599
3355,10.432
3356,9.032
3357,8.587
3358,8.45
3359,8.263
3360,8.124
3361,8.011
3362,7.963
3363,7.898
3364,7.875
3365,8.018
3366,8.949
3367,9.926
3368,11.101
3369,12.36
3370,13.64
3371,14.701
3372,15.457
3373,15.906
3374,16.015
3375,15.733
3376,15.312
3377,14.614
3378,13.798
3379,12.001
3380,9.987
3381,9.324
3382,8.828
3383,8.403
3384,7.963
3385,7.547
3386,7.195
3387,6.925
3388,6.699
3389,7.05
3390,9.16
3391,10.944
3392,12.776
3393,14.219
3394,15.345
3395,16.252
3396,16.933
3397,17.325
3398,17.442
3399,17.267
3400,16.864
3401,16.226
3402,15.167
3403,12.69
3404,10.415
3405,9.716
3406,9.123
3407,8.648
3408,8.329
3409,7.999
3410,7.663
3411,7.325
3412,6.954
3413,7.005
3414,9.47
3415,11.858
3416,14.233
3417,15.826
3418,16.916
3419,17.851
3420,18.584
3421,19.087
3422,19.343
3423,19.307
3424,19.101
3425,18.623
3426,17.81
3427,15.788
3428,14.204
3429,13.957
3430,13.534
3431,13.119
3432,12.775
3433,12.646
3434,12.411
3435,12.173
3436,11.71
3437,11.382
3438,12.307
3439,14.257
3440,16.313
3441,17.424
3442,18.244
3443,18.964
3444,19.193
3445,19.173
3446,19.108
3447,18.848
3448,18.466
3449,18.023
3450,17.221
3451,15.398
3452,13.735
3453,13.329
3454,12.986
3455,12.559
3456,12.228
3457,11.85
3458,11.565
3459,11.308
3460,11.224
3461,11.392
3462,12.342
3463,13.538
3464,14.596
3465,15.559
3466,16.499
3467,17.378
3468,17.803
3469,17.84
3470,17.741
3471,17.647
3472,17.247
3473,16.498
3474,15.557
3475,13.879
3476,12.009
3477,11.283
3478,10.649
3479,10.127
3480,9.771
3481,9.371
3482,9.008
3483,8.608
3484,8.274
3485,8.364
3486,9.935
3487,11.506
3488,13.301
3489,14.885
3490,16.02
3491,16.848
3492,17.411
3493,17.784
3494,17.932
3495,17.948
3496,17.7
3497,17.207
3498,16.404
3499,14.61
3500,12.49
3501,11.649
3502,11.008
3503,10.518
3504,10.159
3505,9.849
3506,9.66
3507,9.491
3508,9.235
3509,9.565
3510,11.733
3511,13.321
3512,14.715
3513,15.692
3514,16.398
3515,17.085
3516,17.618
3517,17.947
3518,18.113
3519,17.987
3520,17.495
3521,16.773
3522,15.77
3523,14.31
3524,12.907
3525,12.426
3526,12.123
3527,11.923
3528,11.788
3529,11.644
3530,11.459
3531,11.234
3532,10.845
3533,10.439
3534,10.196
3535,10.053
3536,10.306
3537,10.771
3538,11.09
3539,11.084
3540,11.061
3541,11.32
3542,11.917
3543,12.205
3544,11.849
3545,11.039
3546,10.156
3547,9.173
3548,7.728
3549,7.186
3550,6.887
3551,6.805
3552,6.764
3553,6.733
3554,6.595
3555,6.503
3556,6.416
3557,6.499
3558,7.478
3559,8.279
3560,9.463
3561,10.698
3562,11.683
3563,12.573
3564,13.267
3565,13.73
3566,13.958
3567,14.008
3568,13.808
3569,13.343
3570,12.565
3571,10.906
3572,8.774
3573,8.05
3574,7.55
3575,7.209
3576,6.967
3577,6.777
3578,6.59
3579,6.462
3580,6.356
3581,6.68
3582,8.684
3583,10.834
3584,12.676
3585,14.072
3586,15.282
3587,16.32
3588,17.122
3589,17.711
3590,18.045
3591,18.077
3592,17.851
3593,17.337
3594,16.398
3595,14.097
3596,11.711
3597,11.028
3598,10.471
3599,9.949
3600,9.469
3601,9.001
3602,8.685
3603,8.423
3604,8.181
3605,8.593
3606,11.178
3607,13.709
3608,15.959
3609,17.384
3610,18.486
3611,19.449
3612,20.226
3613,20.773
3614,21.071
3615,21.104
3616,20.922
3617,20.476
3618,19.577
3619,17.283
3620,15.105
3621,14.481
3622,13.942
3623,13.388
3624,12.891
3625,12.423
3626,11.954
3627,11.57
3628,11.19
3629,11.432
3630,13.829
3631,16.263
3632,18.451
3633,19.895
3634,20.969
3635,21.835
3636,22.471
3637,22.9
3638,23.093
3639,23.058
3640,22.916
3641,22.597
3642,22.186
3643,20.57
3644,19.101
3645,18.313
3646,17.755
3647,16.736
3648,15.813
3649,14.853
3650,14.178
3651,13.831
3652,13.465
3653,13.755
3654,16.197
3655,18.717
3656,20.697
3657,22.044
3658,23.05
3659,23.807
3660,24.304
3661,24.566
3662,24.599
3663,24.41
3664,24.155
3665,23.862
3666,23.097
3667,20.739
3668,18.993
3669,18.079
3670,17.05
3671,16.058
3672,15.343
3673,14.852
3674,14.534
3675,14.212
3676,13.912
3677,14.408
3678,16.869
3679,19.077
3680,21.472
3681,22.565
3682,22.64
3683,22.725
3684,22.886
3685,22.795
3686,22.361
3687,21.829
3688,21.516
3689,21.408
3690,21.08
3691,20.358
3692,19.566
3693,18.633
3694,17.807
3695,16.935
3696,16.113
3697,15.4
3698,14.882
3699,14.57
3700,14.065
3701,14.055
3702,16.69
3703,18.739
3704,20.982
3705,23.34
3706,24.716
3707,25.621
3708,26.055
3709,26.156
3710,25.889
3711,25.206
3712,24.361
3713,23.408
3714,21.995
3715,19.797
3716,17.477
3717,16.138
3718,15.127
3719,14.566
3720,14.295
3721,14.281
3722,14.281
3723,14.907
3724,15.659
3725,15.592
3726,16.892
3727,18.919
3728,20.609
3729,22.228
3730,23.444
3731,24.42
3732,25.176
3733,25.619
3734,25.736
3735,25.54
3736,25.07
3737,24.119
3738,22.404
3739,19.972
3740,17.692
3741,15.467
3742,13.32
3743,11.472
3744,10.082
3745,9.05
3746,8.39
3747,7.999
3748,7.796
3749,7.734
3750,7.994
3751,8.445
3752,9.2
3753,10.277
3754,11.482
3755,12.926
3756,14.174
3757,14.792
3758,15.095
3759,15.359
3760,15.508
3761,15.604
3762,15.233
3763,13.896
3764,11.713
3765,10.832
3766,10.424
3767,10.253
3768,10.327
3769,10.291
3770,10.068
3771,9.761
3772,9.126
3773,9.414
3774,12.673
3775,15.137
3776,17.524
3777,19.231
3778,20.646
3779,21.827
3780,22.583
3781,22.8
3782,22.554
3783,22.01
3784,20.827
3785,18.141
3786,14.985
3787,13.01
3788,11.91
3789,11.11
3790,10.459
3791,9.994
3792,9.444
3793,8.782
3794,8.102
3795,7.511
3796,7.07
3797,7.759
3798,10.473
3799,12.308
3800,13.702
3801,15.128
3802,16.319
3803,17.26
3804,18.015
3805,18.57
3806,18.893
3807,18.922
3808,18.731
3809,18.298
3810,17.566
3811,15.352
3812,13.062
3813,12.663
3814,12.467
3815,12.15
3816,11.941
3817,11.58
3818,11.274
3819,11.199
3820,11.117
3821,11.546
3822,12.889
3823,13.967
3824,15.395
3825,16.879
3826,17.062
3827,16.441
3828,16.161
3829,16.694
3830,17.663
3831,18.641
3832,19.077
3833,18.656
3834,17.671
3835,16.142
3836,14.827
3837,14.144
3838,13.777
3839,13.661
3840,13.629
3841,13.538
3842,13.437
3843,13.225
3844,12.878
3845,12.744
3846,13.05
3847,14.19
3848,15.156
3849,15.905
3850,16.312
3851,16.084
3852,15.6
3853,15.016
3854,14.788
3855,14.457
3856,14.105
3857,13.536
3858,12.693
3859,11.968
3860,11.045
3861,10.078
3862,9.718
3863,9.562
3864,9.34
3865,8.945
3866,8.694
3867,8.715
3868,8.567
3869,8.761
3870,8.937
3871,9.092
3872,9.786
3873,10.669
3874,11.937
3875,13.249
3876,13.62
3877,13.405
3878,13.117
3879,12.754
3880,12.486
3881,12.31
3882,11.927
3883,11.172
3884,10.35
3885,9.948
3886,9.594
3887,9.195
3888,8.843
3889,8.451
3890,8.054
3891,7.448
3892,6.955
3893,6.815
3894,7.334
3895,8.596
3896,10.073
3897,11.763
3898,13.755
3899,15.268
3900,16.319
3901,16.938
3902,17.216
3903,17.18
3904,16.961
3905,16.575
3906,15.906
3907,14.174
3908,11.823
3909,11.117
3910,10.46
3911,9.828
3912,9.47
3913,9.172
3914,8.815
3915,8.295
3916,7.821
3917,8.205
3918,10.982
3919,13.32
3920,15.326
3921,16.755
3922,17.886
3923,18.857
3924,19.644
3925,20.247
3926,20.642
3927,20.817
3928,20.76
3929,20.638
3930,20.127
3931,18.106
3932,17.099
3933,16.291
3934,15.443
3935,14.625
3936,14.222
3937,13.85
3938,13.728
3939,13.267
3940,12.738
3941,12.995
3942,14.813
3943,16.291
3944,16.369
3945,16.811
3946,17.565
3947,18.396
3948,20.259
3949,21.766
3950,22.865
3951,23.731
3952,23.71
3953,22.669
3954,20.927
3955,19.11
3956,17.086
3957,16.106
3958,15.212
3959,14.342
3960,14.003
3961,13.667
3962,13.306
3963,12.994
3964,12.99
3965,13.102
3966,13.798
3967,14.563
3968,15.609
3969,16.927
3970,18.685
3971,19.882
3972,20.364
3973,20.352
3974,20.212
3975,19.845
3976,19.056
3977,18.035
3978,16.984
3979,15.701
3980,14.302
3981,13.322
3982,12.53
3983,11.829
3984,11.239
3985,10.845
3986,10.552
3987,10.312
3988,10.131
3989,10.644
3990,11.795
3991,13.175
3992,14.672
3993,16.199
3994,17.451
3995,18.465
3996,19.289
3997,19.852
3998,20.174
3999,20.239
4000,20.088
4001,19.628
4002,18.777
4003,16.921
4004,14.428
4005,13.536
4006,12.853
4007,12.19
4008,11.632
4009,11.138
4010,10.736
4011,10.401
4012,10.163
4013,11.056
4014,13.741
4015,16.034
4016,18.445
4017,20.137
4018,21.396
4019,22.293
4020,22.882
4021,23.221
4022,23.327
4023,23.227
4024,23.023
4025,22.649
4026,22.194
4027,20.883
4028,19.441
4029,19.072
4030,18.634
4031,18.076
4032,17.007
4033,16.101
4034,15.451
4035,15.046
4036,14.525
4037,14.82
4038,16.8
4039,19.245
4040,21.059
4041,22.233
4042,23.444
4043,24.283
4044,24.447
4045,23.827
4046,23.199
4047,23.225
4048,23.546
4049,23.687
4050,22.965
4051,21.324
4052,19.84
4053,18.837
4054,17.823
4055,16.685
4056,16.373
4057,15.94
4058,15.513
4059,15.19
4060,14.881
4061,15.341
4062,17.931
4063,20.593
4064,22.419
4065,23.306
4066,23.865
4067,24.209
4068,24.279
4069,24.211
4070,23.859
4071,23.525
4072,23.143
4073,22.468
4074,21.316
4075,19.585
4076,17.605
4077,16.954
4078,16.393
4079,15.78
4080,15.472
4081,15.375
4082,15.238
4083,15.075
4084,14.846
4085,15.011
4086,16.477
4087,18.166
4088,18.227
4089,18.076
4090,17.942
4091,17.815
4092,18.266
4093,19.234
4094,20.189
4095,20.607
4096,20.49
4097,20.107
4098,19.222
4099,17.919
4100,16.76
4101,16.122
4102,15.587
4103,15.045
4104,14.864
4105,14.718
4106,14.484
4107,14.2
4108,14.063
4109,14.286
4110,15.229
4111,16.28
4112,17.665
4113,18.788
4114,19.824
4115,20.618
4116,20.871
4117,20.663
4118,20.199
4119,19.429
4120,18.85
4121,18.578
4122,18.224
4123,17.371
4124,16.823
4125,16.51
4126,16.138
4127,15.733
4128,14.809
4129,14.402
4130,13.943
4131,13.636
4132,13.273
4133,13.386
4134,13.907
4135,14.895
4136,15.661
4137,16.299
4138,17.136
4139,18.111
4140,18.711
4141,19.132
4142,19.515
4143,19.877
4144,19.927
4145,19.788
4146,19.318
4147,18.166
4148,16.636
4149,16.088
4150,15.636
4151,15.261
4152,14.622
4153,14.168
4154,13.888
4155,13.435
4156,12.736
4157,13.078
4158,15.563
4159,17.611
4160,19.262
4161,20.686
4162,22.09
4163,23.282
4164,24.123
4165,24.662
4166,24.903
4167,24.86
4168,24.536
4169,24.101
4170,23.189
4171,21.93
4172,21.144
4173,20.441
4174,19.521
4175,18.655
4176,17.995
4177,17.42
4178,16.771
4179,16.307
4180,15.877
4181,16.127
4182,18.658
4183,20.812
4184,22.868
4185,24.64
4186,25.567
4187,26.16
4188,26.626
4189,27.002
4190,27.243
4191,27.253
4192,27.192
4193,27.377
4194,26.908
4195,25.1
4196,24.223
4197,22.78
4198,22.035
4199,21.656
4200,21.523
4201,20.904
4202,20.241
4203,19.855
4204,19.361
4205,19.291
4206,21.006
4207,23.525
4208,25.883
4209,27.224
4210,28.112
4211,28.824
4212,29.347
4213,29.635
4214,29.704
4215,29.602
4216,29.393
4217,29.773
4218,28.787
4219,26.377
4220,25.157
4221,24.844
4222,23.911
4223,22.953
4224,22.393
4225,22.026
4226,21.619
4227,21.229
4228,20.826
4229,20.68
4230,22.708
4231,25.001
4232,28.051
4233,29.695
4234,31.057
4235,31.719
4236,32.162
4237,32.421
4238,32.742
4239,33.055
4240,33.102
4241,33.247
4242,32.295
4243,30.18
4244,27.973
4245,25.927
4246,24.943
4247,24.51
4248,23.985
4249,23.63
4250,23.55
4251,23.852
4252,23.369
4253,22.772
4254,24.215
4255,26.996
4256,29.831
4257,31.526
4258,33.21
4259,34.683
4260,35.537
4261,35.551
4262,35.445
4263,35.019
4264,33.544
4265,32.771
4266,30.979
4267,27.806
4268,25.503
4269,24.486
4270,23.724
4271,23.172
4272,22.716
4273,22.307
4274,21.935
4275,21.577
4276,21.098
4277,21.281
4278,23.333
4279,25.379
4280,27.522
4281,28.893
4282,29.676
4283,30.488
4284,30.592
4285,30.766
4286,30.675
4287,30.311
4288,29.993
4289,29.523
4290,28.12
4291,25.468
4292,22.91
4293,21.729
4294,20.99
4295,20.329
4296,19.78
4297,19.318
4298,18.948
4299,18.651
4300,18.096
4301,18.21
4302,20.829
4303,23.29
4304,26.416
4305,28.235
4306,29.189
4307,29.651
4308,29.875
4309,29.86
4310,29.62
4311,29.301
4312,29.102
4313,28.979
4314,28.514
4315,26.325
4316,24.627
4317,23.63
4318,22.6
4319,21.696
4320,20.889
4321,20.342
4322,20.467
4323,20.438
4324,20.273
4325,20.843
4326,22.698
4327,24.581
4328,25.711
4329,26.767
4330,27.79
4331,28.687
4332,29.361
4333,29.793
4334,30.093
4335,30.131
4336,30.093
4337,30.086
4338,29.741
4339,27.504
4340,25.403
4341,24.199
4342,23.078
4343,22.018
4344,21.215
4345,20.688
4346,20.298
4347,19.906
4348,19.591
4349,20.321
4350,22.677
4351,24.148
4352,25.079
4353,25.814
4354,26.745
4355,27.45
4356,27.815
4357,27.825
4358,27.959
4359,27.979
4360,27.87
4361,27.484
4362,26.499
4363,24.634
4364,22.803
4365,21.604
4366,20.49
4367,19.742
4368,19.343
4369,18.706
4370,18.123
4371,17.895
4372,17.649
4373,17.753
4374,18.794
4375,20.765
4376,22.523
4377,23.847
4378,24.701
4379,25.326
4380,25.73
4381,25.941
4382,25.899
4383,25.601
4384,25.206
4385,24.656
4386,23.756
4387,22.065
4388,20.368
4389,19.749
4390,19.463
4391,19.237
4392,18.912
4393,18.507
4394,18.273
4395,18.166
4396,18.063
4397,18.207
4398,18.965
4399,19.855
4400,21.002
4401,21.891
4402,22.118
4403,22.447
4404,22.796
4405,23.13
4406,23.284
4407,23.271
4408,23.137
4409,22.803
4410,21.935
4411,20.534
4412,19.361
4413,18.91
4414,18.6
4415,18.227
4416,17.851
4417,17.644
4418,17.473
4419,17.252
4420,16.875
4421,17.261
4422,18.835
4423,20.217
4424,21.473
4425,22.704
4426,23.813
4427,24.728
4428,25.321
4429,25.628
4430,25.752
4431,25.646
4432,25.411
4433,25.025
4434,24.41
4435,23.256
4436,21.843
4437,21.341
4438,20.772
4439,20.169
4440,19.65
4441,19.292
4442,18.819
4443,18.148
4444,17.182
4445,17.443
4446,19.792
4447,22.05
4448,23.792
4449,24.937
4450,25.957
4451,26.863
4452,27.537
4453,27.974
4454,28.191
4455,28.174
4456,28.023
4457,27.764
4458,27.423
4459,25.235
4460,23.789
4461,23.086
4462,22.279
4463,21.011
4464,20.397
4465,19.887
4466,19.521
4467,19.317
4468,19.164
4469,19.399
4470,21.314
4471,23.407
4472,25.759
4473,26.734
4474,27.276
4475,27.613
4476,27.765
4477,27.746
4478,27.485
4479,26.959
4480,26.443
4481,25.879
4482,25.041
4483,23.627
4484,22.404
4485,21.666
4486,20.68
4487,19.865
4488,19.37
4489,18.988
4490,18.522
4491,17.914
4492,17.331
4493,17.791
4494,19.575
4495,20.71
4496,21.805
4497,23.113
4498,24.237
4499,24.999
4500,25.434
4501,25.619
4502,25.599
4503,25.378
4504,24.977
4505,24.435
4506,23.516
4507,21.804
4508,20.041
4509,19.366
4510,19.082
4511,18.747
4512,18.385
4513,18.039
4514,17.777
4515,17.706
4516,17.374
4517,17.475
4518,19.107
4519,21.2
4520,22.482
4521,23.423
4522,24.245
4523,24.914
4524,25.394
4525,25.682
4526,25.699
4527,25.562
4528,25.153
4529,24.415
4530,23.172
4531,20.957
4532,18.759
4533,17.689
4534,17.005
4535,16.444
4536,15.972
4537,15.748
4538,15.606
4539,15.493
4540,15.225
4541,15.428
4542,17.194
4543,18.846
4544,20.36
4545,21.772
4546,22.778
4547,23.537
4548,24.048
4549,24.276
4550,24.242
4551,23.927
4552,23.487
4553,22.823
4554,21.72
4555,19.712
4556,17.25
4557,16.162
4558,15.324
4559,14.597
4560,13.973
4561,13.345
4562,12.736
4563,12.21
4564,11.636
4565,12.163
4566,13.889
4567,15.892
4568,17.641
4569,19.059
4570,20.357
4571,21.494
4572,22.339
4573,22.868
4574,23.045
4575,22.926
4576,22.614
4577,22.085
4578,20.918
4579,18.769
4580,16.64
4581,15.625
4582,15.191
4583,15.148
4584,15.18
4585,14.81
4586,14.629
4587,14.717
4588,14.834
4589,15.016
4590,15.914
4591,17.592
4592,19.215
4593,19.784
4594,20.057
4595,20.89
4596,22.479
4597,23.012
4598,23.16
4599,23.427
4600,23.358
4601,22.802
4602,21.935
4603,20.034
4604,18.342
4605,17.427
4606,16.123
4607,15.295
4608,14.62
4609,14.084
4610,13.756
4611,13.549
4612,13.563
4613,14.06
4614,16.836
4615,19.233
4616,21.011
4617,22.371
4618,23.242
4619,23.887
4620,24.011
4621,24.105
4622,24.047
4623,23.8
4624,23.514
4625,22.905
4626,21.926
4627,20.34
4628,18.55
4629,17.837
4630,17.376
4631,17.011
4632,16.578
4633,16.148
4634,15.711
4635,15.219
4636,14.612
4637,14.73
4638,16.362
4639,17.465
4640,18.612
4641,19.891
4642,20.94
4643,21.766
4644,22.388
4645,22.812
4646,23.004
4647,22.928
4648,22.558
4649,21.87
4650,20.798
4651,18.658
4652,16.084
4653,15.232
4654,14.579
4655,14.0
4656,13.504
4657,13.006
4658,12.564
4659,12.174
4660,11.713
4661,12.216
4662,14.797
4663,17.07
4664,18.834
4665,20.06
4666,21.132
4667,22.054
4668,22.783
4669,23.19
4670,23.278
4671,22.974
4672,22.416
4673,21.432
4674,19.928
4675,17.96
4676,15.788
4677,14.891
4678,14.339
4679,13.923
4680,13.409
4681,12.907
4682,12.475
4683,12.083
4684,11.62
4685,11.585
4686,12.124
4687,13.213
4688,14.502
4689,15.895
4690,17.715
4691,19.379
4692,20.539
4693,21.192
4694,21.43
4695,21.275
4696,20.896
4697,20.177
4698,19.179
4699,17.709
4700,15.607
4701,14.617
4702,13.932
4703,13.458
4704,13.029
4705,12.643
4706,12.271
4707,11.806
4708,11.414
4709,11.85
4710,14.508
4711,17.128
4712,19.454
4713,21.115
4714,22.515
4715,23.699
4716,24.651
4717,25.304
4718,25.657
4719,25.652
4720,25.385
4721,24.805
4722,23.584
4723,20.68
4724,18.503
4725,17.74
4726,17.286
4727,16.785
4728,16.273
4729,15.857
4730,15.45
4731,15.364
4732,15.044
4733,14.865
4734,16.946
4735,19.679
4736,21.867
4737,23.076
4738,24.107
4739,24.956
4740,25.582
4741,25.984
4742,26.109
4743,25.858
4744,25.357
4745,24.684
4746,23.764
4747,20.875
4748,18.694
4749,17.982
4750,17.902
4751,17.796
4752,17.744
4753,17.825
4754,18.018
4755,17.878
4756,17.482
4757,16.828
4758,18.161
4759,20.716
4760,22.28
4761,23.427
4762,24.344
4763,25.102
4764,25.586
4765,25.926
4766,26.232
4767,25.965
4768,25.419
4769,24.434
4770,23.251
4771,21.105
4772,18.951
4773,18.043
4774,17.205
4775,16.832
4776,16.776
4777,16.912
4778,16.801
4779,16.465
4780,15.955
4781,15.701
4782,17.186
4783,19.346
4784,20.978
4785,22.205
4786,23.234
4787,24.43
4788,25.49
4789,26.22
4790,26.642
4791,26.735
4792,26.594
4793,26.085
4794,25.166
4795,22.82
4796,21.67
4797,21.583
4798,20.389
4799,19.383
4800,18.37
4801,17.508
4802,16.968
4803,16.859
4804,16.834
4805,17.16
4806,19.338
4807,21.808
4808,23.915
4809,25.556
4810,26.76
4811,27.632
4812,28.11
4813,28.147
4814,27.494
4815,26.444
4816,25.704
4817,24.989
4818,23.81
4819,22.275
4820,21.148
4821,20.575
4822,20.106
4823,19.768
4824,19.418
4825,18.841
4826,18.204
4827,17.738
4828,17.596
4829,17.757
4830,18.952
4831,20.12
4832,21.55
4833,23.597
4834,25.267
4835,26.444
4836,27.327
4837,28.021
4838,28.445
4839,28.488
4840,28.182
4841,27.552
4842,26.53
4843,23.946
4844,21.979
4845,21.294
4846,20.874
4847,20.16
4848,19.701
4849,19.465
4850,19.193
4851,18.931
4852,18.792
4853,18.79
4854,20.777
4855,23.285
4856,25.867
4857,27.043
4858,27.95
4859,28.894
4860,29.666
4861,30.31
4862,30.612
4863,30.603
4864,30.344
4865,29.679
4866,28.414
4867,25.392
4868,23.628
4869,23.121
4870,22.537
4871,21.892
4872,21.61
4873,21.313
4874,20.954
4875,20.526
4876,19.946
4877,19.554
4878,21.738
4879,24.553
4880,26.995
4881,28.695
4882,30.031
4883,31.068
4884,31.848
4885,32.381
4886,32.597
4887,32.504
4888,32.283
4889,31.803
4890,30.668
4891,28.106
4892,27.175
4893,26.501
4894,24.824
4895,23.306
4896,22.312
4897,21.758
4898,21.649
4899,21.476
4900,21.128
4901,21.001
4902,22.928
4903,25.53
4904,27.65
4905,29.315
4906,30.853
4907,32.148
4908,33.103
4909,33.816
4910,34.253
4911,34.361
4912,34.102
4913,33.559
4914,31.502
4915,28.268
4916,26.951
4917,26.572
4918,26.069
4919,25.665
4920,24.643
4921,24.082
4922,23.284
4923,22.874
4924,22.46
4925,22.172
4926,23.904
4927,26.554
4928,28.845
4929,30.583
4930,31.933
4931,32.934
4932,33.537
4933,33.751
4934,33.691
4935,33.391
4936,32.838
4937,32.08
4938,30.646
4939,28.299
4940,26.707
4941,25.795
4942,24.972
4943,24.107
4944,23.273
4945,22.555
4946,22.113
4947,21.838
4948,21.591
4949,21.555
4950,22.526
4951,24.151
4952,25.991
4953,27.439
4954,28.619
4955,29.645
4956,30.234
4957,30.522
4958,30.537
4959,30.192
4960,29.339
4961,28.057
4962,26.711
4963,24.867
4964,23.116
4965,21.893
4966,20.843
4967,19.926
4968,19.124
4969,18.365
4970,17.744
4971,17.163
4972,16.796
4973,17.01
4974,17.937
4975,18.38
4976,18.686
4977,18.862
4978,19.137
4979,19.385
4980,19.4
4981,19.269
4982,19.112
4983,18.973
4984,18.732
4985,18.293
4986,17.707
4987,16.886
4988,16.273
4989,15.966
4990,15.638
4991,15.289
4992,14.954
4993,14.578
4994,14.128
4995,13.692
4996,13.4
4997,13.266
4998,13.32
4999,13.532
5000,13.947
5001,14.541
5002,15.284
5003,16.217
5004,17.02
5005,17.417
5006,17.687
5007,17.879
5008,17.899
5009,17.586
5010,16.945
5011,15.544
5012,14.142
5013,13.924
5014,13.543
5015,13.155
5016,12.66
5017,12.249
5018,11.841
5019,11.458
5020,11.18
5021,11.375
5022,13.948
5023,15.769
5024,17.713
5025,19.676
5026,21.23
5027,22.441
5028,23.416
5029,24.077
5030,24.432
5031,24.447
5032,24.138
5033,23.437
5034,22.377
5035,20.222
5036,18.378
5037,17.919
5038,17.287
5039,16.54
5040,15.902
5041,15.243
5042,14.666
5043,14.291
5044,14.081
5045,14.099
5046,16.586
5047,18.936
5048,20.81
5049,22.418
5050,23.763
5051,24.86
5052,25.659
5053,26.091
5054,26.102
5055,25.671
5056,24.885
5057,23.53
5058,21.51
5059,18.688
5060,16.514
5061,15.976
5062,15.773
5063,15.599
5064,15.252
5065,14.818
5066,14.314
5067,13.759
5068,13.305
5069,13.213
5070,14.306
5071,15.486
5072,16.938
5073,18.623
5074,19.733
5075,20.544
5076,21.741
5077,22.543
5078,22.97
5079,22.973
5080,22.704
5081,22.062
5082,20.826
5083,17.731
5084,15.533
5085,14.72
5086,13.995
5087,13.405
5088,13.004
5089,12.725
5090,12.592
5091,12.479
5092,12.217
5093,12.05
5094,14.426
5095,17.104
5096,19.59
5097,21.466
5098,22.983
5099,24.669
5100,26.076
5101,26.669
5102,26.579
5103,26.25
5104,25.91
5105,24.582
5106,22.291
5107,19.738
5108,18.188
5109,17.616
5110,17.334
5111,17.064
5112,17.069
5113,17.197
5114,17.417
5115,17.306
5116,16.607
5117,16.205
5118,16.882
5119,18.002
5120,19.295
5121,20.5
5122,21.799
5123,23.021
5124,23.914
5125,24.568
5126,24.887
5127,24.871
5128,24.559
5129,23.97
5130,22.762
5131,19.816
5132,18.048
5133,17.645
5134,17.327
5135,17.061
5136,17.02
5137,16.826
5138,16.556
5139,16.249
5140,15.993
5141,15.67
5142,17.032
5143,19.419
5144,21.488
5145,22.762
5146,23.828
5147,24.73
5148,25.447
5149,25.912
5150,26.091
5151,25.927
5152,25.516
5153,24.808
5154,23.478
5155,20.317
5156,18.337
5157,17.669
5158,17.214
5159,16.854
5160,16.463
5161,16.414
5162,16.368
5163,16.33
5164,16.016
5165,15.528
5166,17.112
5167,19.707
5168,22.072
5169,23.753
5170,25.051
5171,26.236
5172,27.249
5173,27.984
5174,28.354
5175,28.333
5176,28.13
5177,27.489
5178,26.098
5179,23.832
5180,23.392
5181,22.312
5182,20.499
5183,19.423
5184,18.928
5185,18.995
5186,18.521
5187,17.709
5188,16.881
5189,16.637
5190,18.776
5191,21.602
5192,22.919
5193,24.673
5194,26.311
5195,27.487
5196,28.37
5197,28.974
5198,29.261
5199,29.285
5200,29.085
5201,28.414
5202,27.094
5203,24.581
5204,23.594
5205,22.912
5206,22.166
5207,21.638
5208,21.025
5209,20.244
5210,19.496
5211,19.057
5212,18.809
5213,18.715
5214,19.513
5215,20.723
5216,22.46
5217,24.463
5218,25.829
5219,26.707
5220,27.076
5221,26.92
5222,26.804
5223,26.574
5224,25.876
5225,24.898
5226,23.387
5227,21.863
5228,20.728
5229,20.008
5230,19.555
5231,19.294
5232,18.931
5233,18.66
5234,18.659
5235,18.397
5236,17.914
5237,17.48
5238,17.394
5239,17.361
5240,17.815
5241,18.014
5242,18.031
5243,18.454
5244,19.14
5245,19.694
5246,20.0
5247,20.422
5248,20.97
5249,20.905
5250,20.24
5251,18.585
5252,17.733
5253,17.216
5254,16.407
5255,15.779
5256,15.303
5257,14.971
5258,14.81
5259,14.75
5260,14.469
5261,14.141
5262,15.923
5263,17.629
5264,20.155
5265,22.61
5266,24.278
5267,25.371
5268,26.133
5269,26.865
5270,27.235
5271,27.257
5272,27.041
5273,26.495
5274,25.391
5275,23.381
5276,22.389
5277,20.652
5278,19.186
5279,18.374
5280,17.882
5281,17.626
5282,17.55
5283,17.592
5284,17.49
5285,17.321
5286,19.634
5287,22.492
5288,25.253
5289,27.725
5290,29.231
5291,30.4
5292,31.24
5293,31.741
5294,31.853
5295,31.578
5296,31.003
5297,29.951
5298,28.11
5299,25.088
5300,23.256
5301,22.204
5302,21.151
5303,20.458
5304,19.988
5305,19.628
5306,19.319
5307,18.776
5308,18.184
5309,17.551
5310,17.637
5311,17.697
5312,17.972
5313,18.436
5314,19.046
5315,19.925
5316,21.154
5317,22.384
5318,23.356
5319,23.94
5320,23.815
5321,23.2
5322,22.12
5323,20.013
5324,19.256
5325,18.819
5326,18.449
5327,18.065
5328,17.319
5329,16.638
5330,15.893
5331,15.288
5332,14.639
5333,13.963
5334,16.125
5335,18.57
5336,21.334
5337,23.823
5338,25.913
5339,27.648
5340,27.907
5341,25.513
5342,22.837
5343,21.331
5344,20.657
5345,19.916
5346,18.399
5347,16.465
5348,15.198
5349,14.566
5350,14.309
5351,14.195
5352,14.055
5353,13.9
5354,13.723
5355,13.561
5356,13.367
5357,13.201
5358,13.52
5359,14.054
5360,14.781
5361,15.511
5362,15.997
5363,16.394
5364,17.054
5365,17.792
5366,18.575
5367,19.264
5368,19.457
5369,19.038
5370,18.102
5371,15.726
5372,14.602
5373,13.964
5374,13.372
5375,12.993
5376,12.534
5377,12.07
5378,11.655
5379,11.082
5380,10.593
5381,10.083
5382,11.553
5383,13.133
5384,14.465
5385,15.164
5386,15.801
5387,16.522
5388,17.291
5389,17.526
5390,17.587
5391,17.597
5392,17.503
5393,17.15
5394,16.361
5395,13.618
5396,12.274
5397,11.836
5398,11.376
5399,10.915
5400,10.564
5401,10.284
5402,10.022
5403,9.818
5404,9.668
5405,9.497
5406,11.176
5407,14.178
5408,16.53
5409,18.216
5410,19.604
5411,20.759
5412,21.68
5413,22.287
5414,22.566
5415,22.524
5416,22.222
5417,21.553
5418,20.142
5419,17.558
5420,17.093
5421,16.932
5422,15.871
5423,14.486
5424,13.565
5425,13.387
5426,13.398
5427,13.682
5428,13.868
5429,14.016
5430,14.729
5431,16.579
5432,17.909
5433,18.927
5434,19.574
5435,20.529
5436,21.444
5437,21.651
5438,21.501
5439,21.304
5440,20.842
5441,19.998
5442,18.762
5443,16.23
5444,14.906
5445,14.347
5446,13.918
5447,13.467
5448,13.063
5449,12.857
5450,12.508
5451,12.148
5452,11.746
5453,11.316
5454,12.522
5455,15.375
5456,17.572
5457,19.282
5458,20.553
5459,21.328
5460,21.522
5461,22.558
5462,23.529
5463,23.816
5464,23.618
5465,22.89
5466,20.93
5467,18.674
5468,17.825
5469,16.528
5470,15.386
5471,14.722
5472,14.433
5473,14.571
5474,14.805
5475,14.779
5476,14.744
5477,14.612
5478,15.976
5479,19.436
5480,21.378
5481,22.853
5482,24.342
5483,24.275
5484,24.947
5485,26.347
5486,27.049
5487,27.24
5488,27.033
5489,26.341
5490,24.123
5491,21.552
5492,20.521
5493,19.746
5494,19.152
5495,18.885
5496,18.747
5497,18.52
5498,18.163
5499,17.769
5500,17.292
5501,16.709
5502,18.242
5503,21.837
5504,24.525
5505,26.876
5506,28.162
5507,28.846
5508,29.254
5509,29.488
5510,29.497
5511,29.206
5512,28.541
5513,27.305
5514,25.274
5515,22.339
5516,21.023
5517,20.134
5518,19.363
5519,18.596
5520,17.929
5521,17.259
5522,16.434
5523,16.188
5524,15.911
5525,15.868
5526,16.234
5527,17.042
5528,17.884
5529,18.09
5530,18.201
5531,18.711
5532,19.583
5533,20.278
5534,20.506
5535,20.431
5536,20.086
5537,19.197
5538,17.822
5539,16.634
5540,15.88
5541,15.381
5542,15.076
5543,14.808
5544,14.546
5545,14.386
5546,14.29
5547,14.161
5548,13.879
5549,13.602
5550,13.588
5551,14.047
5552,14.922
5553,15.123
5554,15.047
5555,15.097
5556,15.156
5557,14.952
5558,14.536
5559,13.987
5560,13.528
5561,13.041
5562,12.447
5563,11.57
5564,10.92
5565,10.059
5566,9.393
5567,8.984
5568,8.69
5569,8.45
5570,8.227
5571,8.049
5572,7.808
5573,7.499
5574,9.298
5575,11.109
5576,13.347
5577,15.803
5578,17.96
5579,19.433
5580,20.437
5581,20.983
5582,20.946
5583,20.287
5584,19.437
5585,18.503
5586,17.323
5587,15.77
5588,14.763
5589,14.09
5590,13.744
5591,13.582
5592,13.457
5593,13.319
5594,13.171
5595,13.045
5596,12.8
5597,12.635
5598,13.94
5599,16.442
5600,18.7
5601,20.766
5602,21.916
5603,22.484
5604,22.957
5605,23.353
5606,23.531
5607,23.464
5608,23.152
5609,22.441
5610,20.848
5611,17.986
5612,16.846
5613,16.075
5614,15.419
5615,14.758
5616,14.317
5617,13.889
5618,13.476
5619,13.158
5620,12.851
5621,12.569
5622,13.678
5623,16.345
5624,18.913
5625,21.407
5626,23.054
5627,23.966
5628,24.602
5629,24.947
5630,25.011
5631,24.739
5632,24.254
5633,23.451
5634,21.783
5635,18.911
5636,17.742
5637,16.951
5638,16.251
5639,15.852
5640,15.592
5641,15.279
5642,14.987
5643,14.671
5644,14.271
5645,14.01
5646,14.995
5647,17.978
5648,20.328
5649,22.222
5650,23.737
5651,24.904
5652,25.725
5653,26.215
5654,26.383
5655,26.285
5656,25.966
5657,25.408
5658,23.602
5659,22.08
5660,21.022
5661,19.613
5662,18.269
5663,17.408
5664,16.676
5665,16.117
5666,15.613
5667,15.228
5668,14.731
5669,14.196
5670,14.776
5671,18.197
5672,21.284
5673,23.719
5674,25.142
5675,26.076
5676,26.755
5677,27.172
5678,27.272
5679,27.058
5680,26.619
5681,25.866
5682,23.094
5683,20.205
5684,19.187
5685,18.481
5686,17.847
5687,17.264
5688,16.827
5689,16.499
5690,16.254
5691,15.919
5692,15.583
5693,15.074
5694,15.658
5695,18.932
5696,21.954
5697,24.074
5698,25.375
5699,26.393
5700,27.05
5701,27.444
5702,27.576
5703,27.443
5704,27.083
5705,26.391
5706,24.3
5707,22.957
5708,22.332
5709,20.858
5710,19.653
5711,18.813
5712,18.127
5713,17.592
5714,17.14
5715,16.857
5716,16.605
5717,16.45
5718,17.082
5719,19.417
5720,22.093
5721,24.116
5722,24.803
5723,25.213
5724,25.89
5725,26.387
5726,26.151
5727,25.575
5728,24.931
5729,23.881
5730,22.528
5731,21.968
5732,21.049
5733,19.637
5734,18.562
5735,17.794
5736,17.495
5737,17.387
5738,17.061
5739,16.912
5740,16.827
5741,16.687
5742,17.318
5743,19.048
5744,21.27
5745,23.211
5746,24.258
5747,25.281
5748,25.963
5749,26.299
5750,26.206
5751,25.688
5752,24.964
5753,23.845
5754,22.351
5755,20.973
5756,19.886
5757,19.019
5758,18.483
5759,18.204
5760,18.089
5761,18.042
5762,17.978
5763,17.859
5764,17.565
5765,17.24
5766,17.635
5767,19.799
5768,21.865
5769,23.085
5770,24.412
5771,25.417
5772,26.075
5773,26.496
5774,26.624
5775,26.506
5776,26.115
5777,25.328
5778,23.319
5779,20.741
5780,19.947
5781,19.422
5782,18.963
5783,18.314
5784,17.781
5785,17.371
5786,16.998
5787,16.628
5788,16.26
5789,15.824
5790,16.375
5791,19.184
5792,21.713
5793,23.947
5794,25.351
5795,26.346
5796,27.024
5797,27.384
5798,27.443
5799,27.16
5800,26.708
5801,25.829
5802,23.73
5803,21.262
5804,20.661
5805,20.373
5806,19.882
5807,19.359
5808,19.201
5809,18.95
5810,18.513
5811,18.215
5812,17.881
5813,17.45
5814,17.822
5815,20.413
5816,22.813
5817,24.405
5818,25.616
5819,26.581
5820,27.311
5821,27.806
5822,28.074
5823,28.057
5824,27.736
5825,26.966
5826,24.308
5827,22.13
5828,21.363
5829,20.652
5830,20.125
5831,19.785
5832,19.263
5833,18.585
5834,17.786
5835,16.805
5836,15.997
5837,15.735
5838,16.23
5839,18.129
5840,20.082
5841,21.683
5842,23.146
5843,23.765
5844,23.685
5845,23.003
5846,22.035
5847,21.044
5848,20.567
5849,20.002
5850,18.794
5851,17.586
5852,17.18
5853,16.699
5854,16.15
5855,15.682
5856,15.234
5857,14.787
5858,14.446
5859,14.188
5860,13.977
5861,13.625
5862,13.73
5863,14.595
5864,16.028
5865,17.696
5866,19.055
5867,19.865
5868,20.257
5869,20.574
5870,20.615
5871,20.116
5872,19.41
5873,18.478
5874,17.013
5875,14.79
5876,13.63
5877,12.804
5878,12.183
5879,11.709
5880,11.273
5881,10.89
5882,10.52
5883,10.171
5884,9.71
5885,9.204
5886,9.814
5887,12.918
5888,15.364
5889,17.726
5890,19.52
5891,20.846
5892,21.902
5893,22.645
5894,22.989
5895,22.912
5896,22.5
5897,21.46
5898,18.667
5899,15.773
5900,14.988
5901,14.463
5902,14.056
5903,13.708
5904,13.354
5905,13.134
5906,12.968
5907,12.945
5908,12.728
5909,12.368
5910,12.835
5911,15.398
5912,18.022
5913,20.214
5914,21.906
5915,23.167
5916,24.058
5917,24.543
5918,24.622
5919,24.388
5920,23.794
5921,22.608
5922,19.655
5923,17.803
5924,17.799
5925,17.497
5926,16.839
5927,15.863
5928,14.773
5929,13.881
5930,13.002
5931,12.131
5932,11.341
5933,10.839
5934,10.941
5935,12.1
5936,12.515
5937,13.048
5938,13.8
5939,14.708
5940,15.521
5941,16.223
5942,16.784
5943,17.059
5944,16.851
5945,15.952
5946,14.06
5947,11.642
5948,11.409
5949,11.29
5950,10.779
5951,10.402
5952,9.963
5953,9.55
5954,9.081
5955,8.682
5956,8.373
5957,8.27
5958,8.278
5959,8.887
5960,10.307
5961,12.332
5962,13.899
5963,15.055
5964,15.976
5965,16.437
5966,16.577
5967,16.136
5968,15.515
5969,14.74
5970,13.637
5971,11.797
5972,10.998
5973,10.343
5974,9.804
5975,9.325
5976,8.964
5977,8.964
5978,9.086
5979,9.261
5980,9.399
5981,9.46
5982,9.51
5983,11.36
5984,13.64
5985,15.54
5986,16.951
5987,18.002
5988,18.764
5989,19.177
5990,19.118
5991,18.548
5992,17.582
5993,16.331
5994,14.719
5995,13.256
5996,12.75
5997,12.349
5998,11.896
5999,11.393
6000,10.959
6001,10.501
6002,9.988
6003,9.446
6004,8.997
6005,8.54
6006,8.504
6007,9.283
6008,10.112
6009,11.285
6010,12.11
6011,12.612
6012,13.056
6013,13.219
6014,13.05
6015,12.668
6016,12.099
6017,11.356
6018,10.426
6019,9.459
6020,9.012
6021,8.544
6022,8.116
6023,7.741
6024,7.441
6025,7.21
6026,7.015
6027,6.833
6028,6.811
6029,6.848
6030,7.059
6031,8.402
6032,9.881
6033,11.611
6034,13.411
6035,14.708
6036,15.293
6037,15.724
6038,15.822
6039,15.298
6040,14.612
6041,13.705
6042,12.749
6043,12.186
6044,11.875
6045,11.539
6046,11.278
6047,11.228
6048,11.261
6049,11.088
6050,10.948
6051,10.836
6052,10.53
6053,9.208
6054,8.853
6055,10.276
6056,11.816
6057,13.374
6058,14.673
6059,15.477
6060,15.973
6061,16.207
6062,16.399
6063,16.463
6064,16.404
6065,15.935
6066,13.969
6067,12.453
6068,12.021
6069,11.618
6070,11.249
6071,10.888
6072,10.481
6073,10.216
6074,9.999
6075,9.728
6076,9.496
6077,9.237
6078,9.314
6079,11.995
6080,15.094
6081,17.716
6082,19.517
6083,20.622
6084,20.948
6085,20.759
6086,20.084
6087,19.173
6088,18.699
6089,18.225
6090,15.454
6091,13.464
6092,12.948
6093,12.632
6094,12.355
6095,12.094
6096,11.858
6097,11.583
6098,11.232
6099,10.798
6100,10.247
6101,9.646
6102,9.571
6103,12.534
6104,15.603
6105,18.585
6106,20.627
6107,22.139
6108,23.272
6109,24.034
6110,24.356
6111,24.227
6112,23.724
6113,22.401
6114,18.78
6115,16.542
6116,15.764
6117,15.135
6118,14.611
6119,14.278
6120,14.028
6121,13.8
6122,13.549
6123,13.191
6124,12.944
6125,12.515
6126,12.317
6127,15.011
6128,18.014
6129,21.135
6130,23.211
6131,24.488
6132,25.376
6133,25.921
6134,26.088
6135,25.88
6136,25.326
6137,23.889
6138,20.29
6139,18.233
6140,17.538
6141,16.996
6142,16.375
6143,15.618
6144,15.147
6145,14.794
6146,14.637
6147,14.583
6148,14.362
6149,14.059
6150,14.047
6151,16.22
6152,19.2
6153,21.732
6154,23.641
6155,25.076
6156,26.026
6157,26.572
6158,26.665
6159,26.354
6160,25.645
6161,24.369
6162,21.777
6163,20.53
6164,19.978
6165,18.949
6166,18.212
6167,17.446
6168,16.818
6169,16.358
6170,16.024
6171,15.654
6172,15.397
6173,15.238
6174,15.278
6175,16.653
6176,19.013
6177,21.78
6178,24.144
6179,25.654
6180,26.621
6181,27.202
6182,27.369
6183,27.184
6184,26.621
6185,25.384
6186,22.915
6187,22.331
6188,21.747
6189,20.36
6190,19.3
6191,18.597
6192,17.892
6193,17.237
6194,16.737
6195,16.361
6196,16.037
6197,15.587
6198,15.293
6199,17.705
6200,20.576
6201,23.63
6202,25.507
6203,26.627
6204,27.357
6205,27.764
6206,27.781
6207,27.477
6208,26.825
6209,25.525
6210,22.43
6211,20.974
6212,20.186
6213,19.419
6214,18.699
6215,18.16
6216,17.802
6217,17.644
6218,17.553
6219,17.211
6220,16.683
6221,15.929
6222,15.316
6223,16.955
6224,19.841
6225,22.558
6226,24.161
6227,25.328
6228,26.09
6229,26.436
6230,26.34
6231,25.854
6232,24.974
6233,23.316
6234,19.703
6235,17.735
6236,16.868
6237,16.101
6238,15.405
6239,14.99
6240,14.662
6241,14.334
6242,14.008
6243,13.791
6244,13.471
6245,12.959
6246,12.623
6247,13.89
6248,15.646
6249,17.556
6250,18.857
6251,19.71
6252,20.325
6253,20.698
6254,20.712
6255,20.363
6256,19.71
6257,18.559
6258,16.512
6259,14.57
6260,13.392
6261,12.519
6262,11.817
6263,11.177
6264,10.579
6265,10.0
6266,9.538
6267,9.132
6268,8.71
6269,8.525
6270,8.568
6271,10.004
6272,12.332
6273,14.852
6274,16.923
6275,18.357
6276,19.34
6277,19.935
6278,20.092
6279,19.76
6280,18.945
6281,17.397
6282,14.516
6283,12.489
6284,11.556
6285,10.811
6286,10.238
6287,9.96
6288,9.874
6289,9.903
6290,10.073
6291,10.445
6292,10.537
6293,10.289
6294,10.042
6295,12.322
6296,15.285
6297,17.861
6298,19.752
6299,21.346
6300,22.448
6301,23.043
6302,23.136
6303,22.826
6304,22.249
6305,21.145
6306,18.381
6307,16.74
6308,15.734
6309,14.808
6310,14.328
6311,14.139
6312,13.938
6313,13.643
6314,13.323
6315,12.916
6316,12.243
6317,11.319
6318,10.718
6319,13.18
6320,15.779
6321,19.181
6322,21.564
6323,23.013
6324,24.153
6325,24.891
6326,25.102
6327,24.632
6328,23.721
6329,21.919
6330,19.385
6331,18.283
6332,17.621
6333,16.978
6334,16.3
6335,15.807
6336,15.427
6337,15.012
6338,14.65
6339,14.414
6340,14.242
6341,13.998
6342,13.847
6343,14.946
6344,16.245
6345,17.861
6346,19.18
6347,20.801
6348,22.272
6349,23.01
6350,23.058
6351,22.41
6352,21.355
6353,19.922
6354,17.943
6355,16.892
6356,16.034
6357,14.843
6358,13.423
6359,12.192
6360,11.448
6361,10.959
6362,10.632
6363,10.376
6364,10.206
6365,10.023
6366,10.121
6367,11.135
6368,11.929
6369,12.869
6370,14.018
6371,15.249
6372,16.436
6373,17.345
6374,17.813
6375,17.871
6376,17.505
6377,16.365
6378,14.018
6379,13.347
6380,13.282
6381,13.145
6382,13.139
6383,12.842
6384,12.23
6385,11.628
6386,10.788
6387,10.019
6388,9.512
6389,8.986
6390,9.081
6391,10.722
6392,12.543
6393,14.624
6394,16.127
6395,15.602
6396,14.94
6397,15.212
6398,15.827
6399,15.987
6400,15.677
6401,15.028
6402,13.965
6403,13.465
6404,13.323
6405,13.234
6406,12.844
6407,12.157
6408,11.539
6409,10.982
6410,10.71
6411,10.614
6412,10.63
6413,10.558
6414,10.07
6415,11.472
6416,12.861
6417,13.936
6418,15.181
6419,15.973
6420,16.815
6421,17.184
6422,17.098
6423,16.807
6424,16.138
6425,15.142
6426,12.998
6427,12.05
6428,11.571
6429,11.459
6430,11.429
6431,11.412
6432,11.43
6433,11.482
6434,11.468
6435,11.454
6436,11.451
6437,11.383
6438,11.204
6439,12.061
6440,13.04
6441,14.091
6442,15.324
6443,16.196
6444,17.156
6445,18.132
6446,18.844
6447,19.156
6448,18.727
6449,17.716
6450,15.536
6451,15.026
6452,14.807
6453,14.477
6454,14.19
6455,13.791
6456,13.379
6457,12.996
6458,12.789
6459,12.579
6460,12.123
6461,11.073
6462,10.453
6463,12.502
6464,15.539
6465,17.557
6466,19.076
6467,20.074
6468,20.581
6469,20.691
6470,21.239
6471,21.303
6472,20.757
6473,19.035
6474,16.468
6475,15.885
6476,15.507
6477,14.965
6478,14.458
6479,14.039
6480,13.59
6481,12.993
6482,12.454
6483,11.891
6484,11.433
6485,10.649
6486,10.136
6487,11.311
6488,12.614
6489,13.977
6490,15.534
6491,16.945
6492,17.919
6493,18.492
6494,18.703
6495,18.512
6496,17.81
6497,16.318
6498,13.481
6499,12.849
6500,12.438
6501,11.864
6502,11.351
6503,10.825
6504,10.317
6505,9.88
6506,9.493
6507,9.17
6508,8.873
6509,8.609
6510,8.421
6511,10.352
6512,14.64
6513,17.638
6514,19.794
6515,21.177
6516,22.167
6517,22.816
6518,23.189
6519,23.192
6520,22.613
6521,20.773
6522,18.436
6523,17.833
6524,17.221
6525,16.38
6526,15.491
6527,14.972
6528,14.481
6529,13.862
6530,13.5
6531,13.092
6532,12.758
6533,12.263
6534,12.019
6535,12.686
6536,13.371
6537,14.497
6538,15.96
6539,17.473
6540,18.71
6541,19.477
6542,19.76
6543,19.588
6544,18.985
6545,17.432
6546,14.77
6547,14.519
6548,14.62
6549,13.544
6550,12.482
6551,11.846
6552,11.569
6553,11.42
6554,11.257
6555,11.073
6556,10.934
6557,10.723
6558,10.586
6559,11.899
6560,15.443
6561,17.84
6562,19.676
6563,21.004
6564,21.886
6565,22.468
6566,22.669
6567,22.277
6568,20.755
6569,18.115
6570,15.694
6571,14.413
6572,14.253
6573,14.305
6574,14.106
6575,13.605
6576,12.702
6577,11.803
6578,10.829
6579,10.561
6580,10.408
6581,10.015
6582,9.829
6583,10.466
6584,11.02
6585,11.714
6586,12.388
6587,13.19
6588,14.294
6589,15.148
6590,15.271
6591,14.693
6592,13.495
6593,12.22
6594,10.723
6595,9.493
6596,8.22
6597,7.074
6598,6.191
6599,5.442
6600,4.816
6601,4.303
6602,3.798
6603,3.332
6604,2.932
6605,2.628
6606,2.369
6607,3.941
6608,6.722
6609,8.861
6610,10.811
6611,12.366
6612,13.476
6613,14.182
6614,14.44
6615,14.155
6616,13.239
6617,11.602
6618,10.011
6619,9.247
6620,8.596
6621,8.147
6622,7.604
6623,6.726
6624,5.826
6625,5.659
6626,5.368
6627,5.522
6628,5.695
6629,5.617
6630,5.912
6631,6.627
6632,8.422
6633,9.683
6634,10.244
6635,10.386
6636,10.402
6637,10.506
6638,10.992
6639,11.284
6640,10.986
6641,10.385
6642,9.828
6643,9.505
6644,9.148
6645,8.934
6646,8.673
6647,8.364
6648,8.126
6649,8.074
6650,8.047
6651,7.919
6652,7.888
6653,7.938
6654,8.031
6655,8.358
6656,9.056
6657,9.876
6658,11.181
6659,12.557
6660,13.45
6661,14.399
6662,14.965
6663,14.973
6664,14.407
6665,13.083
6666,11.075
6667,10.554
6668,10.315
6669,10.184
6670,10.33
6671,10.259
6672,9.774
6673,9.233
6674,8.881
6675,8.642
6676,8.68
6677,8.759
6678,8.67
6679,9.119
6680,10.316
6681,11.626
6682,13.012
6683,13.654
6684,14.375
6685,14.52
6686,13.745
6687,12.824
6688,12.242
6689,11.583
6690,10.712
6691,10.611
6692,10.454
6693,9.927
6694,9.118
6695,8.01
6696,7.43
6697,7.284
6698,6.594
6699,5.789
6700,5.667
6701,5.665
6702,5.861
6703,6.742
6704,7.924
6705,8.94
6706,10.2
6707,11.526
6708,12.721
6709,13.711
6710,14.217
6711,14.022
6712,13.197
6713,11.633
6714,8.857
6715,8.068
6716,7.618
6717,7.508
6718,7.286
6719,6.95
6720,6.786
6721,6.501
6722,6.336
6723,6.126
6724,5.969
6725,5.85
6726,5.939
6727,7.087
6728,10.731
6729,13.593
6730,16.261
6731,17.867
6732,18.82
6733,19.419
6734,19.631
6735,19.461
6736,18.871
6737,16.77
6738,14.336
6739,14.433
6740,14.418
6741,14.022
6742,13.549
6743,13.102
6744,12.707
6745,12.38
6746,12.102
6747,11.859
6748,11.588
6749,11.381
6750,11.122
6751,11.12
6752,11.44
6753,11.273
6754,10.947
6755,10.805
6756,11.084
6757,11.646
6758,12.368
6759,12.527
6760,12.224
6761,11.24
6762,9.713
6763,9.33
6764,9.026
6765,8.887
6766,8.782
6767,8.734
6768,8.297
6769,7.807
6770,7.48
6771,7.439
6772,7.074
6773,6.693
6774,6.802
6775,7.589
6776,9.054
6777,9.912
6778,10.846
6779,12.038
6780,12.987
6781,13.493
6782,13.642
6783,13.661
6784,13.281
6785,11.899
6786,10.493
6787,10.091
6788,9.454
6789,8.684
6790,8.158
6791,7.649
6792,7.167
6793,6.846
6794,6.607
6795,6.516
6796,6.425
6797,6.051
6798,5.796
6799,6.278
6800,9.46
6801,12.522
6802,15.119
6803,16.792
6804,17.994
6805,18.757
6806,19.048
6807,18.882
6808,17.987
6809,15.044
6810,12.681
6811,11.931
6812,11.461
6813,11.12
6814,10.747
6815,10.393
6816,10.053
6817,9.703
6818,9.444
6819,9.402
6820,9.392
6821,9.49
6822,9.651
6823,10.554
6824,13.093
6825,16.02
6826,17.985
6827,19.315
6828,19.223
6829,18.551
6830,17.881
6831,17.493
6832,17.475
6833,16.229
6834,14.612
6835,14.286
6836,13.819
6837,13.401
6838,13.039
6839,12.639
6840,12.312
6841,11.867
6842,11.477
6843,11.193
6844,11.041
6845,10.999
6846,10.875
6847,11.408
6848,14.745
6849,17.318
6850,19.73
6851,21.42
6852,22.367
6853,22.823
6854,22.85
6855,22.299
6856,20.884
6857,17.649
6858,14.957
6859,14.148
6860,13.537
6861,13.122
6862,12.811
6863,12.528
6864,12.273
6865,11.869
6866,11.435
6867,10.992
6868,10.384
6869,9.731
6870,9.309
6871,9.814
6872,13.582
6873,16.343
6874,19.067
6875,21.145
6876,22.247
6877,22.859
6878,23.002
6879,22.607
6880,21.336
6881,18.225
6882,16.479
6883,16.199
6884,15.633
6885,14.541
6886,13.897
6887,13.595
6888,13.401
6889,13.217
6890,13.1
6891,13.046
6892,12.799
6893,12.166
6894,11.612
6895,11.366
6896,12.008
6897,12.196
6898,11.7
6899,10.692
6900,10.205
6901,10.161
6902,10.567
6903,10.776
6904,10.463
6905,9.695
6906,8.774
6907,7.857
6908,7.174
6909,6.75
6910,6.696
6911,6.545
6912,6.317
6913,6.082
6914,5.714
6915,5.395
6916,5.16
6917,4.885
6918,4.676
6919,4.833
6920,7.463
6921,9.227
6922,11.862
6923,13.848
6924,14.919
6925,15.568
6926,15.773
6927,15.494
6928,14.696
6929,12.18
6930,10.691
6931,10.448
6932,10.113
6933,9.959
6934,9.813
6935,9.299
6936,8.899
6937,8.877
6938,8.921
6939,8.736
6940,8.609
6941,8.722
6942,8.825
6943,9.261
6944,10.722
6945,12.521
6946,14.62
6947,16.339
6948,16.892
6949,16.697
6950,16.177
6951,15.396
6952,14.368
6953,12.992
6954,12.311
6955,11.994
6956,11.56
6957,11.118
6958,11.143
6959,11.379
6960,11.444
6961,11.391
6962,11.139
6963,10.878
6964,10.701
6965,10.548
6966,10.394
6967,10.393
6968,12.351
6969,13.563
6970,14.224
6971,14.612
6972,14.984
6973,15.319
6974,15.362
6975,15.04
6976,14.135
6977,13.106
6978,12.217
6979,11.874
6980,11.592
6981,11.343
6982,11.28
6983,11.373
6984,11.352
6985,11.182
6986,11.132
6987,11.395
6988,11.46
6989,11.328
6990,10.94
6991,11.069
6992,12.514
6993,14.132
6994,15.092
6995,15.792
6996,16.124
6997,16.319
6998,16.44
6999,16.109
7000,15.381
7001,14.232
7002,13.558
7003,13.17
7004,12.808
7005,12.355
7006,11.95
7007,11.488
7008,10.967
7009,10.521
7010,10.189
7011,9.864
7012,9.667
7013,9.781
7014,10.122
7015,10.684
7016,12.456
7017,14.554
7018,16.357
7019,18.148
7020,19.63
7021,20.218
7022,19.993
7023,19.194
7024,17.745
7025,16.214
7026,15.237
7027,14.561
7028,13.948
7029,13.423
7030,13.005
7031,12.824
7032,12.778
7033,12.387
7034,12.095
7035,12.098
7036,11.752
7037,11.398
7038,11.124
7039,10.822
7040,10.894
7041,10.892
7042,11.021
7043,11.717
7044,12.694
7045,12.724
7046,12.642
7047,11.88
7048,11.196
7049,10.601
7050,9.834
7051,9.87
7052,10.122
7053,10.142
7054,9.967
7055,9.923
7056,9.439
7057,9.095
7058,9.065
7059,9.081
7060,9.113
7061,9.057
7062,9.208
7063,9.201
7064,10.585
7065,11.841
7066,13.358
7067,14.815
7068,16.072
7069,16.994
7070,17.351
7071,17.069
7072,15.905
7073,14.074
7074,12.925
7075,12.619
7076,12.25
7077,11.732
7078,11.237
7079,10.871
7080,10.498
7081,10.196
7082,9.826
7083,9.422
7084,9.047
7085,8.789
7086,8.661
7087,8.941
7088,11.38
7089,13.575
7090,14.872
7091,15.332
7092,15.517
7093,15.574
7094,15.432
7095,15.73
7096,15.423
7097,14.009
7098,13.052
7099,12.349
7100,12.507
7101,11.515
7102,10.761
7103,10.372
7104,10.14
7105,9.867
7106,9.871
7107,10.108
7108,9.691
7109,9.543
7110,9.974
7111,10.45
7112,11.56
7113,12.196
7114,12.805
7115,13.706
7116,14.032
7117,14.0
7118,14.414
7119,14.391
7120,13.74
7121,11.71
7122,10.654
7123,10.146
7124,9.463
7125,8.946
7126,8.48
7127,8.316
7128,8.31
7129,8.083
7130,7.931
7131,8.172
7132,8.583
7133,8.535
7134,8.411
7135,8.109
7136,9.358
7137,11.069
7138,12.61
7139,13.894
7140,14.87
7141,15.469
7142,15.69
7143,15.453
7144,14.53
7145,11.59
7146,10.007
7147,9.597
7148,9.28
7149,9.143
7150,9.168
7151,9.235
7152,9.186
7153,9.045
7154,8.908
7155,8.781
7156,8.376
7157,7.701
7158,7.175
7159,7.152
7160,10.005
7161,13.257
7162,15.12
7163,17.38
7164,18.464
7165,18.743
7166,18.58
7167,17.947
7168,16.583
7169,13.776
7170,12.442
7171,12.015
7172,11.64
7173,11.305
7174,11.059
7175,10.789
7176,10.616
7177,10.572
7178,10.438
7179,10.209
7180,9.823
7181,9.54
7182,9.431
7183,9.358
7184,11.141
7185,14.415
7186,16.324
7187,17.568
7188,18.208
7189,18.404
7190,18.176
7191,17.475
7192,16.035
7193,14.401
7194,14.197
7195,13.961
7196,13.579
7197,13.149
7198,12.83
7199,12.561
7200,12.461
7201,12.308
7202,12.129
7203,12.029
7204,11.912
7205,11.724
7206,11.383
7207,11.09
7208,12.03
7209,13.474
7210,14.507
7211,15.061
7212,15.101
7213,14.913
7214,14.867
7215,14.544
7216,13.63
7217,12.67
7218,12.268
7219,11.912
7220,11.581
7221,11.265
7222,11.075
7223,11.002
7224,10.895
7225,10.733
7226,10.592
7227,10.479
7228,10.373
7229,10.271
7230,10.224
7231,10.219
7232,10.926
7233,11.973
7234,13.125
7235,13.99
7236,14.623
7237,14.832
7238,14.847
7239,14.667
7240,13.954
7241,12.142
7242,10.969
7243,10.409
7244,9.959
7245,9.502
7246,9.224
7247,9.098
7248,9.008
7249,8.751
7250,8.528
7251,8.456
7252,8.323
7253,8.267
7254,8.3
7255,8.3
7256,9.522
7257,11.239
7258,12.619
7259,13.429
7260,13.703
7261,13.635
7262,13.233
7263,12.698
7264,12.094
7265,10.979
7266,10.287
7267,9.778
7268,9.377
7269,9.262
7270,9.406
7271,9.627
7272,9.69
7273,9.754
7274,9.83
7275,9.852
7276,9.769
7277,9.542
7278,9.313
7279,9.08
7280,9.59
7281,10.76
7282,11.586
7283,12.059
7284,12.188
7285,11.981
7286,11.637
7287,11.245
7288,10.842
7289,10.258
7290,10.008
7291,9.765
7292,9.202
7293,8.871
7294,8.786
7295,8.789
7296,8.785
7297,8.774
7298,8.767
7299,8.81
7300,8.756
7301,8.631
7302,8.402
7303,8.282
7304,9.213
7305,10.152
7306,10.809
7307,11.305
7308,11.551
7309,11.761
7310,11.965
7311,12.014
7312,11.733
7313,11.212
7314,10.921
7315,10.76
7316,10.699
7317,10.683
7318,10.723
7319,10.696
7320,10.555
7321,10.44
7322,10.306
7323,10.285
7324,10.278
7325,10.245
7326,10.333
7327,10.508
7328,11.077
7329,11.829
7330,12.455
7331,13.266
7332,14.198
7333,14.77
7334,14.909
7335,14.54
7336,13.584
7337,11.517
7338,11.01
7339,11.008
7340,11.016
7341,10.749
7342,10.477
7343,10.04
7344,9.26
7345,8.434
7346,7.781
7347,7.27
7348,6.97
7349,7.134
7350,7.407
7351,7.904
7352,8.67
7353,9.398
7354,9.733
7355,10.36
7356,10.877
7357,11.089
7358,10.471
7359,9.009
7360,7.913
7361,7.05
7362,6.418
7363,6.117
7364,6.105
7365,6.337
7366,6.563
7367,6.622
7368,6.553
7369,6.398
7370,6.107
7371,5.753
7372,5.688
7373,5.437
7374,5.598
7375,6.273
7376,7.131
7377,7.956
7378,8.965
7379,9.948
7380,10.359
7381,10.781
7382,11.125
7383,11.137
7384,10.689
7385,9.915
7386,9.649
7387,9.592
7388,9.503
7389,9.173
7390,8.641
7391,7.968
7392,7.318
7393,6.81
7394,6.266
7395,5.953
7396,5.648
7397,5.045
7398,4.378
7399,4.143
7400,5.505
7401,7.622
7402,8.58
7403,9.0
7404,9.15
7405,9.062
7406,8.718
7407,8.186
7408,7.531
7409,6.638
7410,6.31
7411,6.211
7412,6.187
7413,6.165
7414,5.992
7415,5.676
7416,5.257
7417,4.868
7418,4.576
7419,4.386
7420,4.33
7421,4.353
7422,4.406
7423,4.412
7424,4.636
7425,4.97
7426,5.569
7427,6.34
7428,6.776
7429,7.17
7430,7.324
7431,7.103
7432,6.326
7433,4.812
7434,4.357
7435,3.979
7436,3.503
7437,3.02
7438,2.657
7439,2.294
7440,1.844
7441,1.292
7442,0.899
7443,0.543
7444,0.343
7445,0.229
7446,0.568
7447,1.47
7448,2.955
7449,4.096
7450,4.875
7451,5.648
7452,5.84
7453,5.56
7454,4.9
7455,4.192
7456,3.445
7457,2.707
7458,2.548
7459,2.443
7460,2.051
7461,1.631
7462,1.452
7463,1.365
7464,1.337
7465,1.303
7466,1.277
7467,1.026
7468,0.74
7469,0.671
7470,0.81
7471,0.719
7472,1.224
7473,2.958
7474,4.449
7475,5.919
7476,6.757
7477,7.17
7478,7.168
7479,6.743
7480,5.634
7481,3.666
7482,2.777
7483,2.203
7484,1.742
7485,1.178
7486,0.703
7487,0.321
7488,-0.069
7489,-0.459
7490,-0.788
7491,-0.875
7492,-0.717
7493,-0.44
7494,-0.151
7495,0.11
7496,0.927
7497,3.143
7498,4.733
7499,5.604
7500,6.019
7501,6.27
7502,6.36
7503,6.103
7504,5.046
7505,3.31
7506,3.071
7507,2.872
7508,1.785
7509,0.288
7510,-0.423
7511,-0.397
7512,-0.024
7513,0.258
7514,0.397
7515,0.633
7516,0.796
7517,1.086
7518,1.152
7519,1.189
7520,1.884
7521,2.774
7522,3.35
7523,3.918
7524,4.618
7525,5.136
7526,5.34
7527,5.167
7528,4.048
7529,1.964
7530,1.232
7531,0.691
7532,0.099
7533,-0.406
7534,-0.739
7535,-1.029
7536,-1.252
7537,-1.23
7538,-0.879
7539,-0.384
7540,-0.484
7541,-0.821
7542,-0.647
7543,-0.166
7544,1.178
7545,2.805
7546,4.064
7547,4.714
7548,5.064
7549,5.14
7550,5.068
7551,4.861
7552,3.797
7553,1.753
7554,1.06
7555,0.981
7556,0.696
7557,0.739
7558,0.684
7559,0.579
7560,0.458
7561,0.445
7562,0.554
7563,0.628
7564,0.662
7565,0.574
7566,0.375
7567,-0.013
7568,0.458
7569,1.915
7570,3.117
7571,4.163
7572,4.941
7573,5.402
7574,5.6
7575,5.393
7576,4.282
7577,2.779
7578,2.348
7579,1.936
7580,1.61
7581,1.372
7582,1.122
7583,0.763
7584,0.432
7585,0.314
7586,0.498
7587,0.623
7588,0.647
7589,0.614
7590,0.581
7591,0.442
7592,0.823
7593,1.848
7594,2.895
7595,3.875
7596,4.606
7597,5.068
7598,5.109
7599,4.701
7600,3.535
7601,1.912
7602,1.7
7603,1.451
7604,0.922
7605,0.18
7606,-0.373
7607,-0.957
7608,-1.278
7609,-1.129
7610,-0.882
7611,-0.964
7612,-1.035
7613,-0.839
7614,-0.43
7615,-0.165
7616,0.568
7617,1.626
7618,2.034
7619,2.593
7620,2.789
7621,2.475
7622,2.067
7623,1.725
7624,1.383
7625,1.093
7626,0.815
7627,0.541
7628,0.366
7629,0.314
7630,0.187
7631,-0.165
7632,-0.431
7633,-0.837
7634,-1.078
7635,-1.493
7636,-1.865
7637,-2.325
7638,-2.508
7639,-2.781
7640,-2.645
7641,-0.784
7642,1.129
7643,2.253
7644,3.123
7645,3.692
7646,3.859
7647,3.56
7648,2.104
7649,0.446
7650,0.085
7651,-0.217
7652,-0.501
7653,-0.397
7654,0.041
7655,0.356
7656,0.485
7657,0.474
7658,0.405
7659,0.149
7660,-0.156
7661,-0.645
7662,-0.977
7663,-0.975
7664,-0.596
7665,1.121
7666,2.724
7667,3.613
7668,4.2
7669,4.592
7670,4.751
7671,4.495
7672,3.307
7673,1.665
7674,0.812
7675,0.392
7676,0.1
7677,-0.229
7678,-0.549
7679,-0.777
7680,-0.892
7681,-0.731
7682,-0.665
7683,-0.463
7684,-0.178
7685,-0.414
7686,-0.465
7687,-0.62
7688,-0.458
7689,0.124
7690,0.589
7691,0.949
7692,1.074
7693,0.82
7694,0.654
7695,0.5
7696,0.144
7697,-0.434
7698,-0.597
7699,-0.659
7700,-0.761
7701,-0.917
7702,-0.983
7703,-1.013
7704,-1.026
7705,-1.047
7706,-1.12
7707,-1.182
7708,-1.195
7709,-1.298
7710,-1.538
7711,-1.819
7712,-1.548
7713,0.493
7714,1.939
7715,2.93
7716,3.492
7717,3.75
7718,3.704
7719,3.27
7720,1.361
7721,-0.902
7722,-1.579
7723,-1.703
7724,-1.634
7725,-1.78
7726,-2.005
7727,-2.085
7728,-2.117
7729,-1.992
7730,-1.833
7731,-1.668
7732,-1.452
7733,-1.328
7734,-1.445
7735,-1.793
7736,-1.551
7737,0.327
7738,1.678
7739,2.79
7740,3.66
7741,4.157
7742,4.194
7743,3.766
7744,2.317
7745,0.054
7746,-0.533
7747,-0.878
7748,-1.152
7749,-1.145
7750,-0.989
7751,-0.833
7752,-0.643
7753,-0.394
7754,-0.112
7755,0.022
7756,0.209
7757,0.482
7758,0.604
7759,0.534
7760,1.1
7761,3.353
7762,4.994
7763,6.146
7764,7.486
7765,8.204
7766,8.112
7767,7.448
7768,5.715
7769,3.615
7770,2.58
7771,2.079
7772,1.917
7773,1.992
7774,2.266
7775,2.663
7776,2.887
7777,2.932
7778,3.005
7779,2.704
7780,2.462
7781,2.086
7782,1.49
7783,0.981
7784,1.079
7785,3.038
7786,4.384
7787,5.77
7788,7.166
7789,8.044
7790,8.288
7791,7.82
7792,6.15
7793,4.611
7794,4.038
7795,3.68
7796,3.487
7797,3.214
7798,2.994
7799,2.922
7800,2.796
7801,2.588
7802,2.517
7803,2.59
7804,2.472
7805,2.159
7806,1.886
7807,1.538
7808,1.414
7809,3.494
7810,4.832
7811,6.315
7812,8.028
7813,8.978
7814,9.266
7815,8.619
7816,6.016
7817,3.878
7818,3.595
7819,3.565
7820,3.839
7821,4.071
7822,4.258
7823,4.595
7824,4.898
7825,5.008
7826,5.076
7827,5.044
7828,5.045
7829,5.002
7830,4.938
7831,4.957
7832,5.217
7833,6.037
7834,7.114
7835,8.629
7836,9.85
7837,9.478
7838,8.199
7839,6.767
7840,5.592
7841,4.792
7842,4.525
7843,4.354
7844,4.237
7845,4.145
7846,4.01
7847,3.875
7848,4.095
7849,4.133
7850,4.034
7851,4.072
7852,4.115
7853,3.716
7854,3.302
7855,2.965
7856,2.977
7857,4.022
7858,5.211
7859,6.135
7860,6.992
7861,7.615
7862,7.659
7863,7.287
7864,6.309
7865,5.454
7866,5.05
7867,4.863
7868,4.774
7869,4.546
7870,4.206
7871,3.966
7872,3.802
7873,3.766
7874,3.718
7875,3.698
7876,3.649
7877,3.584
7878,3.523
7879,3.324
7880,3.424
7881,4.845
7882,6.311
7883,7.389
7884,7.994
7885,8.215
7886,8.262
7887,8.078
7888,7.092
7889,6.05
7890,5.474
7891,4.897
7892,4.533
7893,4.359
7894,4.309
7895,4.466
7896,4.689
7897,4.863
7898,4.837
7899,4.731
7900,4.796
7901,4.811
7902,4.853
7903,4.905
7904,5.026
7905,5.733
7906,6.673
7907,7.462
7908,8.092
7909,8.896
7910,9.702
7911,9.42
7912,7.413
7913,5.978
7914,5.876
7915,5.925
7916,6.058
7917,6.111
7918,6.23
7919,6.356
7920,6.511
7921,6.441
7922,5.857
7923,5.841
7924,5.849
7925,5.216
7926,4.68
7927,4.782
7928,5.213
7929,6.179
7930,7.635
7931,8.587
7932,8.956
7933,8.885
7934,8.469
7935,7.957
7936,7.272
7937,6.85
7938,6.793
7939,6.807
7940,6.789
7941,6.74
7942,6.503
7943,6.241
7944,6.046
7945,5.812
7946,5.541
7947,5.387
7948,5.305
7949,5.328
7950,5.382
7951,5.399
7952,5.343
7953,5.389
7954,5.2
7955,5.112
7956,5.28
7957,5.666
7958,6.019
7959,6.142
7960,5.651
7961,5.04
7962,5.008
7963,5.094
7964,5.168
7965,5.298
7966,5.308
7967,5.236
7968,5.105
7969,4.953
7970,4.759
7971,4.539
7972,4.343
7973,4.2
7974,4.088
7975,4.129
7976,4.419
7977,4.823
7978,5.2
7979,5.605
7980,5.803
7981,5.723
7982,5.635
7983,5.423
7984,4.936
7985,4.47
7986,4.348
7987,4.133
7988,4.053
7989,3.986
7990,3.844
7991,3.8
7992,3.774
7993,3.694
7994,3.58
7995,3.396
7996,3.26
7997,3.054
7998,2.853
7999,2.662
8000,2.402
8001,3.611
8002,4.735
8003,5.729
8004,6.535
8005,7.018
8006,7.095
8007,6.425
8008,4.054
8009,2.603
8010,2.561
8011,2.414
8012,2.322
8013,2.332
8014,2.399
8015,2.573
8016,2.798
8017,2.884
8018,2.75
8019,2.374
8020,2.021
8021,1.799
8022,1.788
8023,1.791
8024,1.727
8025,1.978
8026,2.173
8027,2.504
8028,3.04
8029,3.562
8030,3.924
8031,3.959
8032,3.611
8033,3.119
8034,2.926
8035,2.744
8036,2.433
8037,1.941
8038,1.412
8039,1.029
8040,0.902
8041,0.819
8042,0.649
8043,0.458
8044,0.389
8045,0.221
8046,0.039
8047,-0.23
8048,-0.251
8049,1.561
8050,2.755
8051,3.577
8052,4.145
8053,4.333
8054,4.015
8055,3.27
8056,1.914
8057,0.145
8058,-0.915
8059,-1.766
8060,-2.518
8061,-3.207
8062,-3.771
8063,-4.146
8064,-4.198
8065,-4.114
8066,-4.357
8067,-4.494
8068,-4.354
8069,-4.106
8070,-3.886
8071,-3.74
8072,-3.317
8073,-1.187
8074,0.62
8075,2.36
8076,3.326
8077,3.886
8078,3.734
8079,2.778
8080,0.084
8081,-1.67
8082,-2.147
8083,-2.497
8084,-2.657
8085,-2.653
8086,-2.465
8087,-2.282
8088,-2.209
8089,-2.112
8090,-1.989
8091,-1.85
8092,-1.813
8093,-1.881
8094,-2.053
8095,-2.262
8096,-2.048
8097,0.453
8098,2.165
8099,3.216
8100,4.197
8101,4.836
8102,4.796
8103,3.492
8104,1.007
8105,-0.074
8106,-0.827
8107,-2.117
8108,-1.903
8109,-1.348
8110,-0.902
8111,-0.534
8112,-0.195
8113,-0.018
8114,-0.034
8115,-0.183
8116,-0.511
8117,-0.969
8118,-1.226
8119,-1.293
8120,-1.055
8121,0.807
8122,2.983
8123,4.242
8124,5.025
8125,5.576
8126,5.435
8127,4.301
8128,2.796
8129,1.707
8130,1.019
8131,0.481
8132,0.104
8133,-0.053
8134,0.019
8135,0.255
8136,0.424
8137,0.468
8138,0.419
8139,0.274
8140,-0.025
8141,-0.352
8142,-0.621
8143,-0.847
8144,-0.764
8145,1.204
8146,3.604
8147,5.066
8148,5.824
8149,6.195
8150,5.931
8151,4.257
8152,2.286
8153,1.742
8154,1.977
8155,2.115
8156,2.234
8157,2.432
8158,2.59
8159,2.422
8160,2.227
8161,1.917
8162,1.744
8163,1.551
8164,1.483
8165,1.569
8166,1.845
8167,2.274
8168,2.74
8169,3.483
8170,4.207
8171,4.868
8172,5.063
8173,5.008
8174,4.862
8175,4.547
8176,4.13
8177,3.833
8178,3.583
8179,3.599
8180,3.732
8181,3.729
8182,3.612
8183,3.401
8184,2.914
8185,2.293
8186,1.898
8187,1.52
8188,1.227
8189,1.263
8190,1.388
8191,1.371
8192,1.476
8193,3.254
8194,5.321
8195,6.549
8196,7.299
8197,7.658
8198,7.621
8199,6.691
8200,4.961
8201,4.391
8202,4.414
8203,4.788
8204,5.379
8205,5.402
8206,5.36
8207,5.296
8208,5.122
8209,4.769
8210,4.045
8211,3.238
8212,2.9
8213,2.826
8214,2.786
8215,2.707
8216,2.703
8217,2.958
8218,3.014
8219,2.933
8220,3.0
8221,3.152
8222,3.131
8223,2.952
8224,2.758
8225,2.74
8226,2.805
8227,2.638
8228,2.166
8229,1.75
8230,1.351
8231,1.037
8232,0.904
8233,0.766
8234,0.493
8235,0.172
8236,-0.135
8237,-0.727
8238,-1.179
8239,-1.53
8240,-1.884
8241,-0.279
8242,1.216
8243,1.968
8244,2.428
8245,2.688
8246,2.701
8247,2.219
8248,0.28
8249,-0.719
8250,-1.324
8251,-2.129
8252,-2.465
8253,-2.571
8254,-2.503
8255,-2.168
8256,-1.481
8257,-0.547
8258,0.224
8259,0.578
8260,0.815
8261,0.831
8262,0.973
8263,1.198
8264,1.39
8265,1.664
8266,2.133
8267,2.813
8268,3.382
8269,3.196
8270,2.516
8271,1.485
8272,0.611
8273,-0.008
8274,-0.202
8275,-0.248
8276,-0.257
8277,-0.274
8278,-0.506
8279,-1.084
8280,-1.798
8281,-1.968
8282,-1.516
8283,-1.098
8284,-1.054
8285,-1.274
8286,-1.526
8287,-1.805
8288,-1.927
8289,-0.816
8290,0.178
8291,0.767
8292,1.153
8293,1.369
8294,1.375
8295,0.943
8296,-1.376
8297,-2.96
8298,-3.019
8299,-2.329
8300,-1.533
8301,-1.071
8302,-0.623
8303,-0.488
8304,-0.254
8305,0.372
8306,0.64
8307,0.92
8308,0.999
8309,0.837
8310,1.068
8311,0.867
8312,0.884
8313,1.305
8314,1.647
8315,1.862
8316,1.889
8317,1.825
8318,1.766
8319,1.656
8320,1.468
8321,1.27
8322,1.092
8323,0.849
8324,0.678
8325,0.602
8326,0.57
8327,0.512
8328,0.314
8329,0.227
8330,0.644
8331,1.289
8332,2.006
8333,2.942
8334,3.908
8335,4.4
8336,4.4
8337,4.285
8338,4.396
8339,4.605
8340,4.74
8341,4.989
8342,5.122
8343,4.808
8344,3.746
8345,3.339
8346,3.639
8347,3.995
8348,4.351
8349,4.839
8350,5.337
8351,5.618
8352,5.832
8353,5.668
8354,5.408
8355,5.173
8356,4.958
8357,4.879
8358,5.053
8359,4.753
8360,4.759
8361,6.316
8362,8.033
8363,8.961
8364,9.532
8365,9.978
8366,10.11
8367,9.379
8368,7.517
8369,6.376
8370,6.073
8371,5.793
8372,5.473
8373,5.17
8374,4.944
8375,4.664
8376,4.326
8377,3.994
8378,3.595
8379,3.254
8380,2.982
8381,2.403
8382,2.122
8383,2.074
8384,2.541
8385,3.967
8386,5.637
8387,6.96
8388,7.867
8389,8.224
8390,7.983
8391,7.25
8392,6.239
8393,5.803
8394,5.718
8395,5.573
8396,5.246
8397,4.961
8398,4.811
8399,4.647
8400,4.491
8401,4.456
8402,4.438
8403,4.464
8404,4.582
8405,4.654
8406,4.594
8407,4.417
8408,4.486
8409,5.441
8410,6.803
8411,7.967
8412,8.445
8413,8.717
8414,8.786
8415,8.1
8416,6.664
8417,5.948
8418,5.791
8419,5.719
8420,5.71
8421,5.684
8422,5.74
8423,5.713
8424,5.7
8425,5.646
8426,5.727
8427,5.753
8428,5.742
8429,5.8
8430,5.833
8431,5.746
8432,5.46
8433,6.558
8434,8.743
8435,10.141
8436,11.223
8437,11.77
8438,11.775
8439,10.856
8440,9.661
8441,8.191
8442,7.017
8443,6.165
8444,5.599
8445,5.15
8446,4.943
8447,4.812
8448,4.58
8449,4.159
8450,3.813
8451,3.428
8452,2.734
8453,2.048
8454,1.665
8455,1.49
8456,1.629
8457,3.662
8458,6.612
8459,8.034
8460,9.012
8461,9.767
8462,10.004
8463,9.111
8464,7.184
8465,6.19
8466,5.518
8467,5.175
8468,4.837
8469,4.285
8470,4.021
8471,3.892
8472,4.083
8473,4.331
8474,4.487
8475,4.91
8476,5.907
8477,6.512
8478,7.064
8479,7.435
8480,7.675
8481,8.056
8482,8.216
8483,8.132
8484,7.889
8485,7.367
8486,6.574
8487,5.68
8488,5.062
8489,4.801
8490,4.689
8491,4.224
8492,3.377
8493,2.841
8494,2.492
8495,2.118
8496,1.738
8497,1.908
8498,2.626
8499,2.888
8500,2.622
8501,2.503
8502,2.265
8503,1.675
8504,1.262
8505,1.835
8506,2.75
8507,3.524
8508,4.242
8509,5.003
8510,5.564
8511,5.407
8512,3.204
8513,1.901
8514,2.131
8515,2.641
8516,2.701
8517,3.056
8518,3.611
8519,3.569
8520,3.288
8521,3.09
8522,3.085
8523,2.843
8524,2.472
8525,2.401
8526,2.641
8527,3.031
8528,3.196
8529,3.443
8530,3.667
8531,3.99
8532,4.266
8533,4.423
8534,4.43
8535,4.207
8536,3.359
8537,2.778
8538,2.819
8539,2.766
8540,2.494
8541,2.28
8542,2.042
8543,2.053
8544,2.2
8545,2.187
8546,2.115
8547,2.231
8548,2.515
8549,2.67
8550,2.649
8551,2.538
8552,2.56
8553,2.761
8554,2.965
8555,3.247
8556,3.549
8557,3.781
8558,3.805
8559,3.681
8560,2.891
8561,2.229
8562,2.271
8563,2.335
8564,2.324
8565,2.137
8566,1.791
8567,1.39
8568,1.051
8569,0.896
8570,0.765
8571,0.677
8572,0.694
8573,0.689
8574,1.066
8575,1.585
8576,2.156
8577,3.058
8578,3.811
8579,4.357
8580,4.668
8581,5.118
8582,5.647
8583,5.865
8584,5.466
8585,5.296
8586,5.113
8587,4.806
8588,4.472
8589,4.298
8590,4.247
8591,4.228
8592,3.829
8593,3.418
8594,3.037
8595,2.665
8596,2.29
8597,1.76
8598,1.33
8599,1.014
8600,1.041
8601,2.416
8602,3.637
8603,4.534
8604,5.153
8605,5.39
8606,5.444
8607,5.158
8608,3.897
8609,2.944
8610,2.231
8611,1.586
8612,1.162
8613,0.694
8614,0.058
8615,-0.483
8616,-0.871
8617,-1.172
8618,-1.379
8619,-1.335
8620,-0.781
8621,-0.42
8622,-0.093
8623,0.249
8624,0.68
8625,1.782
8626,2.995
8627,3.786
8628,3.942
8629,4.169
8630,4.327
8631,3.604
8632,1.968
8633,1.807
8634,2.061
8635,2.076
8636,2.079
8637,2.076
8638,2.046
8639,2.021
8640,2.188
8641,2.371
8642,2.557
8643,2.707
8644,2.87
8645,2.986
8646,2.848
8647,2.596
8648,2.266
8649,1.683
8650,1.789
8651,2.092
8652,2.542
8653,3.187
8654,3.695
8655,3.737
8656,3.118
8657,2.692
8658,2.492
8659,2.447
8660,2.452
8661,2.401
8662,2.109
8663,1.973
8664,1.853
8665,1.561
8666,0.895
8667,0.217
8668,-0.209
8669,-0.531
8670,-0.621
8671,-0.676
8672,-0.817
8673,0.052
8674,1.196
8675,2.314
8676,3.34
8677,3.835
8678,3.786
8679,2.997
8680,1.098
8681,-0.412
8682,-1.259
8683,-2.17
8684,-2.689
8685,-2.607
8686,-1.72
8687,-0.935
8688,-0.362
8689,0.023
8690,-0.488
8691,-0.371
8692,-0.365
8693,-0.652
8694,-0.787
8695,-0.731
8696,-0.637
8697,0.571
8698,1.689
8699,2.41
8700,2.987
8701,2.999
8702,2.7
8703,1.82
8704,-0.324
8705,-1.665
8706,-1.956
8707,-2.054
8708,-2.074
8709,-1.983
8710,-1.833
8711,-1.488
8712,-1.039
8713,-0.613
8714,-0.292
8715,0.022
8716,-0.025
8717,-0.194
8718,-0.135
8719,-0.029
8720,0.191
8721,1.59
8722,3.188
8723,4.573
8724,5.255
8725,5.457
8726,5.267
8727,4.536
8728,3.027
8729,1.794
8730,1.348
8731,1.331
8732,1.367
8733,1.42
8734,1.528
8735,1.654
8736,1.625
8737,1.493
8738,1.491
8739,1.858
8740,2.03
8741,1.958
8742,1.941
8743,1.825
8744,1.696
8745,2.703
8746,4.42
8747,5.611
8748,6.273
8749,6.608
8750,6.177
8751,4.888
8752,3.226
8753,1.99
8754,1.267
8755,0.589
8756,0.227
8757,0.052
8758,0.283
8759,0.805
8760,1.188
