1,1.307
2,1.328
3,1.304
4,1.339
5,1.412
6,1.415
7,1.39
8,1.258
9,1.526
10,2.248
11,2.744
12,3.306
13,3.687
14,3.579
15,3.084
16,2.765
17,2.664
18,2.66
19,2.701
20,2.772
21,2.724
22,2.53
23,2.162
24,1.576
25,0.867
26,0.157
27,-0.412
28,-0.607
29,-0.7
30,-0.887
31,-1.232
32,-1.469
33,-0.933
34,0.005
35,0.922
36,1.692
37,2.061
38,2.007
39,1.345
40,0.143
41,-0.647
42,-1.496
43,-2.532
44,-3.387
45,-4.046
46,-4.395
47,-4.56
48,-4.639
49,-4.729
50,-4.755
51,-4.724
52,-4.604
53,-4.438
54,-4.328
55,-4.287
56,-4.032
57,-2.575
58,-1.005
59,0.108
60,0.423
61,0.387
62,0.191
63,-0.191
64,-0.785
65,-0.835
66,-0.784
67,-0.955
68,-1.311
69,-1.286
70,-1.422
71,-1.67
72,-1.764
73,-1.778
74,-1.976
75,-2.132
76,-2.245
77,-2.355
78,-2.315
79,-2.432
80,-2.391
81,-1.562
82,-0.86
83,-0.126
84,0.683
85,0.963
86,0.702
87,0.126
88,-0.549
89,-0.714
90,-0.711
91,-0.736
92,-0.81
93,-0.845
94,-0.68
95,-0.571
96,-0.638
97,-0.683
98,-0.702
99,-0.744
100,-0.809
101,-0.88
102,-0.89
103,-0.86
104,-0.793
105,-0.59
106,-0.101
107,0.534
108,0.966
109,1.328
110,1.563
111,1.611
112,1.54
113,1.489
114,1.453
115,1.503
116,1.518
117,1.548
118,1.545
119,1.521
120,1.478
121,1.415
122,1.324
123,1.204
124,1.054
125,0.893
126,0.796
127,0.736
128,0.716
129,0.87
130,1.112
131,1.339
132,1.609
133,1.757
134,1.798
135,1.73
136,1.566
137,1.457
138,1.327
139,1.176
140,1.015
141,0.827
142,0.609
143,0.444
144,0.325
145,0.205
146,0.08
147,-0.132
148,-0.335
149,-0.539
150,-0.702
151,-0.88
152,-1.028
153,-0.158
154,0.889
155,1.766
156,2.298
157,2.433
158,2.317
159,1.555
160,-0.412
161,-1.332
162,-1.639
163,-1.937
164,-2.048
165,-1.677
166,-1.155
167,-0.68
168,-0.449
169,-0.322
170,-0.163
171,0.091
172,0.421
173,0.695
174,1.045
175,1.345
176,1.619
177,2.025
178,2.351
179,2.498
180,2.606
181,2.645
182,2.525
183,2.211
184,1.799
185,1.669
186,1.877
187,2.011
188,1.978
189,1.852
190,1.678
191,1.45
192,1.209
193,1.091
194,1.036
195,1.001
196,0.888
197,0.715
198,0.587
199,0.435
200,0.27
201,0.399
202,0.749
203,1.055
204,1.137
205,0.984
206,0.572
207,0.004
208,-0.454
209,-0.696
210,-0.901
211,-1.106
212,-1.316
213,-1.502
214,-1.624
215,-1.686
216,-1.78
217,-1.959
218,-2.113
219,-2.294
220,-2.534
221,-2.771
222,-2.876
223,-2.924
224,-2.809
225,-1.977
226,-0.934
227,-0.224
228,0.08
229,0.209
230,0.106
231,-0.543
232,-2.307
233,-3.519
234,-4.065
235,-4.565
236,-4.785
237,-5.013
238,-4.947
239,-4.586
240,-4.33
241,-4.299
242,-4.531
243,-4.62
244,-4.669
245,-4.725
246,-4.729
247,-4.654
248,-4.408
249,-3.44
250,-2.125
251,-1.532
252,-1.227
253,-1.125
254,-1.237
255,-1.535
256,-1.879
257,-2.028
258,-2.051
259,-1.973
260,-1.885
261,-1.641
262,-1.369
263,-1.079
264,-0.775
265,-0.466
266,-0.171
267,0.035
268,0.216
269,0.294
270,0.281
271,0.28
272,0.232
273,0.333
274,0.611
275,0.946
276,1.24
277,1.45
278,1.499
279,1.378
280,1.179
281,0.905
282,0.697
283,0.703
284,0.76
285,0.758
286,0.634
287,0.551
288,0.517
289,0.606
290,0.746
291,1.098
292,1.393
293,1.569
294,1.65
295,1.616
296,1.474
297,1.266
298,1.309
299,1.547
300,1.718
301,1.894
302,2.098
303,2.567
304,3.115
305,3.359
306,3.622
307,3.91
308,4.145
309,4.447
310,4.404
311,4.143
312,3.858
313,3.436
314,3.008
315,2.648
316,2.467
317,2.478
318,2.582
319,2.55
320,2.477
321,2.575
322,2.812
323,3.037
324,3.246
325,3.289
326,3.138
327,2.869
328,2.291
329,1.63
330,0.99
331,0.409
332,0.002
333,-0.245
334,-0.443
335,-0.561
336,-0.741
337,-0.814
338,-0.829
339,-0.843
340,-0.965
341,-1.01
342,-1.154
343,-1.335
344,-1.181
345,-0.14
346,1.102
347,2.097
348,2.81
349,3.129
350,3.137
351,2.782
352,1.779
353,0.832
354,0.56
355,0.159
356,-0.155
357,-0.454
358,-0.912
359,-1.298
360,-1.635
361,-1.965
362,-2.258
363,-2.514
364,-2.87
365,-2.945
366,-2.918
367,-3.022
368,-2.468
369,-1.19
370,0.342
371,2.121
372,3.347
373,3.882
374,3.796
375,2.6
376,0.853
377,0.226
378,0.192
379,0.778
380,1.039
381,1.234
382,1.089
383,0.85
384,0.869
385,1.136
386,1.372
387,1.494
388,1.668
389,2.012
390,2.5
391,2.895
392,3.354
393,3.973
394,4.431
395,4.589
396,4.802
397,4.969
398,4.868
399,4.208
400,3.1
401,2.417
402,1.992
403,1.553
404,1.03
405,0.409
406,-0.117
407,-0.572
408,-1.034
409,-1.366
410,-1.578
411,-1.728
412,-1.906
413,-2.107
414,-2.406
415,-2.841
416,-2.75
417,-1.656
418,-0.416
419,0.175
420,0.69
421,0.92
422,0.857
423,0.326
424,-1.159
425,-2.354
426,-2.823
427,-3.011
428,-3.348
429,-3.631
430,-3.652
431,-3.627
432,-3.833
433,-4.116
434,-4.38
435,-4.641
436,-4.895
437,-5.117
438,-5.232
439,-5.245
440,-4.859
441,-3.467
442,-2.088
443,-1.087
444,-0.333
445,-0.038
446,-0.288
447,-1.156
448,-3.361
449,-4.612
450,-5.062
451,-5.507
452,-5.858
453,-6.005
454,-6.065
455,-6.033
456,-5.955
457,-5.831
458,-5.701
459,-5.523
460,-5.232
461,-4.962
462,-4.743
463,-4.559
464,-4.231
465,-3.212
466,-1.937
467,-0.837
468,0.442
469,1.084
470,1.026
471,0.148
472,-1.892
473,-2.942
474,-3.362
475,-3.799
476,-4.324
477,-4.807
478,-5.168
479,-5.628
480,-6.122
481,-6.54
482,-6.84
483,-7.142
484,-7.35
485,-7.636
486,-7.899
487,-8.062
488,-7.736
489,-6.218
490,-4.472
491,-3.005
492,-1.253
493,-0.249
494,-0.181
495,-0.8
496,-2.671
497,-3.864
498,-4.431
499,-4.715
500,-4.711
501,-4.945
502,-5.601
503,-6.485
504,-7.221
505,-7.921
506,-8.386
507,-8.65
508,-8.648
509,-8.537
510,-8.286
511,-8.106
512,-7.602
513,-5.935
514,-3.788
515,-2.078
516,-0.738
517,0.008
518,0.19
519,-0.391
520,-2.35
521,-3.596
522,-4.304
523,-4.863
524,-5.273
525,-5.595
526,-5.797
527,-6.039
528,-6.295
529,-6.603
530,-7.0
531,-7.218
532,-7.396
533,-7.597
534,-7.756
535,-7.799
536,-7.215
537,-5.433
538,-4.008
539,-2.614
540,-1.51
541,-1.046
542,-1.295
543,-1.959
544,-3.022
545,-3.936
546,-4.402
547,-4.684
548,-4.94
549,-5.152
550,-5.325
551,-5.448
552,-5.592
553,-5.656
554,-5.621
555,-5.607
556,-5.583
557,-5.566
558,-5.669
559,-5.833
560,-5.588
561,-4.547
562,-3.653
563,-3.142
564,-2.868
565,-2.809
566,-2.955
567,-3.385
568,-4.119
569,-4.876
570,-5.255
571,-5.483
572,-5.655
573,-5.825
574,-5.972
575,-6.179
576,-6.413
577,-6.832
578,-6.958
579,-7.035
580,-6.902
581,-6.911
582,-6.817
583,-6.665
584,-6.063
585,-4.817
586,-3.598
587,-2.638
588,-1.875
589,-1.318
590,-0.982
591,-1.166
592,-2.001
593,-2.624
594,-2.847
595,-3.201
596,-3.268
597,-3.212
598,-3.39
599,-3.184
600,-3.065
601,-2.859
602,-2.544
603,-2.087
604,-1.623
605,-1.177
606,-0.743
607,-0.422
608,-0.119
609,0.339
610,0.915
611,1.545
612,2.039
613,2.304
614,2.418
615,2.294
616,1.864
617,1.434
618,1.012
619,0.937
620,0.742
621,0.71
622,0.653
623,0.793
624,0.943
625,1.053
626,1.095
627,1.093
628,1.171
629,1.291
630,1.364
631,1.536
632,1.948
633,2.553
634,3.257
635,4.338
636,5.189
637,5.496
638,5.246
639,4.424
640,3.171
641,2.289
642,1.981
643,1.873
644,1.585
645,0.74
646,0.105
647,-0.103
648,-0.131
649,-0.168
650,-0.333
651,-0.423
652,-0.429
653,-0.482
654,-0.497
655,-0.368
656,-0.214
657,0.197
658,0.469
659,0.617
660,0.756
661,0.849
662,0.71
663,0.398
664,0.016
665,-0.154
666,-0.144
667,-0.173
668,-0.224
669,-0.294
670,-0.374
671,-0.423
672,-0.577
673,-0.783
674,-1.03
675,-1.337
676,-1.621
677,-1.882
678,-2.235
679,-2.618
680,-2.402
681,-1.225
682,-0.06
683,0.68
684,1.199
685,1.373
686,1.337
687,0.883
688,-0.577
689,-2.757
690,-3.897
691,-3.992
692,-4.066
693,-4.22
694,-4.428
695,-4.503
696,-4.543
697,-4.689
698,-4.73
699,-4.658
700,-4.501
701,-4.103
702,-3.505
703,-2.744
704,-1.434
705,0.254
706,1.305
707,1.892
708,2.079
709,1.931
710,1.465
711,0.776
712,-0.057
713,-0.722
714,-1.112
715,-1.406
716,-1.804
717,-2.535
718,-3.63
719,-4.462
720,-4.865
721,-5.084
722,-5.183
723,-5.188
724,-5.281
725,-5.324
726,-5.261
727,-4.956
728,-4.096
729,-2.914
730,-1.69
731,0.024
732,1.211
733,1.556
734,1.484
735,0.952
736,-0.44
737,-1.852
738,-3.66
739,-3.97
740,-2.983
741,-2.161
742,-2.055
743,-2.013
744,-1.723
745,-1.253
746,-0.499
747,0.527
748,1.192
749,1.295
750,1.174
751,1.163
752,1.149
753,1.377
754,1.62
755,1.667
756,1.962
757,2.28
758,2.071
759,1.478
760,0.763
761,0.16
762,0.114
763,-0.031
764,-0.223
765,-0.294
766,-0.137
767,0.046
768,0.007
769,-0.12
770,-0.265
771,-0.414
772,-0.375
773,-0.474
774,-0.641
775,-0.742
776,-0.098
777,1.176
778,1.888
779,2.996
780,4.062
781,4.672
782,4.58
783,3.459
784,1.395
785,0.283
786,0.329
787,0.375
788,0.324
789,0.137
790,-0.05
791,-0.196
792,-0.286
793,-0.268
794,-0.165
795,-0.142
796,-0.16
797,-0.238
798,-0.426
799,-0.616
800,-0.723
801,-0.663
802,-0.466
803,-0.184
804,0.066
805,0.224
806,0.213
807,-0.024
808,-0.575
809,-1.164
810,-1.46
811,-2.006
812,-2.48
813,-2.66
814,-2.837
815,-3.022
816,-3.059
817,-3.106
818,-3.089
819,-3.047
820,-3.003
821,-3.198
822,-3.509
823,-3.83
824,-3.288
825,-1.4
826,0.291
827,1.479
828,1.929
829,2.104
830,1.999
831,1.274
832,-0.998
833,-2.691
834,-3.352
835,-3.729
836,-3.868
837,-3.833
838,-3.661
839,-3.615
840,-3.666
841,-4.013
842,-4.813
843,-5.608
844,-5.97
845,-6.103
846,-6.193
847,-6.263
848,-4.845
849,-1.912
850,0.233
851,1.798
852,2.646
853,3.116
854,3.129
855,2.628
856,1.502
857,0.768
858,0.503
859,-0.016
860,-1.015
861,-2.309
862,-3.309
863,-4.014
864,-4.6
865,-5.145
866,-5.629
867,-5.994
868,-6.236
869,-6.38
870,-6.415
871,-6.369
872,-4.934
873,-2.289
874,-0.593
875,1.011
876,2.618
877,3.822
878,4.175
879,3.485
880,1.477
881,-0.236
882,-1.056
883,-1.832
884,-2.595
885,-3.187
886,-3.686
887,-4.055
888,-4.51
889,-5.038
890,-5.236
891,-5.157
892,-4.822
893,-4.155
894,-3.447
895,-3.065
896,-2.0
897,-0.314
898,1.074
899,2.209
900,2.801
901,3.01
902,2.955
903,2.648
904,2.147
905,1.764
906,1.555
907,1.358
908,1.18
909,0.968
910,0.553
911,0.16
912,-0.09
913,-0.179
914,-0.296
915,-0.344
916,-0.208
917,-0.208
918,-0.371
919,-0.531
920,0.371
921,1.988
922,3.672
923,5.225
924,6.062
925,6.458
926,6.351
927,4.881
928,2.383
929,0.603
930,0.464
931,0.527
932,0.612
933,0.606
934,0.745
935,0.912
936,0.965
937,0.776
938,1.066
939,1.44
940,1.945
941,2.913
942,3.016
943,2.841
944,3.375
945,4.571
946,5.7
947,6.448
948,6.873
949,7.221
950,7.197
951,6.597
952,5.238
953,3.483
954,2.606
955,1.781
956,1.622
957,1.756
958,1.338
959,1.073
960,1.323
961,1.821
962,2.3
963,2.812
964,3.338
965,3.65
966,3.804
967,3.747
968,3.991
969,4.659
970,5.411
971,6.097
972,6.734
973,7.408
974,7.4
975,6.768
976,5.608
977,4.706
978,4.426
979,3.834
980,3.094
981,2.67
982,2.501
983,2.402
984,2.197
985,2.021
986,1.86
987,1.58
988,1.286
989,1.035
990,0.742
991,0.522
992,0.678
993,1.248
994,2.11
995,3.037
996,3.641
997,3.917
998,3.956
999,3.69
1000,2.877
1001,1.68
1002,1.352
1003,1.207
1004,0.97
1005,0.821
1006,0.443
1007,-0.302
1008,-0.554
1009,-0.712
1010,-0.94
1011,-1.225
1012,-1.402
1013,-1.495
1014,-1.609
1015,-1.753
1016,-0.944
1017,0.516
1018,1.865
1019,2.654
1020,3.103
1021,3.245
1022,3.318
1023,3.166
1024,1.835
1025,-0.998
1026,-1.704
1027,-1.661
1028,-1.491
1029,-1.477
1030,-1.542
1031,-1.721
1032,-1.922
1033,-2.076
1034,-2.11
1035,-2.008
1036,-2.019
1037,-2.206
1038,-2.376
1039,-2.378
1040,-0.191
1041,1.806
1042,3.96
1043,5.431
1044,6.579
1045,7.203
1046,7.252
1047,6.531
1048,4.497
1049,2.146
1050,0.991
1051,-0.032
1052,-0.742
1053,-1.01
1054,-1.252
1055,-1.393
1056,-1.407
1057,-1.349
1058,-1.227
1059,-0.906
1060,-0.459
1061,-0.193
1062,-0.128
1063,-0.078
1064,1.348
1065,3.171
1066,4.312
1067,5.692
1068,7.061
1069,8.07
1070,8.104
1071,6.904
1072,5.27
1073,3.366
1074,1.784
1075,0.694
1076,0.156
1077,-0.127
1078,-0.385
1079,-0.535
1080,-0.599
1081,-0.711
1082,-0.796
1083,-0.844
1084,-0.9
1085,-0.991
1086,-1.062
1087,-0.891
1088,1.588
1089,3.663
1090,5.692
1091,7.841
1092,9.937
1093,11.042
1094,11.011
1095,9.762
1096,6.241
1097,2.579
1098,1.551
1099,0.982
1100,0.478
1101,0.071
1102,-0.187
1103,-0.404
1104,-0.625
1105,-0.807
1106,-0.822
1107,-0.737
1108,-0.815
1109,-1.075
1110,-1.384
1111,-1.325
1112,1.641
1113,4.084
1114,6.126
1115,8.459
1116,10.23
1117,11.346
1118,11.737
1119,11.084
1120,9.307
1121,7.856
1122,6.747
1123,5.807
1124,4.58
1125,3.634
1126,2.82
1127,2.209
1128,1.927
1129,1.788
1130,1.617
1131,1.383
1132,1.168
1133,0.877
1134,0.573
1135,0.496
1136,3.158
1137,6.367
1138,8.316
1139,10.575
1140,12.388
1141,13.368
1142,13.548
1143,12.788
1144,10.519
1145,7.53
1146,5.345
1147,3.839
1148,2.932
1149,2.437
1150,2.05
1151,1.757
1152,1.657
1153,1.682
1154,1.652
1155,1.516
1156,1.26
1157,0.872
1158,0.462
1159,0.474
1160,3.268
1161,6.127
1162,8.089
1163,9.949
1164,11.253
1165,12.099
1166,12.392
1167,12.042
1168,10.612
1169,9.161
1170,8.35
1171,6.94
1172,5.027
1173,3.26
1174,1.947
1175,1.281
1176,0.864
1177,0.536
1178,0.385
1179,0.324
1180,0.326
1181,0.348
1182,0.426
1183,0.973
1184,3.493
1185,5.352
1186,6.984
1187,8.065
1188,8.517
1189,8.529
1190,8.366
1191,7.944
1192,6.792
1193,4.464
1194,3.334
1195,2.555
1196,2.026
1197,1.667
1198,1.35
1199,1.26
1200,1.11
1201,0.965
1202,0.862
1203,0.791
1204,0.87
1205,0.904
1206,0.888
1207,0.809
1208,1.56
1209,2.799
1210,4.561
1211,7.018
1212,8.483
1213,9.201
1214,9.449
1215,9.182
1216,7.741
1217,6.143
1218,5.964
1219,6.127
1220,5.887
1221,5.036
1222,3.977
1223,3.083
1224,2.355
1225,1.72
1226,1.166
1227,0.783
1228,0.551
1229,0.311
1230,0.068
1231,0.436
1232,3.741
1233,5.956
1234,8.015
1235,10.207
1236,11.503
1237,11.955
1238,11.855
1239,11.243
1240,9.717
1241,7.037
1242,5.668
1243,4.785
1244,4.123
1245,3.981
1246,4.017
1247,4.036
1248,3.934
1249,4.004
1250,4.271
1251,4.578
1252,4.8
1253,4.814
1254,4.778
1255,4.871
1256,5.929
1257,7.385
1258,8.837
1259,9.617
1260,10.23
1261,10.819
1262,10.889
1263,10.5
1264,9.264
1265,7.45
1266,6.572
1267,5.607
1268,4.149
1269,2.939
1270,2.19
1271,1.495
1272,0.86
1273,0.08
1274,-0.666
1275,-1.503
1276,-2.277
1277,-2.946
1278,-3.492
1279,-3.309
1280,-1.694
1281,0.958
1282,3.609
1283,5.69
1284,7.106
1285,7.708
1286,7.622
1287,6.723
1288,4.745
1289,2.134
1290,1.049
1291,0.367
1292,-0.436
1293,-1.398
1294,-2.166
1295,-2.803
1296,-3.226
1297,-3.438
1298,-3.55
1299,-3.613
1300,-3.658
1301,-3.725
1302,-3.798
1303,-3.382
1304,-1.506
1305,1.208
1306,4.462
1307,6.807
1308,8.375
1309,9.316
1310,9.466
1311,8.784
1312,6.78
1313,2.907
1314,1.257
1315,0.606
1316,0.059
1317,-0.335
1318,-0.689
1319,-1.089
1320,-1.413
1321,-1.658
1322,-1.808
1323,-1.863
1324,-1.783
1325,-1.613
1326,-1.518
1327,-0.705
1328,1.844
1329,4.22
1330,7.052
1331,9.959
1332,11.901
1333,13.018
1334,13.341
1335,12.867
1336,10.827
1337,6.977
1338,5.35
1339,4.642
1340,3.848
1341,3.225
1342,2.683
1343,2.177
1344,1.754
1345,1.39
1346,1.069
1347,0.777
1348,0.506
1349,0.207
1350,-0.016
1351,0.751
1352,4.604
1353,6.945
1354,9.481
1355,12.688
1356,14.272
1357,15.083
1358,15.329
1359,14.898
1360,12.997
1361,9.874
1362,8.199
1363,7.0
1364,5.974
1365,5.289
1366,4.862
1367,4.485
1368,4.089
1369,3.783
1370,3.637
1371,3.575
1372,3.319
1373,2.804
1374,2.276
1375,2.422
1376,5.597
1377,8.201
1378,10.255
1379,13.427
1380,15.13
1381,15.712
1382,15.807
1383,15.403
1384,14.085
1385,11.893
1386,10.364
1387,8.849
1388,7.179
1389,5.76
1390,4.78
1391,4.132
1392,3.741
1393,3.482
1394,3.252
1395,2.897
1396,2.668
1397,2.665
1398,2.623
1399,3.421
1400,6.028
1401,8.733
1402,11.493
1403,13.519
1404,14.845
1405,15.309
1406,15.072
1407,14.246
1408,12.567
1409,10.195
1410,8.367
1411,7.396
1412,7.034
1413,6.836
1414,6.583
1415,6.29
1416,6.186
1417,6.07
1418,6.111
1419,6.288
1420,6.309
1421,6.101
1422,6.001
1423,5.821
1424,5.67
1425,5.465
1426,5.199
1427,5.272
1428,5.869
1429,6.656
1430,7.326
1431,7.581
1432,7.244
1433,6.375
1434,5.714
1435,5.249
1436,4.858
1437,4.623
1438,4.46
1439,4.189
1440,3.816
1441,3.564
1442,3.343
1443,3.143
1444,2.917
1445,2.762
1446,2.62
1447,2.887
1448,4.036
1449,5.825
1450,7.396
1451,8.462
1452,9.114
1453,9.317
1454,9.234
1455,9.048
1456,8.386
1457,6.428
1458,5.073
1459,4.741
1460,4.849
1461,5.174
1462,5.291
1463,5.388
1464,5.482
1465,5.25
1466,4.716
1467,4.32
1468,4.137
1469,4.009
1470,4.184
1471,4.706
1472,6.001
1473,7.609
1474,8.682
1475,9.8
1476,10.739
1477,11.128
1478,10.876
1479,10.061
1480,9.447
1481,8.411
1482,7.213
1483,6.82
1484,6.131
1485,5.387
1486,5.313
1487,5.556
1488,5.508
1489,5.27
1490,5.303
1491,5.457
1492,5.499
1493,5.267
1494,5.652
1495,6.635
1496,8.424
1497,9.508
1498,9.422
1499,9.448
1500,9.93
1501,10.752
1502,10.665
1503,9.395
1504,7.4
1505,6.039
1506,5.232
1507,4.407
1508,3.67
1509,3.275
1510,3.368
1511,3.448
1512,3.053
1513,2.651
1514,2.516
1515,2.262
1516,2.237
1517,2.512
1518,2.85
1519,3.188
1520,3.971
1521,5.165
1522,6.45
1523,7.33
1524,7.657
1525,7.432
1526,6.699
1527,6.103
1528,5.565
1529,5.074
1530,4.978
1531,4.96
1532,4.796
1533,4.529
1534,3.99
1535,3.397
1536,2.98
1537,2.947
1538,2.836
1539,2.463
1540,2.485
1541,2.82
1542,2.551
1543,3.043
1544,4.823
1545,7.12
1546,9.886
1547,11.841
1548,13.121
1549,13.676
1550,13.702
1551,13.218
1552,12.068
1553,9.398
1554,7.558
1555,8.054
1556,8.239
1557,8.044
1558,7.568
1559,7.298
1560,7.02
1561,6.95
1562,6.822
1563,6.908
1564,6.872
1565,6.378
1566,6.436
1567,6.495
1568,6.981
1569,7.877
1570,8.683
1571,9.467
1572,10.011
1573,10.214
1574,10.159
1575,9.824
1576,9.149
1577,7.825
1578,6.598
1579,6.222
1580,5.945
1581,5.674
1582,5.424
1583,5.171
1584,4.997
1585,4.852
1586,4.756
1587,4.653
1588,4.522
1589,4.219
1590,3.907
1591,4.254
1592,5.299
1593,6.453
1594,7.568
1595,8.38
1596,8.796
1597,8.676
1598,8.543
1599,8.429
1600,8.007
1601,6.328
1602,4.127
1603,3.302
1604,3.357
1605,3.615
1606,3.868
1607,3.973
1608,3.872
1609,3.963
1610,4.252
1611,4.176
1612,4.125
1613,4.242
1614,4.409
1615,4.605
1616,5.145
1617,5.886
1618,6.623
1619,7.369
1620,8.061
1621,8.579
1622,8.552
1623,8.466
1624,8.426
1625,8.306
1626,8.224
1627,8.244
1628,8.319
1629,8.37
1630,8.453
1631,8.445
1632,8.225
1633,7.812
1634,7.127
1635,6.525
1636,6.087
1637,5.986
1638,6.775
1639,8.347
1640,9.763
1641,9.874
1642,10.586
1643,11.468
1644,12.617
1645,13.193
1646,12.817
1647,11.534
1648,10.285
1649,8.885
1650,7.398
1651,6.353
1652,5.372
1653,4.303
1654,3.297
1655,2.413
1656,1.841
1657,1.611
1658,1.552
1659,1.569
1660,1.683
1661,1.672
1662,1.536
1663,1.833
1664,2.199
1665,2.534
1666,3.078
1667,3.63
1668,3.567
1669,3.013
1670,2.939
1671,3.317
1672,3.438
1673,2.865
1674,2.052
1675,1.473
1676,1.066
1677,0.895
1678,0.698
1679,0.371
1680,-0.125
1681,-0.468
1682,-0.808
1683,-0.996
1684,-1.276
1685,-1.697
1686,-2.102
1687,-0.771
1688,1.555
1689,4.036
1690,5.583
1691,6.778
1692,7.76
1693,8.434
1694,8.641
1695,8.183
1696,7.335
1697,5.588
1698,4.102
1699,3.855
1700,3.802
1701,4.057
1702,4.794
1703,5.415
1704,5.594
1705,5.311
1706,4.329
1707,2.965
1708,2.153
1709,1.876
1710,1.826
1711,2.406
1712,3.547
1713,4.777
1714,5.679
1715,6.327
1716,6.504
1717,6.308
1718,6.184
1719,6.079
1720,5.777
1721,4.708
1722,3.646
1723,3.405
1724,3.332
1725,3.144
1726,2.926
1727,2.885
1728,3.034
1729,3.091
1730,3.05
1731,3.024
1732,2.995
1733,2.98
1734,2.971
1735,3.09
1736,3.536
1737,3.848
1738,3.882
1739,3.925
1740,3.986
1741,3.909
1742,3.939
1743,4.105
1744,4.032
1745,3.716
1746,3.795
1747,4.369
1748,5.055
1749,5.235
1750,4.833
1751,4.244
1752,3.908
1753,3.868
1754,4.063
1755,4.24
1756,4.489
1757,4.783
1758,4.826
1759,4.768
1760,4.757
1761,4.862
1762,6.018
1763,7.861
1764,8.695
1765,8.913
1766,9.085
1767,9.163
1768,9.122
1769,9.066
1770,9.071
1771,9.134
1772,9.179
1773,9.19
1774,9.126
1775,8.996
1776,8.843
1777,8.689
1778,8.53
1779,8.325
1780,8.107
1781,7.925
1782,7.726
1783,7.664
1784,7.824
1785,8.378
1786,9.179
1787,10.107
1788,10.673
1789,11.256
1790,11.468
1791,11.291
1792,10.869
1793,9.9
1794,8.038
1795,7.2
1796,6.639
1797,6.017
1798,5.844
1799,5.741
1800,5.404
1801,4.713
1802,4.362
1803,4.229
1804,4.245
1805,4.287
1806,4.328
1807,5.934
1808,8.163
1809,10.577
1810,12.068
1811,12.758
1812,12.614
1813,11.509
1814,9.869
1815,8.25
1816,6.772
1817,5.672
1818,4.764
1819,4.183
1820,3.617
1821,3.022
1822,2.583
1823,2.111
1824,1.675
1825,1.274
1826,0.765
1827,0.493
1828,0.463
1829,0.542
1830,0.645
1831,1.332
1832,2.492
1833,3.743
1834,4.75
1835,5.415
1836,5.904
1837,6.164
1838,6.249
1839,6.23
1840,5.883
1841,4.739
1842,2.434
1843,1.585
1844,0.994
1845,0.529
1846,0.1
1847,-0.265
1848,-0.609
1849,-0.884
1850,-1.067
1851,-1.11
1852,-0.933
1853,-0.764
1854,-0.537
1855,0.607
1856,2.626
1857,4.848
1858,5.971
1859,6.872
1860,7.607
1861,8.093
1862,8.217
1863,8.094
1864,7.633
1865,6.044
1866,3.162
1867,2.122
1868,1.391
1869,0.801
1870,0.217
1871,-0.378
1872,-0.976
1873,-1.489
1874,-1.763
1875,-1.772
1876,-1.742
1877,-1.942
1878,-2.078
1879,0.349
1880,2.446
1881,5.586
1882,7.384
1883,8.444
1884,9.281
1885,9.824
1886,10.028
1887,9.852
1888,9.256
1889,7.311
1890,4.152
1891,3.015
1892,2.195
1893,1.362
1894,0.51
1895,-0.179
1896,-0.729
1897,-1.132
1898,-1.47
1899,-1.733
1900,-1.817
1901,-1.827
1902,-1.787
1903,0.982
1904,3.368
1905,6.551
1906,8.985
1907,10.416
1908,11.562
1909,12.358
1910,12.753
1911,12.7
1912,12.059
1913,9.641
1914,5.941
1915,4.769
1916,4.015
1917,3.29
1918,2.597
1919,1.928
1920,1.381
1921,0.91
1922,0.469
1923,0.087
1924,-0.345
1925,-0.853
1926,-0.907
1927,1.583
1928,3.768
1929,7.013
1930,10.406
1931,12.585
1932,14.121
1933,15.101
1934,15.535
1935,15.447
1936,14.783
1937,12.81
1938,10.491
1939,9.632
1940,9.072
1941,8.543
1942,7.856
1943,6.996
1944,6.306
1945,5.347
1946,4.18
1947,3.156
1948,2.384
1949,1.753
1950,1.534
1951,4.627
1952,7.333
1953,10.106
1954,12.711
1955,14.524
1956,15.398
1957,15.849
1958,15.948
1959,15.696
1960,14.963
1961,12.685
1962,9.117
1963,7.659
1964,6.767
1965,5.976
1966,5.359
1967,5.011
1968,4.961
1969,4.767
1970,4.488
1971,4.393
1972,4.224
1973,4.098
1974,4.107
1975,4.555
1976,5.387
1977,7.011
1978,9.261
1979,10.911
1980,12.39
1981,13.333
1982,13.578
1983,13.172
1984,12.142
1985,10.565
1986,8.875
1987,8.072
1988,7.287
1989,6.423
1990,5.736
1991,5.217
1992,4.558
1993,3.904
1994,2.983
1995,2.008
1996,1.039
1997,0.236
1998,0.083
1999,1.827
2000,3.624
2001,5.317
2002,6.363
2003,6.776
2004,7.155
2005,7.295
2006,7.088
2007,6.794
2008,6.342
2009,5.456
2010,4.223
2011,3.449
2012,2.902
2013,2.486
2014,2.017
2015,1.823
2016,1.726
2017,1.529
2018,1.284
2019,1.158
2020,1.14
2021,1.081
2022,1.072
2023,1.561
2024,2.674
2025,4.417
2026,5.832
2027,6.699
2028,7.584
2029,8.159
2030,8.287
2031,7.938
2032,7.261
2033,6.257
2034,4.176
2035,3.719
2036,3.272
2037,2.503
2038,1.935
2039,1.398
2040,1.134
2041,0.993
2042,0.668
2043,0.457
2044,0.255
2045,0.118
2046,0.465
2047,2.346
2048,4.133
2049,6.101
2050,7.409
2051,8.402
2052,9.239
2053,9.828
2054,10.162
2055,10.074
2056,9.58
2057,8.457
2058,5.639
2059,4.242
2060,3.512
2061,2.919
2062,2.423
2063,1.955
2064,1.513
2065,1.088
2066,0.722
2067,0.412
2068,-0.041
2069,-0.518
2070,-0.362
2071,2.888
2072,5.413
2073,8.655
2074,10.348
2075,11.488
2076,12.246
2077,12.582
2078,12.457
2079,12.043
2080,11.495
2081,10.402
2082,7.912
2083,6.775
2084,6.18
2085,5.602
2086,5.139
2087,4.808
2088,4.504
2089,3.988
2090,3.602
2091,3.397
2092,3.544
2093,3.689
2094,3.838
2095,4.645
2096,6.687
2097,9.389
2098,11.466
2099,12.848
2100,13.887
2101,14.603
2102,14.966
2103,14.955
2104,14.519
2105,12.943
2106,9.235
2107,7.407
2108,6.496
2109,5.686
2110,4.923
2111,4.261
2112,3.763
2113,3.513
2114,3.348
2115,3.229
2116,3.049
2117,2.651
2118,2.966
2119,6.607
2120,9.164
2121,12.338
2122,15.02
2123,16.292
2124,17.029
2125,17.452
2126,17.589
2127,17.389
2128,16.897
2129,15.705
2130,13.568
2131,12.094
2132,11.082
2133,10.263
2134,9.447
2135,8.705
2136,7.884
2137,6.969
2138,6.245
2139,5.581
2140,4.769
2141,4.038
2142,4.145
2143,7.421
2144,9.8
2145,12.835
2146,15.993
2147,16.908
2148,17.38
2149,17.535
2150,17.384
2151,16.945
2152,16.12
2153,14.106
2154,10.889
2155,9.602
2156,8.802
2157,7.788
2158,6.84
2159,5.955
2160,5.355
2161,5.052
2162,5.125
2163,5.006
2164,4.729
2165,4.516
2166,4.454
2167,5.202
2168,6.72
2169,9.108
2170,11.668
2171,13.684
2172,14.964
2173,15.572
2174,15.715
2175,15.477
2176,14.876
2177,13.413
2178,10.45
2179,9.009
2180,8.355
2181,7.671
2182,7.055
2183,6.379
2184,5.712
2185,5.192
2186,4.898
2187,4.752
2188,4.762
2189,4.766
2190,5.269
2191,7.155
2192,9.251
2193,11.896
2194,14.731
2195,16.499
2196,17.612
2197,18.204
2198,18.253
2199,17.744
2200,16.553
2201,14.491
2202,12.876
2203,11.854
2204,11.015
2205,10.264
2206,9.483
2207,9.032
2208,8.753
2209,8.506
2210,8.172
2211,7.796
2212,7.387
2213,7.102
2214,7.144
2215,7.925
2216,9.07
2217,10.487
2218,11.388
2219,11.752
2220,12.172
2221,12.602
2222,13.006
2223,13.163
2224,12.649
2225,10.887
2226,8.323
2227,6.286
2228,4.598
2229,3.466
2230,2.917
2231,2.715
2232,2.56
2233,2.397
2234,2.161
2235,1.913
2236,1.879
2237,1.937
2238,2.037
2239,2.515
2240,3.204
2241,3.97
2242,4.802
2243,5.262
2244,5.229
2245,5.302
2246,5.56
2247,5.826
2248,5.335
2249,4.644
2250,3.648
2251,2.983
2252,2.721
2253,2.458
2254,2.313
2255,2.124
2256,2.018
2257,1.945
2258,1.793
2259,1.481
2260,1.209
2261,1.105
2262,1.378
2263,2.252
2264,4.166
2265,5.797
2266,6.942
2267,7.856
2268,8.85
2269,9.526
2270,9.881
2271,9.928
2272,9.619
2273,8.893
2274,7.299
2275,5.902
2276,5.366
2277,4.854
2278,4.369
2279,3.868
2280,3.63
2281,3.367
2282,3.085
2283,2.854
2284,2.64
2285,2.543
2286,3.299
2287,4.915
2288,6.777
2289,9.183
2290,10.797
2291,12.206
2292,13.493
2293,14.358
2294,14.772
2295,14.779
2296,14.501
2297,13.587
2298,11.162
2299,9.432
2300,8.456
2301,7.515
2302,6.625
2303,5.837
2304,5.087
2305,4.427
2306,3.934
2307,3.776
2308,3.745
2309,3.585
2310,4.341
2311,6.335
2312,8.512
2313,10.931
2314,12.377
2315,13.373
2316,13.979
2317,14.114
2318,13.729
2319,13.33
2320,12.889
2321,12.298
2322,11.089
2323,10.017
2324,9.494
2325,9.04
2326,8.749
2327,8.333
2328,7.899
2329,7.457
2330,7.121
2331,6.979
2332,6.919
2333,6.77
2334,6.85
2335,7.164
2336,7.603
2337,8.12
2338,9.008
2339,10.289
2340,11.553
2341,12.268
2342,12.686
2343,12.675
2344,12.265
2345,11.524
2346,10.109
2347,8.791
2348,8.026
2349,7.235
2350,6.647
2351,6.241
2352,6.005
2353,5.919
2354,5.913
2355,5.938
2356,5.941
2357,5.919
2358,6.29
2359,6.913
2360,7.996
2361,9.492
2362,10.575
2363,11.438
2364,11.968
2365,12.386
2366,12.446
2367,12.296
2368,11.881
2369,11.139
2370,9.893
2371,9.131
2372,8.845
2373,8.596
2374,8.329
2375,7.98
2376,7.642
2377,7.408
2378,7.147
2379,6.898
2380,6.688
2381,6.415
2382,6.434
2383,6.793
2384,7.498
2385,8.395
2386,9.348
2387,10.117
2388,10.619
2389,10.909
2390,11.038
2391,10.903
2392,10.643
2393,10.079
2394,9.178
2395,8.44
2396,7.686
2397,6.299
2398,5.074
2399,4.211
2400,3.628
2401,3.149
2402,2.593
2403,2.073
2404,1.443
2405,0.865
2406,1.229
2407,2.436
2408,4.297
2409,6.305
2410,8.003
2411,9.296
2412,10.2
2413,10.769
2414,11.043
2415,10.832
2416,10.31
2417,9.273
2418,6.768
2419,4.415
2420,3.623
2421,2.665
2422,1.781
2423,1.053
2424,0.469
2425,-0.048
2426,-0.534
2427,-1.019
2428,-1.558
2429,-2.005
2430,-1.137
2431,0.877
2432,3.46
2433,5.813
2434,7.635
2435,8.794
2436,9.497
2437,9.823
2438,9.848
2439,9.452
2440,8.723
2441,7.588
2442,5.668
2443,3.579
2444,2.723
2445,1.888
2446,1.092
2447,0.622
2448,0.315
2449,0.037
2450,-0.147
2451,-0.325
2452,-0.588
2453,-0.792
2454,-0.088
2455,1.382
2456,3.161
2457,4.477
2458,5.227
2459,5.734
2460,6.251
2461,6.489
2462,6.401
2463,5.894
2464,5.158
2465,4.156
2466,2.962
2467,1.997
2468,1.315
2469,0.845
2470,0.518
2471,0.293
2472,0.076
2473,-0.174
2474,-0.344
2475,-0.447
2476,-0.541
2477,-0.487
2478,0.113
2479,0.959
2480,2.207
2481,3.984
2482,5.695
2483,7.027
2484,7.898
2485,8.473
2486,8.716
2487,8.592
2488,8.069
2489,7.086
2490,5.386
2491,3.158
2492,2.264
2493,1.399
2494,0.47
2495,-0.204
2496,-0.345
2497,0.256
2498,0.864
2499,0.99
2500,0.743
2501,0.572
2502,0.973
2503,2.183
2504,4.107
2505,6.901
2506,10.078
2507,12.394
2508,13.837
2509,14.675
2510,15.05
2511,14.972
2512,14.502
2513,13.331
2514,10.612
2515,7.982
2516,7.028
2517,6.062
2518,5.213
2519,4.385
2520,3.692
2521,3.093
2522,2.506
2523,1.923
2524,1.35
2525,0.942
2526,2.78
2527,5.567
2528,9.106
2529,12.049
2530,14.04
2531,15.171
2532,15.687
2533,15.795
2534,15.644
2535,15.166
2536,14.346
2537,13.134
2538,11.2
2539,9.818
2540,9.227
2541,8.72
2542,8.249
2543,7.871
2544,7.61
2545,7.516
2546,7.466
2547,7.421
2548,7.279
2549,7.128
2550,7.658
2551,9.143
2552,10.861
2553,12.565
2554,13.953
2555,14.95
2556,15.568
2557,16.012
2558,16.411
2559,16.635
2560,16.46
2561,15.413
2562,12.753
2563,10.339
2564,9.487
2565,8.613
2566,7.642
2567,6.867
2568,6.297
2569,5.938
2570,5.694
2571,5.392
2572,4.645
2573,4.115
2574,5.519
2575,7.699
2576,10.653
2577,13.157
2578,15.128
2579,16.746
2580,17.919
2581,18.648
2582,18.934
2583,18.811
2584,18.318
2585,17.059
2586,14.415
2587,11.741
2588,10.626
2589,9.572
2590,8.668
2591,7.995
2592,7.267
2593,6.585
2594,6.065
2595,5.779
2596,5.513
2597,5.331
2598,7.04
2599,9.432
2600,12.533
2601,15.556
2602,17.789
2603,19.367
2604,20.397
2605,20.985
2606,21.138
2607,20.961
2608,20.426
2609,18.993
2610,15.771
2611,12.61
2612,11.488
2613,10.612
2614,9.831
2615,9.054
2616,8.297
2617,7.593
2618,6.911
2619,6.286
2620,5.637
2621,5.138
2622,7.131
2623,9.386
2624,12.209
2625,15.444
2626,17.925
2627,19.291
2628,20.082
2629,20.536
2630,20.69
2631,20.465
2632,19.801
2633,18.258
2634,15.156
2635,11.986
2636,10.895
2637,10.042
2638,9.237
2639,8.509
2640,7.867
2641,7.167
2642,6.489
2643,5.838
2644,5.225
2645,4.876
2646,7.185
2647,9.574
2648,12.376
2649,15.879
2650,18.26
2651,19.542
2652,20.447
2653,21.027
2654,21.239
2655,21.002
2656,20.277
2657,18.675
2658,15.452
2659,12.123
2660,10.997
2661,10.155
2662,9.365
2663,8.698
2664,8.012
2665,7.43
2666,6.937
2667,6.492
2668,6.007
2669,5.705
2670,7.193
2671,9.364
2672,12.406
2673,15.874
2674,18.154
2675,19.626
2676,20.59
2677,21.157
2678,21.308
2679,21.019
2680,20.288
2681,18.78
2682,16.158
2683,13.642
2684,12.307
2685,11.041
2686,10.237
2687,9.576
2688,8.857
2689,8.157
2690,7.769
2691,7.534
2692,7.371
2693,7.246
2694,8.961
2695,11.561
2696,13.948
2697,16.403
2698,18.24
2699,19.655
2700,20.586
2701,21.256
2702,21.2
2703,20.731
2704,19.812
2705,18.323
2706,16.33
2707,14.78
2708,13.95
2709,12.971
2710,12.197
2711,11.874
2712,11.652
2713,11.49
2714,11.25
2715,10.814
2716,10.225
2717,9.662
2718,11.414
2719,13.66
2720,16.34
2721,18.37
2722,19.821
2723,20.941
2724,21.842
2725,22.592
2726,23.06
2727,22.927
2728,21.724
2729,19.354
2730,16.371
2731,13.491
2732,11.365
2733,9.963
2734,9.226
2735,8.493
2736,7.869
2737,7.883
2738,8.193
2739,8.366
2740,8.262
2741,8.172
2742,9.205
2743,11.443
2744,14.377
2745,16.846
2746,18.852
2747,20.501
2748,21.689
2749,22.375
2750,22.468
2751,21.982
2752,21.025
2753,19.585
2754,16.944
2755,13.943
2756,12.493
2757,11.335
2758,10.311
2759,9.554
2760,8.82
2761,8.71
2762,8.674
2763,8.425
2764,8.121
2765,7.87
2766,7.654
2767,7.472
2768,7.426
2769,7.632
2770,8.14
2771,8.992
2772,9.962
2773,10.587
2774,10.826
2775,10.732
2776,10.737
2777,10.352
2778,9.435
2779,8.198
2780,7.499
2781,7.036
2782,6.694
2783,6.387
2784,6.143
2785,5.769
2786,5.313
2787,4.776
2788,4.258
2789,4.425
2790,6.531
2791,8.572
2792,10.584
2793,11.463
2794,11.531
2795,11.692
2796,11.755
2797,11.617
2798,11.266
2799,10.718
2800,10.216
2801,9.383
2802,8.042
2803,6.434
2804,5.578
2805,5.08
2806,4.667
2807,4.287
2808,3.785
2809,3.222
2810,2.759
2811,2.306
2812,2.011
2813,2.139
2814,3.221
2815,4.241
2816,5.176
2817,6.288
2818,7.412
2819,8.438
2820,9.119
2821,9.081
2822,8.835
2823,8.717
2824,8.619
2825,8.405
2826,7.61
2827,6.089
2828,5.546
2829,5.002
2830,4.094
2831,3.273
2832,2.674
2833,2.189
2834,1.739
2835,1.533
2836,1.579
2837,1.863
2838,2.87
2839,4.066
2840,5.999
2841,8.007
2842,9.292
2843,10.032
2844,10.364
2845,10.457
2846,10.438
2847,10.194
2848,9.785
2849,9.184
2850,8.265
2851,6.837
2852,6.358
2853,6.275
2854,6.305
2855,6.472
2856,6.723
2857,6.881
2858,6.915
2859,6.899
2860,6.903
2861,6.857
2862,6.978
2863,7.265
2864,8.211
2865,9.977
2866,11.691
2867,13.003
2868,13.971
2869,14.609
2870,14.921
2871,14.891
2872,14.561
2873,13.78
2874,11.953
2875,9.567
2876,9.052
2877,9.165
2878,8.706
2879,8.305
2880,8.021
2881,7.57
2882,7.021
2883,6.661
2884,6.331
2885,6.029
2886,7.032
2887,8.928
2888,12.443
2889,14.221
2890,15.351
2891,16.276
2892,17.041
2893,17.579
2894,17.852
2895,17.85
2896,17.609
2897,17.048
2898,15.921
2899,14.366
2900,13.585
2901,13.259
2902,12.57
2903,11.484
2904,10.21
2905,8.809
2906,7.551
2907,6.397
2908,5.466
2909,5.136
2910,7.979
2911,10.391
2912,13.117
2913,15.125
2914,16.139
2915,16.671
2916,16.935
2917,17.284
2918,17.331
2919,16.596
2920,15.182
2921,13.591
2922,12.221
2923,11.037
2924,10.344
2925,9.838
2926,9.44
2927,9.058
2928,8.537
2929,7.976
2930,7.565
2931,7.297
2932,7.184
2933,7.139
2934,7.458
2935,8.206
2936,9.215
2937,10.324
2938,11.425
2939,12.35
2940,12.984
2941,13.246
2942,13.148
2943,12.845
2944,12.332
2945,11.662
2946,10.598
2947,8.366
2948,7.391
2949,7.286
2950,7.283
2951,6.748
2952,5.732
2953,4.875
2954,4.486
2955,4.288
2956,4.167
2957,4.527
2958,6.005
2959,7.113
2960,7.498
2961,7.001
2962,5.922
2963,4.848
2964,4.203
2965,3.835
2966,3.576
2967,3.46
2968,3.463
2969,3.498
2970,3.243
2971,2.329
2972,1.895
2973,1.901
2974,1.82
2975,1.545
2976,1.323
2977,1.13
2978,0.966
2979,0.851
2980,0.613
2981,0.526
2982,0.946
2983,1.773
2984,2.839
2985,4.092
2986,5.476
2987,6.673
2988,7.417
2989,7.94
2990,8.323
2991,8.479
2992,8.302
2993,7.862
2994,6.834
2995,4.275
2996,3.109
2997,2.523
2998,1.979
2999,1.471
3000,1.006
3001,0.647
3002,0.356
3003,0.076
3004,-0.115
3005,0.433
3006,2.5
3007,4.604
3008,5.945
3009,7.083
3010,8.155
3011,9.043
3012,9.788
3013,10.299
3014,10.589
3015,10.576
3016,10.319
3017,9.721
3018,8.582
3019,5.843
3020,5.027
3021,5.062
3022,4.878
3023,4.231
3024,3.561
3025,2.735
3026,2.074
3027,1.661
3028,1.502
3029,1.834
3030,3.943
3031,6.042
3032,8.129
3033,9.402
3034,10.564
3035,11.507
3036,12.354
3037,13.162
3038,13.695
3039,13.912
3040,13.82
3041,13.338
3042,12.158
3043,9.904
3044,8.474
3045,7.423
3046,6.427
3047,6.18
3048,5.816
3049,5.761
3050,5.995
3051,6.196
3052,6.271
3053,6.512
3054,7.234
3055,8.047
3056,9.196
3057,10.64
3058,11.271
3059,11.337
3060,11.363
3061,11.523
3062,11.679
3063,11.878
3064,12.029
3065,11.705
3066,10.968
3067,10.053
3068,9.213
3069,8.673
3070,8.317
3071,8.197
3072,8.07
3073,7.805
3074,7.209
3075,5.861
3076,4.631
3077,4.928
3078,6.669
3079,8.682
3080,10.91
3081,12.249
3082,12.65
3083,12.452
3084,12.883
3085,13.473
3086,13.219
3087,12.622
3088,12.347
3089,12.019
3090,11.404
3091,10.246
3092,9.215
3093,8.591
3094,8.021
3095,7.6
3096,7.347
3097,6.989
3098,6.507
3099,6.211
3100,5.867
3101,6.263
3102,7.844
3103,9.413
3104,10.773
3105,12.004
3106,12.683
3107,13.402
3108,14.219
3109,14.842
3110,15.176
3111,15.174
3112,14.939
3113,14.438
3114,13.423
3115,11.794
3116,11.725
3117,11.011
3118,9.457
3119,9.024
3120,9.237
3121,9.417
3122,9.582
3123,10.061
3124,10.717
3125,11.213
3126,11.928
3127,12.513
3128,13.678
3129,15.129
3130,15.849
3131,15.671
3132,15.665
3133,15.442
3134,14.892
3135,13.839
3136,12.412
3137,10.755
3138,9.421
3139,8.456
3140,7.735
3141,7.215
3142,6.732
3143,6.294
3144,5.923
3145,5.565
3146,5.25
3147,4.759
3148,4.217
3149,3.839
3150,4.266
3151,5.649
3152,7.534
3153,8.87
3154,9.885
3155,10.865
3156,11.745
3157,12.348
3158,12.552
3159,12.523
3160,12.339
3161,11.891
3162,10.805
3163,8.459
3164,7.024
3165,6.536
3166,5.749
3167,5.1
3168,4.458
3169,3.755
3170,3.249
3171,2.936
3172,2.437
3173,2.829
3174,4.513
3175,7.011
3176,9.542
3177,11.27
3178,12.452
3179,13.319
3180,13.925
3181,14.283
3182,14.4
3183,14.187
3184,13.683
3185,12.862
3186,11.419
3187,8.24
3188,6.121
3189,5.263
3190,4.472
3191,3.763
3192,3.09
3193,2.452
3194,1.905
3195,1.372
3196,0.852
3197,1.665
3198,3.938
3199,6.615
3200,9.667
3201,11.247
3202,12.117
3203,12.658
3204,12.898
3205,12.899
3206,12.714
3207,12.355
3208,11.859
3209,11.106
3210,9.908
3211,7.767
3212,5.966
3213,5.192
3214,4.486
3215,3.73
3216,2.94
3217,2.136
3218,1.427
3219,0.805
3220,0.218
3221,1.091
3222,2.84
3223,5.48
3224,7.824
3225,9.221
3226,10.37
3227,11.465
3228,12.336
3229,12.939
3230,13.177
3231,13.061
3232,12.607
3233,11.811
3234,10.649
3235,8.049
3236,5.816
3237,4.959
3238,4.154
3239,3.472
3240,3.179
3241,3.097
3242,2.912
3243,2.675
3244,2.536
3245,3.466
3246,5.116
3247,6.751
3248,8.267
3249,9.462
3250,10.459
3251,11.288
3252,12.034
3253,12.72
3254,13.211
3255,13.24
3256,12.955
3257,12.445
3258,11.692
3259,10.405
3260,9.308
3261,8.634
3262,8.011
3263,7.397
3264,6.889
3265,6.399
3266,5.798
3267,5.282
3268,4.951
3269,5.323
3270,6.686
3271,8.985
3272,11.55
3273,13.727
3274,15.548
3275,17.029
3276,18.057
3277,18.651
3278,18.885
3279,18.808
3280,18.538
3281,17.929
3282,16.599
3283,14.477
3284,13.046
3285,12.35
3286,11.801
3287,11.044
3288,10.284
3289,9.771
3290,9.358
3291,8.974
3292,8.602
3293,8.905
3294,9.962
3295,11.218
3296,12.89
3297,14.319
3298,15.474
3299,16.446
3300,17.12
3301,17.4
3302,17.49
3303,17.374
3304,16.895
3305,16.042
3306,14.751
3307,13.348
3308,12.272
3309,11.657
3310,11.133
3311,10.452
3312,9.922
3313,9.485
3314,9.13
3315,8.813
3316,8.558
3317,9.203
3318,10.299
3319,11.886
3320,13.759
3321,15.451
3322,16.582
3323,17.444
3324,18.121
3325,18.481
3326,18.52
3327,18.362
3328,17.994
3329,17.427
3330,16.336
3331,14.505
3332,13.37
3333,13.014
3334,12.643
3335,12.164
3336,11.649
3337,11.256
3338,10.905
3339,10.599
3340,10.3
3341,10.241
3342,10.531
3343,11.152
3344,11.837
3345,12.609
3346,13.287
3347,13.792
3348,14.14
3349,14.32
3350,14.36
3351,14.243
3352,14.026
3353,13.757
3354,13.449
3355,13.095
3356,12.727
3357,12.346
3358,11.984
3359,11.71
3360,11.483
3361,11.22
3362,10.901
3363,10.504
3364,10.159
3365,9.933
3366,9.864
3367,9.954
3368,10.231
3369,10.654
3370,11.054
3371,11.385
3372,11.704
3373,11.999
3374,12.18
3375,12.118
3376,11.879
3377,11.582
3378,11.203
3379,10.809
3380,10.504
3381,10.298
3382,10.108
3383,9.909
3384,9.679
3385,9.439
3386,9.151
3387,8.845
3388,8.646
3389,8.846
3390,9.32
3391,9.932
3392,10.785
3393,11.733
3394,12.794
3395,13.851
3396,14.905
3397,15.718
3398,16.111
3399,16.017
3400,15.625
3401,15.05
3402,14.178
3403,11.898
3404,10.12
3405,9.77
3406,9.365
3407,9.134
3408,8.969
3409,8.67
3410,8.199
3411,7.421
3412,6.638
3413,6.806
3414,9.257
3415,11.729
3416,13.994
3417,14.985
3418,15.775
3419,16.73
3420,17.608
3421,18.311
3422,18.777
3423,18.93
3424,18.779
3425,18.299
3426,17.416
3427,14.883
3428,12.684
3429,11.524
3430,10.518
3431,9.625
3432,8.886
3433,8.282
3434,7.825
3435,7.5
3436,7.274
3437,8.631
3438,11.322
3439,13.129
3440,16.208
3441,18.108
3442,19.209
3443,20.097
3444,20.717
3445,21.074
3446,21.04
3447,20.657
3448,20.01
3449,19.398
3450,18.38
3451,16.332
3452,15.22
3453,15.085
3454,15.083
3455,14.694
3456,14.238
3457,13.644
3458,12.9
3459,12.281
3460,11.518
3461,11.721
3462,12.947
3463,14.293
3464,16.496
3465,18.129
3466,18.804
3467,19.147
3468,19.058
3469,18.778
3470,18.703
3471,18.522
3472,18.127
3473,17.513
3474,16.693
3475,14.995
3476,13.594
3477,12.892
3478,12.158
3479,11.221
3480,10.17
3481,9.26
3482,8.448
3483,7.718
3484,7.297
3485,8.672
3486,10.312
3487,12.605
3488,15.337
3489,17.108
3490,18.108
3491,18.993
3492,19.625
3493,20.033
3494,20.293
3495,20.291
3496,20.06
3497,19.463
3498,18.322
3499,15.932
3500,14.0
3501,13.476
3502,12.994
3503,12.246
3504,11.299
3505,10.533
3506,10.069
3507,9.873
3508,9.918
3509,11.039
3510,13.018
3511,15.059
3512,16.663
3513,17.705
3514,18.544
3515,19.189
3516,19.69
3517,19.947
3518,19.917
3519,19.611
3520,18.995
3521,18.205
3522,17.206
3523,15.562
3524,14.049
3525,13.573
3526,13.18
3527,12.705
3528,12.238
3529,11.903
3530,11.727
3531,11.55
3532,11.397
3533,11.545
3534,11.769
3535,12.046
3536,12.294
3537,12.486
3538,12.814
3539,13.378
3540,14.115
3541,14.749
3542,15.017
3543,14.978
3544,14.709
3545,14.036
3546,13.044
3547,11.787
3548,10.75
3549,10.229
3550,9.809
3551,9.392
3552,8.876
3553,8.258
3554,7.817
3555,7.702
3556,7.776
3557,8.194
3558,8.914
3559,9.874
3560,11.009
3561,11.782
3562,12.474
3563,13.143
3564,13.457
3565,13.642
3566,13.935
3567,13.899
3568,13.845
3569,13.651
3570,13.16
3571,11.675
3572,10.009
3573,9.296
3574,8.811
3575,8.142
3576,7.421
3577,6.735
3578,6.077
3579,5.493
3580,5.079
3581,6.793
3582,9.48
3583,12.328
3584,14.724
3585,16.304
3586,17.453
3587,18.319
3588,18.989
3589,19.452
3590,19.688
3591,19.673
3592,19.348
3593,18.705
3594,17.756
3595,15.705
3596,13.943
3597,13.256
3598,12.524
3599,11.871
3600,11.418
3601,11.108
3602,10.658
3603,10.207
3604,10.009
3605,11.193
3606,13.329
3607,15.786
3608,17.545
3609,18.664
3610,19.645
3611,20.366
3612,21.001
3613,21.462
3614,21.776
3615,21.832
3616,21.765
3617,21.434
3618,20.838
3619,19.426
3620,17.85
3621,16.726
3622,15.626
3623,14.476
3624,13.505
3625,12.729
3626,12.156
3627,11.807
3628,11.688
3629,13.106
3630,15.541
3631,17.236
3632,20.12
3633,21.542
3634,22.585
3635,23.436
3636,24.115
3637,24.632
3638,24.901
3639,24.911
3640,24.68
3641,24.229
3642,23.557
3643,21.343
3644,19.22
3645,17.99
3646,16.945
3647,16.006
3648,15.2
3649,14.518
3650,13.956
3651,13.464
3652,13.071
3653,14.722
3654,17.337
3655,19.031
3656,21.519
3657,23.171
3658,24.341
3659,25.31
3660,26.015
3661,26.484
3662,26.69
3663,26.698
3664,26.572
3665,26.683
3666,25.278
3667,22.514
3668,20.523
3669,19.434
3670,18.414
3671,17.465
3672,16.69
3673,16.048
3674,15.538
3675,15.173
3676,14.948
3677,16.237
3678,19.388
3679,21.101
3680,23.166
3681,25.455
3682,26.476
3683,27.148
3684,27.664
3685,27.926
3686,27.847
3687,27.264
3688,25.916
3689,24.053
3690,21.932
3691,19.894
3692,18.659
3693,18.166
3694,17.706
3695,17.414
3696,17.252
3697,17.005
3698,16.348
3699,15.209
3700,14.332
3701,15.463
3702,17.072
3703,19.048
3704,21.246
3705,23.086
3706,24.678
3707,25.906
3708,26.764
3709,27.297
3710,27.607
3711,27.586
3712,27.217
3713,26.352
3714,24.733
3715,22.245
3716,20.569
3717,20.183
3718,19.637
3719,18.868
3720,18.263
3721,17.799
3722,17.075
3723,16.252
3724,15.584
3725,16.533
3726,17.781
3727,18.866
3728,20.343
3729,21.957
3730,23.444
3731,24.778
3732,25.799
3733,26.432
3734,26.862
3735,27.122
3736,26.999
3737,26.268
3738,24.857
3739,22.712
3740,21.115
3741,20.433
3742,19.794
3743,19.495
3744,19.106
3745,17.882
3746,16.305
3747,15.006
3748,13.961
3749,13.257
3750,12.789
3751,12.748
3752,13.101
3753,13.836
3754,14.792
3755,15.272
3756,15.063
3757,14.272
3758,13.404
3759,12.864
3760,12.879
3761,13.033
3762,12.838
3763,12.035
3764,10.532
3765,9.554
3766,8.807
3767,8.296
3768,7.894
3769,7.668
3770,7.554
3771,7.632
3772,7.805
3773,8.983
3774,10.779
3775,13.152
3776,15.575
3777,17.938
3778,20.301
3779,22.22
3780,23.611
3781,24.582
3782,25.196
3783,25.458
3784,25.275
3785,24.397
3786,22.184
3787,18.551
3788,15.326
3789,13.445
3790,12.653
3791,12.203
3792,11.751
3793,11.39
3794,11.04
3795,10.648
3796,10.259
3797,10.64
3798,11.753
3799,12.981
3800,14.264
3801,15.573
3802,16.804
3803,17.94
3804,18.911
3805,19.626
3806,20.043
3807,20.147
3808,19.975
3809,19.567
3810,18.635
3811,16.236
3812,13.826
3813,12.581
3814,11.524
3815,10.632
3816,9.982
3817,9.52
3818,9.093
3819,8.679
3820,8.483
3821,10.279
3822,12.034
3823,14.563
3824,17.181
3825,18.993
3826,20.215
3827,20.506
3828,20.739
3829,21.553
3830,20.681
3831,19.804
3832,19.481
3833,19.067
3834,17.955
3835,16.72
3836,15.525
3837,14.905
3838,14.613
3839,14.508
3840,14.266
3841,13.586
3842,12.578
3843,11.976
3844,12.047
3845,13.174
3846,13.878
3847,15.066
3848,16.611
3849,17.588
3850,18.156
3851,18.533
3852,19.034
3853,19.491
3854,19.593
3855,19.448
3856,18.562
3857,17.389
3858,16.348
3859,15.281
3860,14.469
3861,13.99
3862,13.72
3863,13.512
3864,13.432
3865,13.329
3866,13.016
3867,12.603
3868,12.167
3869,12.106
3870,12.279
3871,12.958
3872,14.182
3873,15.606
3874,16.729
3875,17.447
3876,17.954
3877,18.546
3878,18.871
3879,18.775
3880,18.408
3881,17.827
3882,17.034
3883,16.03
3884,14.867
3885,14.255
3886,13.767
3887,13.333
3888,12.985
3889,12.771
3890,12.269
3891,12.043
3892,12.098
3893,12.791
3894,13.282
3895,14.089
3896,14.843
3897,14.904
3898,15.101
3899,16.439
3900,17.784
3901,18.815
3902,19.392
3903,19.584
3904,19.509
3905,19.123
3906,18.437
3907,17.143
3908,15.555
3909,13.963
3910,13.03
3911,12.876
3912,13.001
3913,12.881
3914,12.557
3915,12.296
3916,12.189
3917,12.965
3918,14.366
3919,15.899
3920,17.149
3921,18.616
3922,19.729
3923,20.328
3924,20.964
3925,21.485
3926,21.931
3927,22.169
3928,22.123
3929,21.778
3930,21.392
3931,20.196
3932,18.456
3933,16.126
3934,14.076
3935,13.195
3936,12.964
3937,12.967
3938,12.935
3939,12.883
3940,12.787
3941,13.994
3942,15.528
3943,17.597
3944,20.408
3945,22.821
3946,23.454
3947,22.991
3948,23.446
3949,23.272
3950,21.989
3951,21.079
3952,20.753
3953,20.472
3954,19.792
3955,18.215
3956,17.157
3957,16.853
3958,16.112
3959,15.292
3960,14.949
3961,15.184
3962,15.611
3963,15.845
3964,15.958
3965,16.726
3966,17.04
3967,17.529
3968,18.482
3969,19.324
3970,20.281
3971,21.433
3972,22.322
3973,22.847
3974,22.875
3975,22.566
3976,22.085
3977,21.392
3978,20.374
3979,18.711
3980,17.16
3981,16.499
3982,15.81
3983,15.247
3984,14.842
3985,14.37
3986,14.075
3987,13.777
3988,13.485
3989,13.483
3990,13.616
3991,13.881
3992,14.439
3993,15.405
3994,16.762
3995,18.181
3996,19.258
3997,19.891
3998,20.227
3999,20.358
4000,20.203
4001,19.877
4002,19.296
4003,17.942
4004,15.992
4005,14.693
4006,13.648
4007,12.841
4008,12.174
4009,11.604
4010,11.073
4011,10.633
4012,10.386
4013,12.406
4014,14.406
4015,16.919
4016,18.743
4017,20.188
4018,21.475
4019,22.539
4020,23.351
4021,23.921
4022,24.228
4023,24.281
4024,24.069
4025,23.647
4026,22.737
4027,20.573
4028,18.218
4029,17.228
4030,16.457
4031,15.761
4032,15.091
4033,14.489
4034,13.987
4035,13.583
4036,13.4
4037,15.237
4038,17.029
4039,19.282
4040,22.19
4041,23.663
4042,24.73
4043,25.593
4044,26.291
4045,26.783
4046,27.019
4047,26.998
4048,26.747
4049,26.484
4050,25.728
4051,24.093
4052,23.013
4053,21.819
4054,20.217
4055,19.016
4056,18.399
4057,17.952
4058,17.526
4059,17.084
4060,16.641
4061,17.63
4062,19.291
4063,21.434
4064,23.633
4065,24.83
4066,25.892
4067,26.753
4068,27.357
4069,27.752
4070,27.93
4071,27.911
4072,27.664
4073,27.392
4074,25.885
4075,23.05
4076,20.924
4077,19.813
4078,18.784
4079,17.973
4080,17.543
4081,17.249
4082,16.826
4083,16.645
4084,16.49
4085,16.719
4086,17.055
4087,17.552
4088,18.259
4089,19.016
4090,20.13
4091,21.036
4092,21.507
4093,21.854
4094,21.942
4095,21.836
4096,21.759
4097,21.528
4098,20.779
4099,19.118
4100,16.809
4101,15.941
4102,15.342
4103,15.029
4104,14.703
4105,14.306
4106,13.78
4107,13.218
4108,12.858
4109,14.324
4110,15.766
4111,17.31
4112,18.231
4113,18.924
4114,19.886
4115,20.747
4116,21.305
4117,21.809
4118,21.991
4119,21.998
4120,21.906
4121,21.533
4122,20.818
4123,19.345
4124,17.798
4125,17.111
4126,16.532
4127,15.96
4128,15.395
4129,14.859
4130,14.392
4131,13.942
4132,13.618
4133,13.994
4134,14.743
4135,15.868
4136,17.121
4137,18.398
4138,19.624
4139,20.598
4140,20.939
4141,20.867
4142,20.62
4143,20.257
4144,19.772
4145,19.135
4146,18.423
4147,17.579
4148,16.807
4149,16.521
4150,16.33
4151,16.108
4152,15.717
4153,15.264
4154,14.815
4155,14.366
4156,14.072
4157,15.16
4158,16.221
4159,17.778
4160,19.411
4161,21.03
4162,22.282
4163,23.1
4164,23.676
4165,24.071
4166,24.346
4167,24.358
4168,24.162
4169,23.767
4170,23.026
4171,21.264
4172,18.964
4173,18.27
4174,17.792
4175,17.222
4176,16.72
4177,16.256
4178,15.882
4179,15.544
4180,15.373
4181,16.628
4182,18.295
4183,20.558
4184,22.486
4185,24.067
4186,25.378
4187,26.44
4188,27.209
4189,27.685
4190,27.832
4191,27.675
4192,27.287
4193,26.54
4194,25.318
4195,23.226
4196,20.871
4197,20.033
4198,19.511
4199,19.025
4200,18.375
4201,17.627
4202,16.85
4203,16.32
4204,16.2
4205,17.358
4206,18.948
4207,21.282
4208,24.131
4209,26.652
4210,28.307
4211,29.527
4212,30.42
4213,31.038
4214,31.384
4215,31.469
4216,31.45
4217,31.857
4218,31.024
4219,28.733
4220,25.984
4221,23.983
4222,22.796
4223,22.07
4224,21.458
4225,21.023
4226,20.568
4227,20.088
4228,19.832
4229,21.215
4230,23.392
4231,24.696
4232,27.361
4233,29.541
4234,30.808
4235,31.701
4236,32.301
4237,32.787
4238,33.018
4239,33.032
4240,33.034
4241,33.567
4242,32.456
4243,30.264
4244,28.657
4245,27.519
4246,26.841
4247,25.986
4248,25.081
4249,24.088
4250,23.064
4251,21.658
4252,20.53
4253,21.262
4254,22.787
4255,24.422
4256,26.135
4257,27.428
4258,28.363
4259,29.127
4260,29.694
4261,30.018
4262,30.025
4263,29.717
4264,29.187
4265,28.185
4266,26.469
4267,23.582
4268,20.396
4269,18.751
4270,17.426
4271,16.256
4272,15.219
4273,14.346
4274,13.604
4275,12.954
4276,12.528
4277,14.283
4278,16.047
4279,18.748
4280,21.343
4281,22.835
4282,24.098
4283,25.244
4284,26.184
4285,26.834
4286,27.169
4287,27.189
4288,26.976
4289,26.336
4290,25.184
4291,21.962
4292,18.838
4293,17.564
4294,16.573
4295,15.636
4296,14.772
4297,14.002
4298,13.318
4299,12.721
4300,12.347
4301,14.204
4302,16.266
4303,18.559
4304,21.926
4305,25.042
4306,26.547
4307,27.715
4308,28.623
4309,29.284
4310,29.562
4311,29.461
4312,29.174
4313,28.36
4314,26.744
4315,23.589
4316,20.572
4317,19.378
4318,18.422
4319,17.47
4320,16.624
4321,16.003
4322,15.593
4323,15.375
4324,15.548
4325,18.196
4326,21.137
4327,23.581
4328,26.425
4329,28.636
4330,30.39
4331,31.54
4332,32.378
4333,32.977
4334,33.328
4335,33.323
4336,33.263
4337,31.959
4338,29.594
4339,27.277
4340,25.509
4341,24.653
4342,24.055
4343,23.432
4344,22.773
4345,22.133
4346,21.531
4347,20.963
4348,20.696
4349,21.423
4350,22.625
4351,24.042
4352,25.84
4353,26.921
4354,27.776
4355,28.718
4356,29.57
4357,30.003
4358,29.905
4359,29.143
4360,27.875
4361,26.195
4362,24.455
4363,22.554
4364,20.601
4365,19.546
4366,18.788
4367,18.217
4368,17.721
4369,17.263
4370,16.548
4371,15.623
4372,14.884
4373,15.22
4374,16.509
4375,18.373
4376,20.09
4377,21.532
4378,22.738
4379,23.742
4380,24.519
4381,25.03
4382,25.262
4383,25.15
4384,24.777
4385,24.089
4386,22.864
4387,20.175
4388,17.168
4389,16.125
4390,15.327
4391,14.487
4392,13.677
4393,12.924
4394,12.215
4395,11.607
4396,11.223
4397,12.581
4398,14.318
4399,17.335
4400,19.598
4401,21.097
4402,22.299
4403,23.269
4404,24.076
4405,24.653
4406,24.922
4407,24.875
4408,24.563
4409,23.891
4410,22.642
4411,20.013
4412,17.008
4413,15.976
4414,15.149
4415,14.348
4416,13.544
4417,12.788
4418,12.113
4419,11.387
4420,10.733
4421,11.918
4422,13.692
4423,16.879
4424,19.317
4425,21.014
4426,22.365
4427,23.501
4428,24.444
4429,25.143
4430,25.56
4431,25.676
4432,25.512
4433,25.034
4434,24.149
4435,21.379
4436,18.814
4437,17.763
4438,17.056
4439,16.722
4440,16.474
4441,16.463
4442,16.153
4443,15.625
4444,15.024
4445,15.6
4446,17.524
4447,18.952
4448,20.997
4449,22.511
4450,23.823
4451,25.054
4452,26.111
4453,26.894
4454,27.339
4455,27.396
4456,27.051
4457,26.309
4458,24.815
4459,22.806
4460,22.275
4461,22.397
4462,21.843
4463,20.293
4464,18.632
4465,17.18
4466,15.951
4467,14.965
4468,14.333
4469,15.797
4470,18.892
4471,21.156
4472,24.147
4473,26.173
4474,27.473
4475,28.464
4476,29.195
4477,29.647
4478,29.797
4479,29.559
4480,28.628
4481,27.404
4482,26.034
4483,23.696
4484,21.691
4485,20.813
4486,19.765
4487,18.696
4488,17.796
4489,17.025
4490,16.155
4491,15.361
4492,14.868
4493,15.869
4494,16.993
4495,18.169
4496,18.559
4497,18.667
4498,19.395
4499,20.724
4500,21.961
4501,22.943
4502,23.145
4503,22.786
4504,21.932
4505,20.845
4506,19.583
4507,17.91
4508,15.888
4509,15.082
4510,14.556
4511,13.92
4512,13.32
4513,12.72
4514,12.001
4515,11.054
4516,10.337
4517,11.636
4518,12.892
4519,14.903
4520,16.154
4521,17.356
4522,18.391
4523,19.2
4524,19.937
4525,20.568
4526,21.186
4527,21.45
4528,21.26
4529,20.51
4530,19.132
4531,17.175
4532,14.769
4533,13.735
4534,12.363
4535,11.097
4536,10.202
4537,9.502
4538,8.922
4539,8.459
4540,8.262
4541,9.856
4542,11.972
4543,14.181
4544,15.81
4545,17.283
4546,18.504
4547,19.483
4548,20.347
4549,20.895
4550,21.125
4551,21.008
4552,20.528
4553,19.679
4554,18.479
4555,16.15
4556,13.126
4557,12.084
4558,11.306
4559,10.662
4560,10.099
4561,9.504
4562,8.795
4563,8.167
4564,7.801
4565,9.719
4566,11.94
4567,15.083
4568,16.796
4569,18.214
4570,19.548
4571,20.751
4572,21.77
4573,22.552
4574,23.014
4575,23.134
4576,22.953
4577,22.421
4578,21.56
4579,19.64
4580,18.468
4581,17.88
4582,17.121
4583,16.314
4584,15.623
4585,14.655
4586,13.98
4587,13.517
4588,13.498
4589,14.177
4590,15.625
4591,16.496
4592,17.227
4593,17.962
4594,17.796
4595,17.203
4596,16.801
4597,16.564
4598,16.503
4599,16.88
4600,17.516
4601,17.915
4602,17.712
4603,16.21
4604,14.647
4605,13.874
4606,13.237
4607,12.859
4608,12.63
4609,12.448
4610,12.186
4611,12.16
4612,12.766
4613,14.018
4614,15.324
4615,15.972
4616,16.902
4617,17.796
4618,18.406
4619,19.266
4620,20.663
4621,22.184
4622,22.836
4623,22.614
4624,21.887
4625,21.062
4626,20.026
4627,18.362
4628,16.703
4629,16.046
4630,15.539
4631,15.039
4632,14.405
4633,13.671
4634,13.088
4635,12.588
4636,12.27
4637,12.562
4638,13.089
4639,13.805
4640,14.737
4641,15.947
4642,17.611
4643,18.786
4644,19.525
4645,20.08
4646,20.517
4647,20.707
4648,20.562
4649,20.021
4650,19.184
4651,17.262
4652,15.344
4653,14.741
4654,14.357
4655,14.005
4656,13.577
4657,13.063
4658,12.492
4659,11.944
4660,11.463
4661,12.692
4662,14.597
4663,16.379
4664,17.767
4665,18.884
4666,19.717
4667,20.383
4668,20.778
4669,21.049
4670,21.161
4671,20.961
4672,20.424
4673,19.659
4674,18.758
4675,16.957
4676,15.078
4677,14.26
4678,13.229
4679,12.227
4680,11.594
4681,11.056
4682,10.593
4683,10.117
4684,9.874
4685,10.882
4686,12.702
4687,15.086
4688,17.472
4689,19.283
4690,20.636
4691,21.671
4692,22.485
4693,22.973
4694,23.162
4695,23.084
4696,22.859
4697,22.28
4698,21.236
4699,18.693
4700,15.873
4701,14.699
4702,13.617
4703,12.563
4704,11.597
4705,10.734
4706,10.036
4707,9.692
4708,9.553
4709,10.732
4710,12.854
4711,15.211
4712,17.261
4713,19.043
4714,20.618
4715,22.007
4716,23.17
4717,24.032
4718,24.53
4719,24.637
4720,24.395
4721,23.799
4722,22.669
4723,19.847
4724,17.687
4725,16.825
4726,16.201
4727,15.651
4728,15.066
4729,14.446
4730,14.071
4731,13.855
4732,13.406
4733,13.865
4734,15.558
4735,18.159
4736,20.817
4737,22.229
4738,23.468
4739,24.549
4740,25.071
4741,25.137
4742,25.323
4743,25.552
4744,25.406
4745,24.724
4746,23.461
4747,20.552
4748,18.628
4749,17.623
4750,16.801
4751,16.106
4752,15.561
4753,15.044
4754,14.652
4755,14.383
4756,14.108
4757,14.766
4758,16.575
4759,18.011
4760,20.161
4761,22.118
4762,23.904
4763,25.292
4764,26.218
4765,26.742
4766,26.943
4767,26.767
4768,26.27
4769,25.518
4770,23.909
4771,21.873
4772,20.853
4773,19.752
4774,18.652
4775,17.923
4776,17.349
4777,16.655
4778,15.966
4779,15.328
4780,14.859
4781,16.094
4782,17.551
4783,18.784
4784,20.854
4785,22.41
4786,23.406
4787,24.628
4788,25.382
4789,25.904
4790,26.189
4791,26.07
4792,25.497
4793,24.759
4794,23.812
4795,21.696
4796,19.628
4797,18.402
4798,17.616
4799,17.091
4800,16.716
4801,16.307
4802,15.899
4803,15.542
4804,15.312
4805,16.611
4806,18.688
4807,21.579
4808,25.233
4809,27.348
4810,28.779
4811,29.663
4812,29.591
4813,29.953
4814,30.266
4815,29.822
4816,28.877
4817,27.32
4818,25.527
4819,23.785
4820,21.807
4821,21.211
4822,20.37
4823,19.723
4824,19.375
4825,19.163
4826,18.979
4827,18.764
4828,18.407
4829,18.477
4830,18.986
4831,19.963
4832,21.219
4833,22.987
4834,24.533
4835,25.487
4836,26.256
4837,26.67
4838,26.813
4839,26.737
4840,26.544
4841,25.927
4842,24.728
4843,22.665
4844,21.045
4845,20.418
4846,19.926
4847,19.742
4848,19.477
4849,18.714
4850,18.284
4851,17.656
4852,17.107
4853,17.411
4854,19.315
4855,21.818
4856,24.841
4857,25.883
4858,26.617
4859,27.536
4860,28.403
4861,29.017
4862,29.392
4863,29.494
4864,29.181
4865,28.563
4866,27.298
4867,24.297
4868,22.562
4869,21.753
4870,20.999
4871,20.21
4872,19.344
4873,18.442
4874,17.588
4875,16.826
4876,16.149
4877,17.273
4878,20.216
4879,22.419
4880,26.155
4881,28.216
4882,29.653
4883,30.802
4884,31.742
4885,32.388
4886,32.708
4887,32.658
4888,32.37
4889,31.717
4890,29.983
4891,25.961
4892,23.4
4893,22.334
4894,21.453
4895,20.676
4896,19.986
4897,19.342
4898,18.77
4899,18.28
4900,17.862
4901,19.127
4902,21.781
4903,24.056
4904,28.099
4905,30.905
4906,32.502
4907,33.661
4908,34.475
4909,35.033
4910,35.258
4911,35.183
4912,34.925
4913,34.361
4914,32.867
4915,30.266
4916,28.746
4917,27.641
4918,26.583
4919,25.771
4920,25.247
4921,24.689
4922,24.138
4923,23.654
4924,22.843
4925,22.77
4926,24.711
4927,26.564
4928,29.957
4929,32.46
4930,33.555
4931,34.183
4932,34.414
4933,34.407
4934,34.261
4935,33.929
4936,33.528
4937,32.751
4938,30.737
4939,27.475
4940,25.311
4941,24.439
4942,23.748
4943,23.087
4944,22.517
4945,21.985
4946,21.478
4947,21.003
4948,20.564
4949,21.441
4950,24.369
4951,26.382
4952,30.272
4953,33.062
4954,34.367
4955,35.237
4956,35.819
4957,35.984
4958,35.297
4959,34.239
4960,33.131
4961,31.932
4962,30.186
4963,27.982
4964,26.446
4965,25.767
4966,24.969
4967,23.742
4968,22.489
4969,21.403
4970,20.534
4971,19.992
4972,19.634
4973,19.493
4974,19.642
4975,19.877
4976,20.289
4977,20.665
4978,21.147
4979,21.895
4980,22.291
4981,22.444
4982,22.611
4983,22.61
4984,22.459
4985,22.152
4986,21.561
4987,20.562
4988,20.094
4989,20.039
4990,19.515
4991,18.884
4992,18.391
4993,18.006
4994,17.674
4995,17.447
4996,17.294
4997,17.362
4998,17.59
4999,17.957
5000,18.449
5001,19.111
5002,19.827
5003,20.466
5004,20.986
5005,21.253
5006,21.315
5007,21.183
5008,20.743
5009,20.027
5010,19.055
5011,18.015
5012,17.186
5013,16.622
5014,16.205
5015,15.921
5016,15.659
5017,15.406
5018,15.134
5019,14.844
5020,14.608
5021,14.624
5022,15.14
5023,16.378
5024,17.816
5025,19.429
5026,21.027
5027,22.554
5028,23.859
5029,24.748
5030,25.231
5031,25.416
5032,25.097
5033,24.463
5034,23.546
5035,21.669
5036,19.98
5037,19.03
5038,18.272
5039,17.67
5040,17.16
5041,16.729
5042,16.356
5043,16.055
5044,15.76
5045,16.743
5046,18.805
5047,21.366
5048,23.309
5049,24.78
5050,25.863
5051,26.769
5052,27.58
5053,28.103
5054,28.312
5055,28.193
5056,27.803
5057,27.033
5058,25.666
5059,22.673
5060,20.733
5061,19.823
5062,18.688
5063,17.494
5064,16.552
5065,15.976
5066,15.601
5067,15.43
5068,15.262
5069,15.343
5070,15.955
5071,16.993
5072,18.615
5073,20.663
5074,22.2
5075,22.922
5076,23.47
5077,24.045
5078,24.473
5079,24.553
5080,24.269
5081,23.533
5082,22.226
5083,19.585
5084,17.785
5085,16.94
5086,16.158
5087,15.368
5088,14.514
5089,13.828
5090,13.286
5091,12.87
5092,12.58
5093,13.081
5094,15.072
5095,17.672
5096,20.166
5097,21.64
5098,22.838
5099,23.796
5100,24.562
5101,25.119
5102,25.404
5103,25.327
5104,24.789
5105,23.961
5106,22.542
5107,19.598
5108,18.394
5109,18.2
5110,18.024
5111,17.881
5112,17.433
5113,16.788
5114,16.031
5115,15.444
5116,14.848
5117,14.824
5118,16.899
5119,19.401
5120,22.03
5121,23.469
5122,24.411
5123,24.982
5124,25.208
5125,25.414
5126,25.567
5127,25.574
5128,25.176
5129,24.441
5130,22.996
5131,20.527
5132,19.374
5133,18.932
5134,18.57
5135,18.205
5136,17.371
5137,16.003
5138,14.837
5139,14.085
5140,13.448
5141,13.758
5142,15.229
5143,16.762
5144,18.107
5145,19.499
5146,20.392
5147,20.847
5148,21.262
5149,21.788
5150,22.005
5151,22.076
5152,22.085
5153,21.714
5154,20.814
5155,18.485
5156,17.249
5157,16.892
5158,16.529
5159,16.06
5160,15.646
5161,15.299
5162,14.913
5163,14.531
5164,14.128
5165,14.174
5166,16.342
5167,19.014
5168,21.723
5169,23.234
5170,24.509
5171,25.584
5172,26.452
5173,27.078
5174,27.419
5175,27.438
5176,27.177
5177,26.591
5178,25.459
5179,22.794
5180,20.696
5181,19.711
5182,19.113
5183,18.555
5184,18.137
5185,17.693
5186,17.403
5187,17.454
5188,17.507
5189,17.199
5190,17.734
5191,19.156
5192,21.544
5193,23.765
5194,24.102
5195,23.992
5196,25.484
5197,27.438
5198,28.239
5199,28.072
5200,27.138
5201,26.111
5202,24.714
5203,22.412
5204,21.211
5205,20.719
5206,20.193
5207,19.662
5208,19.438
5209,19.159
5210,18.652
5211,17.891
5212,17.238
5213,17.36
5214,19.259
5215,20.911
5216,23.956
5217,25.851
5218,26.821
5219,27.259
5220,27.779
5221,27.936
5222,26.993
5223,25.742
5224,24.727
5225,23.889
5226,22.653
5227,21.39
5228,20.976
5229,20.483
5230,19.705
5231,19.136
5232,18.837
5233,18.407
5234,17.975
5235,17.607
5236,17.218
5237,17.172
5238,17.579
5239,18.055
5240,18.63
5241,19.306
5242,19.482
5243,19.433
5244,19.581
5245,19.713
5246,19.596
5247,19.35
5248,19.224
5249,19.175
5250,18.725
5251,17.04
5252,15.941
5253,15.507
5254,15.226
5255,14.914
5256,14.568
5257,14.24
5258,13.947
5259,13.731
5260,13.643
5261,14.061
5262,15.333
5263,16.734
5264,19.231
5265,21.174
5266,22.412
5267,23.027
5268,23.432
5269,24.494
5270,25.312
5271,25.499
5272,25.337
5273,24.897
5274,23.952
5275,22.717
5276,21.39
5277,19.957
5278,18.593
5279,17.453
5280,16.633
5281,16.077
5282,15.711
5283,15.526
5284,15.467
5285,16.45
5286,18.548
5287,20.012
5288,22.004
5289,24.815
5290,26.866
5291,28.362
5292,29.583
5293,30.237
5294,29.971
5295,29.891
5296,29.954
5297,29.254
5298,27.227
5299,24.85
5300,23.652
5301,22.275
5302,21.671
5303,21.318
5304,20.983
5305,20.728
5306,20.477
5307,19.647
5308,18.602
5309,17.828
5310,17.284
5311,17.273
5312,17.619
5313,18.038
5314,18.851
5315,20.235
5316,21.618
5317,22.723
5318,23.435
5319,23.636
5320,23.459
5321,22.874
5322,21.332
5323,18.306
5324,17.023
5325,16.422
5326,15.812
5327,15.224
5328,14.726
5329,14.33
5330,14.044
5331,13.843
5332,13.618
5333,13.782
5334,16.489
5335,18.438
5336,21.156
5337,23.022
5338,24.343
5339,25.397
5340,26.269
5341,26.919
5342,27.253
5343,27.112
5344,25.879
5345,22.945
5346,19.738
5347,17.143
5348,15.278
5349,14.036
5350,13.528
5351,13.479
5352,13.445
5353,13.355
5354,13.211
5355,13.045
5356,12.847
5357,12.755
5358,13.277
5359,14.388
5360,15.93
5361,17.604
5362,19.077
5363,20.164
5364,20.928
5365,21.046
5366,21.302
5367,21.172
5368,20.641
5369,19.685
5370,18.144
5371,16.18
5372,15.041
5373,14.357
5374,14.044
5375,13.359
5376,12.616
5377,12.01
5378,11.519
5379,11.063
5380,10.669
5381,10.904
5382,12.503
5383,14.034
5384,15.556
5385,16.831
5386,17.822
5387,18.65
5388,18.884
5389,18.901
5390,18.781
5391,18.49
5392,18.018
5393,17.275
5394,15.917
5395,14.436
5396,13.785
5397,13.358
5398,12.728
5399,12.014
5400,11.25
5401,10.805
5402,10.6
5403,10.262
5404,9.877
5405,9.961
5406,12.084
5407,14.209
5408,16.253
5409,17.736
5410,18.84
5411,19.731
5412,20.407
5413,20.862
5414,21.185
5415,21.217
5416,20.972
5417,20.418
5418,19.251
5419,18.146
5420,16.484
5421,14.684
5422,13.364
5423,12.642
5424,12.388
5425,12.468
5426,12.732
5427,12.597
5428,12.528
5429,12.878
5430,13.933
5431,14.329
5432,14.571
5433,15.092
5434,16.029
5435,17.611
5436,19.467
5437,20.652
5438,20.915
5439,20.725
5440,20.098
5441,19.103
5442,17.707
5443,15.918
5444,14.697
5445,13.818
5446,13.447
5447,13.297
5448,13.142
5449,12.798
5450,11.875
5451,11.115
5452,10.591
5453,10.63
5454,13.046
5455,15.206
5456,17.244
5457,18.902
5458,20.256
5459,21.415
5460,22.301
5461,22.616
5462,22.664
5463,22.834
5464,22.555
5465,21.947
5466,20.662
5467,19.681
5468,18.581
5469,16.558
5470,15.085
5471,14.748
5472,14.556
5473,14.471
5474,14.5
5475,14.386
5476,14.334
5477,14.503
5478,15.661
5479,16.803
5480,18.768
5481,20.109
5482,20.426
5483,20.63
5484,20.603
5485,20.104
5486,19.824
5487,19.646
5488,19.179
5489,18.534
5490,17.671
5491,16.705
5492,16.255
5493,16.042
5494,16.053
5495,16.111
5496,16.105
5497,16.051
5498,15.946
5499,15.802
5500,15.665
5501,15.766
5502,17.57
5503,19.428
5504,22.29
5505,25.087
5506,26.891
5507,28.233
5508,29.163
5509,29.688
5510,29.666
5511,29.285
5512,28.295
5513,26.82
5514,24.62
5515,21.924
5516,20.751
5517,20.084
5518,19.438
5519,18.762
5520,18.186
5521,17.519
5522,16.732
5523,16.24
5524,15.793
5525,15.416
5526,15.541
5527,16.348
5528,17.978
5529,20.008
5530,21.533
5531,22.437
5532,23.038
5533,23.347
5534,23.289
5535,22.981
5536,22.482
5537,21.702
5538,20.304
5539,18.203
5540,17.556
5541,17.125
5542,16.507
5543,15.604
5544,14.659
5545,14.12
5546,13.759
5547,13.394
5548,13.163
5549,13.026
5550,13.842
5551,14.218
5552,14.586
5553,15.177
5554,16.697
5555,17.564
5556,17.591
5557,17.344
5558,16.969
5559,16.395
5560,15.684
5561,14.929
5562,14.019
5563,13.069
5564,12.581
5565,12.183
5566,11.791
5567,11.399
5568,10.865
5569,10.042
5570,9.493
5571,9.188
5572,8.878
5573,8.714
5574,10.793
5575,12.577
5576,15.375
5577,17.688
5578,19.217
5579,20.228
5580,20.946
5581,21.386
5582,21.543
5583,21.383
5584,20.955
5585,20.038
5586,17.733
5587,14.716
5588,14.065
5589,13.777
5590,13.418
5591,13.005
5592,12.548
5593,12.051
5594,11.45
5595,10.899
5596,10.53
5597,10.539
5598,12.572
5599,14.92
5600,17.722
5601,19.501
5602,20.874
5603,22.004
5604,22.888
5605,23.48
5606,23.754
5607,23.669
5608,23.3
5609,22.443
5610,20.01
5611,17.162
5612,16.077
5613,15.132
5614,14.165
5615,13.328
5616,12.677
5617,12.168
5618,11.753
5619,11.322
5620,10.877
5621,10.57
5622,13.156
5623,15.545
5624,18.769
5625,21.145
5626,22.314
5627,23.29
5628,24.082
5629,24.622
5630,24.874
5631,24.8
5632,24.393
5633,23.425
5634,20.965
5635,18.016
5636,17.144
5637,16.549
5638,15.99
5639,15.406
5640,14.901
5641,14.458
5642,14.052
5643,13.733
5644,13.412
5645,13.281
5646,15.158
5647,17.068
5648,20.222
5649,22.892
5650,24.332
5651,25.353
5652,26.168
5653,26.699
5654,26.926
5655,26.832
5656,26.408
5657,25.584
5658,23.77
5659,22.041
5660,21.471
5661,21.065
5662,20.699
5663,20.144
5664,19.619
5665,18.768
5666,17.881
5667,17.35
5668,16.88
5669,16.332
5670,17.389
5671,19.029
5672,21.871
5673,24.694
5674,26.049
5675,27.023
5676,27.781
5677,28.303
5678,28.523
5679,28.431
5680,28.06
5681,27.511
5682,25.612
5683,23.94
5684,23.228
5685,22.912
5686,22.42
5687,21.669
5688,20.98
5689,20.345
5690,19.758
5691,19.209
5692,18.694
5693,18.243
5694,18.828
5695,20.359
5696,23.317
5697,25.419
5698,26.542
5699,27.306
5700,27.785
5701,27.91
5702,27.853
5703,27.602
5704,27.125
5705,26.311
5706,23.935
5707,21.708
5708,20.816
5709,20.147
5710,19.517
5711,18.915
5712,18.402
5713,17.97
5714,17.623
5715,17.319
5716,16.997
5717,16.654
5718,18.328
5719,20.386
5720,23.372
5721,25.913
5722,27.267
5723,28.256
5724,28.89
5725,29.308
5726,29.485
5727,29.378
5728,29.017
5729,28.325
5730,26.226
5731,24.477
5732,23.11
5733,22.036
5734,21.248
5735,20.669
5736,20.144
5737,19.675
5738,19.27
5739,18.925
5740,18.653
5741,18.361
5742,18.724
5743,19.866
5744,21.417
5745,24.362
5746,26.743
5747,28.245
5748,29.288
5749,29.837
5750,29.999
5751,29.853
5752,29.459
5753,28.776
5754,26.85
5755,25.257
5756,24.012
5757,22.668
5758,21.567
5759,20.759
5760,20.088
5761,19.503
5762,19.048
5763,18.703
5764,18.4
5765,18.195
5766,19.178
5767,20.553
5768,22.243
5769,24.637
5770,26.357
5771,27.572
5772,28.268
5773,28.482
5774,28.321
5775,27.858
5776,27.202
5777,26.424
5778,24.444
5779,22.864
5780,22.124
5781,21.521
5782,21.058
5783,20.365
5784,19.361
5785,18.409
5786,17.65
5787,16.995
5788,16.463
5789,16.145
5790,17.393
5791,19.002
5792,22.769
5793,25.023
5794,26.319
5795,27.248
5796,27.916
5797,28.322
5798,28.423
5799,28.22
5800,27.863
5801,27.168
5802,25.081
5803,22.997
5804,21.939
5805,21.135
5806,20.417
5807,19.74
5808,19.152
5809,18.605
5810,18.09
5811,17.617
5812,17.134
5813,16.59
5814,17.97
5815,19.767
5816,22.694
5817,25.398
5818,27.037
5819,28.272
5820,29.168
5821,29.64
5822,29.685
5823,29.254
5824,28.499
5825,26.77
5826,24.156
5827,22.358
5828,21.618
5829,20.825
5830,20.106
5831,19.519
5832,19.001
5833,18.586
5834,18.253
5835,17.882
5836,17.448
5837,17.121
5838,17.895
5839,19.006
5840,20.396
5841,21.829
5842,22.815
5843,23.267
5844,23.333
5845,23.399
5846,23.46
5847,23.158
5848,22.264
5849,20.983
5850,19.344
5851,18.049
5852,17.418
5853,16.689
5854,15.974
5855,15.254
5856,14.752
5857,14.514
5858,14.1
5859,13.492
5860,12.799
5861,12.012
5862,12.546
5863,14.096
5864,16.455
5865,18.233
5866,19.518
5867,20.473
5868,21.149
5869,21.508
5870,21.518
5871,21.168
5872,20.522
5873,19.455
5874,16.662
5875,14.275
5876,13.648
5877,13.361
5878,13.105
5879,12.702
5880,12.428
5881,12.043
5882,11.609
5883,11.033
5884,10.483
5885,9.8
5886,10.504
5887,13.4
5888,16.658
5889,19.294
5890,20.595
5891,21.612
5892,22.457
5893,23.082
5894,23.378
5895,23.3
5896,22.901
5897,22.019
5898,20.0
5899,19.219
5900,18.425
5901,16.698
5902,15.218
5903,14.056
5904,13.166
5905,12.519
5906,11.986
5907,11.454
5908,10.857
5909,10.195
5910,11.489
5911,14.425
5912,17.449
5913,20.674
5914,22.484
5915,23.8
5916,24.802
5917,25.455
5918,25.746
5919,25.569
5920,24.924
5921,23.407
5922,19.517
5923,16.914
5924,16.046
5925,15.196
5926,14.401
5927,13.802
5928,13.449
5929,12.898
5930,12.491
5931,12.22
5932,12.097
5933,12.174
5934,12.995
5935,13.691
5936,14.474
5937,15.683
5938,17.139
5939,18.387
5940,19.323
5941,19.868
5942,20.018
5943,19.814
5944,19.177
5945,18.057
5946,15.823
5947,13.734
5948,13.401
5949,12.905
5950,12.139
5951,11.294
5952,10.516
5953,10.238
5954,10.034
5955,9.83
5956,9.579
5957,9.29
5958,9.648
5959,11.225
5960,13.247
5961,14.961
5962,16.124
5963,17.252
5964,18.399
5965,19.059
5966,19.039
5967,18.63
5968,18.044
5969,17.298
5970,16.051
5971,15.242
5972,14.837
5973,14.087
5974,13.32
5975,12.289
5976,11.315
5977,10.511
5978,9.738
5979,8.906
5980,8.179
5981,7.728
5982,8.776
5983,10.719
5984,12.614
5985,14.018
5986,14.552
5987,14.793
5988,15.167
5989,15.702
5990,15.898
5991,15.654
5992,15.126
5993,14.464
5994,13.16
5995,12.08
5996,11.682
5997,11.347
5998,11.072
5999,10.846
6000,10.702
6001,10.538
6002,10.358
6003,10.214
6004,10.047
6005,9.824
6006,9.846
6007,10.231
6008,10.704
6009,11.114
6010,11.46
6011,11.845
6012,12.264
6013,12.584
6014,12.757
6015,12.743
6016,12.482
6017,12.029
6018,11.244
6019,10.514
6020,10.198
6021,9.96
6022,9.771
6023,9.631
6024,9.501
6025,9.356
6026,9.247
6027,9.089
6028,8.955
6029,8.923
6030,9.023
6031,9.569
6032,10.418
6033,11.49
6034,12.841
6035,14.11
6036,14.878
6037,15.031
6038,15.076
6039,15.238
6040,15.126
6041,14.485
6042,12.879
6043,11.797
6044,11.127
6045,10.264
6046,9.302
6047,8.749
6048,8.462
6049,8.459
6050,8.416
6051,8.225
6052,7.887
6053,7.313
6054,7.936
6055,10.428
6056,13.405
6057,15.834
6058,17.183
6059,18.304
6060,19.199
6061,19.756
6062,19.957
6063,19.801
6064,19.255
6065,18.038
6066,14.772
6067,12.723
6068,11.909
6069,11.245
6070,10.735
6071,10.429
6072,10.033
6073,9.712
6074,9.566
6075,9.554
6076,9.335
6077,8.882
6078,8.862
6079,10.875
6080,13.883
6081,17.514
6082,19.325
6083,20.464
6084,21.282
6085,21.763
6086,21.87
6087,21.632
6088,21.01
6089,19.437
6090,16.024
6091,14.332
6092,13.751
6093,13.362
6094,13.076
6095,12.701
6096,12.326
6097,11.993
6098,11.725
6099,11.541
6100,11.371
6101,11.134
6102,11.694
6103,14.311
6104,17.158
6105,19.814
6106,21.398
6107,22.531
6108,23.384
6109,23.826
6110,23.884
6111,23.593
6112,22.971
6113,21.744
6114,18.533
6115,17.046
6116,16.748
6117,16.388
6118,15.754
6119,15.131
6120,14.466
6121,13.971
6122,13.436
6123,13.066
6124,12.671
6125,12.3
6126,12.724
6127,15.338
6128,18.15
6129,20.515
6130,21.716
6131,22.788
6132,23.624
6133,24.27
6134,24.461
6135,24.193
6136,23.503
6137,22.194
6138,19.015
6139,17.055
6140,16.253
6141,15.543
6142,14.875
6143,14.29
6144,13.808
6145,13.422
6146,13.141
6147,13.034
6148,12.962
6149,12.807
6150,13.23
6151,14.747
6152,17.203
6153,19.763
6154,21.557
6155,22.768
6156,23.727
6157,24.371
6158,24.628
6159,24.447
6160,23.892
6161,22.564
6162,19.106
6163,17.258
6164,16.343
6165,15.538
6166,14.836
6167,14.224
6168,13.713
6169,13.292
6170,12.913
6171,12.597
6172,12.303
6173,12.033
6174,12.714
6175,15.654
6176,18.317
6177,21.657
6178,23.612
6179,24.886
6180,25.847
6181,26.445
6182,26.634
6183,26.448
6184,25.813
6185,24.065
6186,20.634
6187,19.53
6188,19.164
6189,19.295
6190,18.692
6191,17.669
6192,16.679
6193,15.845
6194,15.191
6195,14.549
6196,14.127
6197,13.458
6198,13.086
6199,14.92
6200,16.564
6201,19.228
6202,22.355
6203,24.178
6204,25.22
6205,25.559
6206,25.644
6207,25.265
6208,24.304
6209,22.031
6210,18.976
6211,18.046
6212,17.44
6213,16.466
6214,15.648
6215,14.912
6216,14.302
6217,13.876
6218,13.53
6219,13.082
6220,12.807
6221,12.549
6222,12.687
6223,13.941
6224,15.4
6225,16.617
6226,17.176
6227,17.673
6228,18.497
6229,19.517
6230,20.016
6231,19.963
6232,19.415
6233,18.091
6234,14.59
6235,12.945
6236,12.164
6237,11.132
6238,10.2
6239,9.522
6240,8.819
6241,7.991
6242,7.194
6243,6.478
6244,5.868
6245,5.334
6246,5.591
6247,8.417
6248,10.874
6249,12.862
6250,14.532
6251,15.853
6252,16.755
6253,17.156
6254,17.177
6255,16.91
6256,16.357
6257,15.012
6258,11.426
6259,9.783
6260,8.992
6261,8.316
6262,7.654
6263,6.993
6264,6.443
6265,5.966
6266,5.559
6267,5.226
6268,5.083
6269,4.95
6270,5.122
6271,7.164
6272,10.385
6273,12.866
6274,14.331
6275,15.397
6276,16.199
6277,16.688
6278,16.79
6279,16.476
6280,15.75
6281,14.215
6282,10.36
6283,8.983
6284,8.273
6285,7.498
6286,6.867
6287,6.264
6288,5.731
6289,5.237
6290,4.794
6291,4.41
6292,4.046
6293,3.769
6294,4.031
6295,6.1
6296,8.959
6297,12.803
6298,14.74
6299,16.264
6300,17.492
6301,18.293
6302,18.602
6303,18.442
6304,17.767
6305,15.989
6306,12.032
6307,10.584
6308,9.787
6309,9.071
6310,8.459
6311,7.938
6312,7.473
6313,7.039
6314,6.627
6315,6.237
6316,5.799
6317,5.259
6318,5.049
6319,6.728
6320,9.645
6321,13.634
6322,16.781
6323,19.192
6324,21.008
6325,22.294
6326,22.983
6327,22.939
6328,22.154
6329,19.649
6330,15.52
6331,14.209
6332,13.311
6333,12.455
6334,11.798
6335,11.211
6336,10.793
6337,10.553
6338,10.384
6339,10.352
6340,10.302
6341,10.128
6342,10.131
6343,12.944
6344,15.452
6345,18.118
6346,20.246
6347,21.916
6348,23.31
6349,24.096
6350,24.393
6351,24.166
6352,23.474
6353,21.897
6354,20.047
6355,19.011
6356,18.074
6357,16.942
6358,16.234
6359,15.688
6360,15.214
6361,14.783
6362,14.521
6363,14.039
6364,13.107
6365,12.58
6366,12.338
6367,12.393
6368,12.801
6369,13.384
6370,14.044
6371,14.835
6372,15.541
6373,16.103
6374,16.649
6375,16.989
6376,16.999
6377,15.846
6378,13.832
6379,13.011
6380,12.19
6381,11.516
6382,11.019
6383,10.504
6384,10.091
6385,9.801
6386,9.557
6387,9.324
6388,8.924
6389,8.311
6390,8.012
6391,10.532
6392,12.474
6393,14.68
6394,15.765
6395,16.671
6396,17.318
6397,17.546
6398,17.622
6399,18.067
6400,18.156
6401,16.273
6402,13.919
6403,13.556
6404,13.233
6405,12.896
6406,12.946
6407,13.296
6408,13.428
6409,13.335
6410,13.168
6411,12.853
6412,12.429
6413,12.051
6414,11.741
6415,12.484
6416,13.646
6417,14.989
6418,16.329
6419,17.231
6420,17.513
6421,17.497
6422,17.311
6423,16.943
6424,16.184
6425,14.737
6426,12.768
6427,11.798
6428,11.225
6429,10.888
6430,10.789
6431,10.973
6432,11.106
6433,11.184
6434,11.076
6435,10.791
6436,10.533
6437,10.174
6438,10.141
6439,11.741
6440,13.069
6441,14.777
6442,16.032
6443,16.886
6444,17.732
6445,18.27
6446,17.911
6447,17.528
6448,17.4
6449,16.615
6450,15.243
6451,15.085
6452,14.992
6453,14.542
6454,14.099
6455,13.811
6456,13.597
6457,13.516
6458,13.573
6459,13.494
6460,13.446
6461,13.328
6462,13.202
6463,13.848
6464,14.729
6465,15.399
6466,15.864
6467,16.835
6468,17.67
6469,17.981
6470,17.966
6471,17.724
6472,17.06
6473,15.803
6474,14.462
6475,13.808
6476,13.304
6477,13.108
6478,12.801
6479,12.171
6480,11.581
6481,11.307
6482,11.291
6483,11.265
6484,10.959
6485,10.686
6486,10.545
6487,11.424
6488,12.666
6489,14.26
6490,15.751
6491,16.837
6492,17.532
6493,17.936
6494,18.144
6495,18.052
6496,17.428
6497,15.909
6498,13.164
6499,12.141
6500,11.369
6501,10.73
6502,10.317
6503,10.245
6504,10.219
6505,10.331
6506,10.079
6507,9.923
6508,9.88
6509,9.4
6510,9.21
6511,10.872
6512,12.982
6513,16.098
6514,18.051
6515,19.283
6516,20.7
6517,21.396
6518,21.127
6519,20.698
6520,20.103
6521,18.828
6522,17.318
6523,16.682
6524,16.621
6525,16.461
6526,16.207
6527,16.067
6528,15.727
6529,15.058
6530,14.021
6531,12.953
6532,12.342
6533,11.943
6534,11.607
6535,11.829
6536,12.598
6537,13.87
6538,15.232
6539,16.316
6540,17.133
6541,17.655
6542,17.826
6543,17.607
6544,16.965
6545,15.211
6546,11.96
6547,10.995
6548,10.337
6549,9.831
6550,9.465
6551,9.173
6552,8.987
6553,8.793
6554,8.74
6555,8.905
6556,9.394
6557,9.874
6558,10.085
6559,11.749
6560,14.057
6561,16.68
6562,18.411
6563,19.025
6564,19.088
6565,19.629
6566,20.665
6567,20.86
6568,19.881
6569,17.496
6570,15.836
6571,15.035
6572,14.473
6573,14.229
6574,13.991
6575,13.851
6576,13.763
6577,13.607
6578,13.286
6579,13.001
6580,12.647
6581,12.257
6582,11.862
6583,12.013
6584,12.717
6585,13.783
6586,14.689
6587,14.295
6588,12.776
6589,11.333
6590,10.843
6591,11.105
6592,11.294
6593,10.473
6594,8.594
6595,7.847
6596,7.184
6597,6.593
6598,5.924
6599,5.329
6600,4.877
6601,4.452
6602,3.967
6603,3.453
6604,3.281
6605,3.248
6606,3.254
6607,4.422
6608,6.308
6609,8.59
6610,10.358
6611,11.59
6612,12.483
6613,13.091
6614,13.341
6615,13.188
6616,12.529
6617,10.424
6618,8.101
6619,7.764
6620,7.737
6621,7.529
6622,6.795
6623,6.095
6624,5.341
6625,4.729
6626,4.385
6627,4.5
6628,5.027
6629,5.059
6630,4.996
6631,6.379
6632,7.815
6633,9.312
6634,10.178
6635,10.342
6636,10.018
6637,10.087
6638,10.717
6639,11.361
6640,11.524
6641,11.077
6642,10.396
6643,10.092
6644,9.811
6645,9.629
6646,9.52
6647,9.45
6648,9.533
6649,9.631
6650,9.681
6651,9.662
6652,9.611
6653,9.588
6654,9.602
6655,9.804
6656,10.103
6657,10.569
6658,11.093
6659,11.659
6660,12.263
6661,12.829
6662,13.165
6663,13.047
6664,12.404
6665,10.659
6666,8.372
6667,7.737
6668,7.125
6669,6.498
6670,5.949
6671,5.299
6672,4.855
6673,4.484
6674,4.206
6675,3.868
6676,3.65
6677,3.898
6678,4.138
6679,5.447
6680,7.088
6681,8.557
6682,9.33
6683,9.773
6684,10.48
6685,11.189
6686,11.835
6687,12.224
6688,12.027
6689,11.048
6690,10.337
6691,10.558
6692,10.777
6693,10.674
6694,10.305
6695,9.699
6696,9.126
6697,8.657
6698,8.246
6699,7.895
6700,7.702
6701,7.527
6702,7.317
6703,7.659
6704,8.301
6705,9.178
6706,10.161
6707,11.262
6708,12.512
6709,13.673
6710,14.227
6711,14.302
6712,13.747
6713,12.299
6714,11.149
6715,10.338
6716,9.492
6717,8.251
6718,7.568
6719,7.419
6720,7.186
6721,7.043
6722,6.973
6723,7.109
6724,7.297
6725,7.435
6726,7.667
6727,8.208
6728,9.114
6729,10.588
6730,12.485
6731,14.208
6732,15.301
6733,15.921
6734,16.21
6735,16.118
6736,15.615
6737,14.53
6738,13.581
6739,13.185
6740,13.148
6741,13.155
6742,13.169
6743,13.112
6744,12.824
6745,12.119
6746,11.109
6747,10.319
6748,9.79
6749,9.231
6750,8.55
6751,9.218
6752,10.647
6753,11.896
6754,12.957
6755,13.652
6756,13.873
6757,13.734
6758,13.526
6759,13.055
6760,12.231
6761,11.241
6762,10.467
6763,9.9
6764,9.509
6765,9.232
6766,9.018
6767,8.809
6768,8.65
6769,8.532
6770,8.34
6771,8.327
6772,8.357
6773,8.409
6774,8.591
6775,8.918
6776,9.473
6777,10.261
6778,11.322
6779,12.314
6780,13.039
6781,13.543
6782,13.843
6783,13.805
6784,13.232
6785,11.089
6786,8.764
6787,8.211
6788,7.818
6789,7.373
6790,6.949
6791,6.672
6792,6.526
6793,6.321
6794,6.113
6795,6.118
6796,6.31
6797,6.2
6798,5.988
6799,7.332
6800,9.842
6801,12.454
6802,14.832
6803,16.081
6804,16.921
6805,17.568
6806,17.877
6807,17.578
6808,16.327
6809,13.284
6810,11.39
6811,10.808
6812,10.122
6813,9.622
6814,9.254
6815,9.037
6816,8.969
6817,8.962
6818,8.965
6819,8.99
6820,9.079
6821,9.221
6822,9.267
6823,10.369
6824,12.879
6825,15.406
6826,17.718
6827,19.496
6828,20.581
6829,20.87
6830,20.564
6831,19.45
6832,18.18
6833,16.509
6834,15.628
6835,15.168
6836,15.24
6837,14.747
6838,14.428
6839,14.034
6840,13.622
6841,13.24
6842,12.966
6843,12.723
6844,12.469
6845,12.103
6846,11.73
6847,12.687
6848,15.377
6849,17.344
6850,19.894
6851,22.044
6852,23.3
6853,23.893
6854,23.857
6855,23.223
6856,21.513
6857,18.193
6858,16.408
6859,15.697
6860,15.095
6861,14.614
6862,14.272
6863,13.934
6864,13.535
6865,13.138
6866,12.774
6867,12.365
6868,11.869
6869,11.319
6870,10.934
6871,11.835
6872,15.41
6873,17.792
6874,20.228
6875,21.745
6876,22.785
6877,23.429
6878,23.509
6879,22.99
6880,21.141
6881,17.519
6882,15.679
6883,14.987
6884,14.334
6885,13.744
6886,13.322
6887,13.121
6888,13.026
6889,12.992
6890,12.96
6891,12.844
6892,12.558
6893,12.08
6894,11.556
6895,12.139
6896,14.38
6897,15.961
6898,18.166
6899,19.638
6900,20.004
6901,19.653
6902,18.783
6903,17.322
6904,15.552
6905,13.56
6906,11.662
6907,10.415
6908,10.002
6909,9.903
6910,9.738
6911,9.559
6912,9.563
6913,9.413
6914,8.906
6915,8.387
6916,8.009
6917,7.624
6918,7.274
6919,7.353
6920,8.644
6921,10.627
6922,12.571
6923,13.928
6924,14.975
6925,15.883
6926,16.3
6927,16.238
6928,15.378
6929,12.277
6930,10.684
6931,10.449
6932,10.446
6933,10.081
6934,9.461
6935,9.28
6936,9.398
6937,9.743
6938,10.053
6939,9.696
6940,9.251
6941,9.457
6942,9.691
6943,9.909
6944,11.719
6945,13.591
6946,15.052
6947,16.189
6948,17.101
6949,17.744
6950,17.877
6951,17.369
6952,15.926
6953,14.105
6954,13.429
6955,12.977
6956,12.575
6957,12.256
6958,12.002
6959,11.821
6960,11.689
6961,11.134
6962,10.56
6963,10.121
6964,9.951
6965,10.4
6966,11.305
6967,11.737
6968,12.339
6969,13.34
6970,14.915
6971,16.792
6972,17.381
6973,16.656
6974,15.774
6975,15.333
6976,14.591
6977,12.23
6978,11.002
6979,10.765
6980,10.685
6981,10.68
6982,10.625
6983,10.499
6984,10.459
6985,10.598
6986,10.439
6987,10.319
6988,10.277
6989,10.215
6990,10.122
6991,10.251
6992,10.918
6993,11.797
6994,12.652
6995,13.636
6996,14.175
6997,14.22
6998,14.113
6999,14.067
7000,13.7
7001,12.82
7002,12.509
7003,12.238
7004,12.023
7005,11.675
7006,11.306
7007,10.985
7008,10.659
7009,10.195
7010,9.822
7011,9.64
7012,9.375
7013,8.982
7014,8.735
7015,9.332
7016,11.549
7017,12.907
7018,14.999
7019,17.493
7020,18.976
7021,19.739
7022,20.011
7023,19.648
7024,17.996
7025,16.211
7026,15.298
7027,14.624
7028,14.052
7029,13.457
7030,12.974
7031,12.318
7032,12.212
7033,12.196
7034,11.894
7035,11.504
7036,11.434
7037,11.538
7038,11.377
7039,11.146
7040,12.302
7041,13.009
7042,13.586
7043,14.622
7044,15.522
7045,16.074
7046,16.293
7047,16.125
7048,15.257
7049,13.667
7050,12.858
7051,12.351
7052,11.969
7053,11.618
7054,11.369
7055,11.131
7056,10.933
7057,10.717
7058,10.209
7059,9.734
7060,9.958
7061,10.116
7062,9.655
7063,9.658
7064,10.94
7065,12.061
7066,13.461
7067,14.533
7068,15.375
7069,16.059
7070,16.34
7071,16.258
7072,15.431
7073,12.809
7074,11.618
7075,10.854
7076,10.383
7077,10.135
7078,9.97
7079,9.82
7080,9.656
7081,9.498
7082,9.372
7083,9.352
7084,9.229
7085,9.215
7086,9.21
7087,9.362
7088,10.409
7089,12.15
7090,14.433
7091,16.405
7092,17.787
7093,18.627
7094,18.814
7095,18.295
7096,16.375
7097,13.756
7098,13.113
7099,12.492
7100,12.06
7101,11.751
7102,11.744
7103,11.713
7104,11.172
7105,11.0
7106,11.295
7107,11.571
7108,11.565
7109,11.203
7110,10.673
7111,10.25
7112,12.04
7113,13.302
7114,14.895
7115,16.116
7116,16.371
7117,16.394
7118,16.461
7119,16.487
7120,15.511
7121,13.541
7122,13.066
7123,12.76
7124,12.47
7125,11.759
7126,10.995
7127,10.567
7128,10.198
7129,9.848
7130,9.949
7131,9.654
7132,9.29
7133,8.689
7134,8.063
7135,8.224
7136,10.715
7137,12.692
7138,14.536
7139,15.671
7140,16.441
7141,16.882
7142,16.954
7143,16.619
7144,15.364
7145,13.856
7146,13.601
7147,12.535
7148,10.975
7149,9.453
7150,8.77
7151,8.49
7152,8.241
7153,8.05
7154,7.881
7155,7.626
7156,7.24
7157,6.782
7158,6.481
7159,6.946
7160,9.893
7161,11.917
7162,14.522
7163,16.599
7164,18.026
7165,18.819
7166,18.982
7167,18.454
7168,16.261
7169,12.984
7170,12.096
7171,11.787
7172,11.556
7173,11.33
7174,11.062
7175,10.85
7176,10.741
7177,10.725
7178,10.734
7179,10.664
7180,10.613
7181,10.553
7182,10.455
7183,10.54
7184,12.236
7185,14.016
7186,15.974
7187,17.174
7188,17.764
7189,17.759
7190,17.12
7191,15.978
7192,14.365
7193,12.802
7194,12.028
7195,11.437
7196,10.788
7197,10.108
7198,9.338
7199,8.611
7200,8.022
7201,7.515
7202,7.058
7203,6.651
7204,6.353
7205,6.119
7206,5.86
7207,5.539
7208,5.992
7209,6.993
7210,8.237
7211,9.417
7212,10.296
7213,10.755
7214,10.711
7215,10.13
7216,8.887
7217,7.338
7218,6.743
7219,6.217
7220,5.733
7221,5.332
7222,4.98
7223,4.612
7224,4.178
7225,3.911
7226,3.786
7227,3.747
7228,3.735
7229,3.744
7230,3.709
7231,3.648
7232,4.196
7233,5.44
7234,7.078
7235,8.67
7236,9.684
7237,9.9
7238,9.819
7239,9.291
7240,8.036
7241,6.199
7242,5.7
7243,5.12
7244,4.244
7245,3.563
7246,3.06
7247,2.634
7248,2.263
7249,2.082
7250,2.042
7251,1.916
7252,1.728
7253,1.504
7254,1.226
7255,1.037
7256,2.391
7257,4.369
7258,6.53
7259,8.05
7260,8.86
7261,9.167
7262,9.018
7263,8.457
7264,7.259
7265,5.743
7266,5.176
7267,4.697
7268,4.282
7269,3.642
7270,2.974
7271,2.328
7272,1.752
7273,1.259
7274,0.826
7275,0.428
7276,0.069
7277,-0.162
7278,-0.411
7279,-0.567
7280,0.702
7281,2.694
7282,4.912
7283,6.823
7284,8.224
7285,9.1
7286,9.441
7287,9.229
7288,7.538
7289,4.799
7290,4.113
7291,3.612
7292,3.079
7293,2.697
7294,2.555
7295,2.704
7296,3.114
7297,3.585
7298,4.037
7299,4.305
7300,4.399
7301,4.376
7302,4.655
7303,5.046
7304,6.003
7305,7.236
7306,8.691
7307,10.076
7308,11.158
7309,11.588
7310,11.228
7311,10.547
7312,9.759
7313,9.262
7314,9.623
7315,10.002
7316,10.374
7317,10.754
7318,10.937
7319,11.025
7320,11.097
7321,11.134
7322,10.787
7323,10.813
7324,11.287
7325,11.671
7326,11.717
7327,11.713
7328,12.166
7329,13.095
7330,13.909
7331,14.69
7332,15.679
7333,16.275
7334,16.403
7335,15.862
7336,14.167
7337,11.695
7338,11.186
7339,10.866
7340,10.854
7341,10.448
7342,9.909
7343,10.133
7344,10.687
7345,10.496
7346,9.747
7347,9.444
7348,9.486
7349,9.38
7350,8.697
7351,8.284
7352,8.799
7353,9.181
7354,9.669
7355,10.396
7356,11.225
7357,11.726
7358,11.65
7359,11.258
7360,10.589
7361,9.568
7362,9.136
7363,9.075
7364,9.004
7365,8.623
7366,8.115
7367,7.822
7368,7.72
7369,7.763
7370,7.851
7371,7.882
7372,7.913
7373,7.881
7374,7.53
7375,6.989
7376,7.651
7377,9.012
7378,10.336
7379,10.683
7380,11.019
7381,11.895
7382,12.392
7383,11.958
7384,10.79
7385,9.007
7386,8.651
7387,8.977
7388,8.98
7389,8.89
7390,8.601
7391,7.954
7392,7.213
7393,6.562
7394,6.002
7395,5.673
7396,5.632
7397,5.579
7398,5.594
7399,5.569
7400,6.682
7401,8.045
7402,9.2
7403,10.116
7404,10.709
7405,10.911
7406,10.819
7407,10.51
7408,9.284
7409,8.221
7410,7.818
7411,7.307
7412,6.768
7413,6.269
7414,5.83
7415,5.562
7416,5.355
7417,5.237
7418,5.219
7419,5.208
7420,5.166
7421,5.041
7422,5.086
7423,5.141
7424,5.719
7425,6.43
7426,7.356
7427,8.42
7428,9.239
7429,9.579
7430,9.623
7431,9.108
7432,7.669
7433,6.051
7434,5.849
7435,5.909
7436,5.914
7437,5.852
7438,5.677
7439,5.413
7440,5.339
7441,5.339
7442,5.253
7443,4.964
7444,4.148
7445,3.483
7446,3.144
7447,2.948
7448,4.3
7449,5.85
7450,7.8
7451,9.535
7452,10.667
7453,10.01
7454,8.248
7455,7.478
7456,6.909
7457,5.846
7458,5.739
7459,5.405
7460,4.935
7461,4.659
7462,4.577
7463,4.731
7464,5.116
7465,5.285
7466,4.827
7467,3.975
7468,3.527
7469,3.439
7470,3.376
7471,3.387
7472,3.965
7473,4.791
7474,5.044
7475,5.118
7476,5.232
7477,5.362
7478,5.24
7479,4.902
7480,4.485
7481,3.997
7482,3.398
7483,2.877
7484,2.512
7485,2.288
7486,2.265
7487,2.34
7488,2.419
7489,2.485
7490,2.513
7491,2.493
7492,2.558
7493,2.495
7494,2.291
7495,2.082
7496,2.56
7497,3.602
7498,4.998
7499,6.221
7500,6.831
7501,7.179
7502,7.228
7503,6.838
7504,4.917
7505,3.306
7506,2.839
7507,2.161
7508,1.332
7509,0.65
7510,0.139
7511,-0.371
7512,-0.841
7513,-1.172
7514,-1.319
7515,-0.867
7516,-0.618
7517,-0.436
7518,-0.459
7519,-0.695
7520,-0.416
7521,0.993
7522,2.802
7523,4.528
7524,6.338
7525,7.381
7526,7.458
7527,6.737
7528,3.962
7529,1.334
7530,0.344
7531,-0.547
7532,-1.38
7533,-1.681
7534,-1.299
7535,-1.36
7536,-1.661
7537,-1.984
7538,-2.187
7539,-2.186
7540,-2.058
7541,-2.104
7542,-2.312
7543,-2.546
7544,-1.575
7545,0.124
7546,2.172
7547,4.033
7548,5.516
7549,6.218
7550,5.894
7551,5.066
7552,3.286
7553,2.233
7554,2.161
7555,1.949
7556,1.73
7557,1.474
7558,1.371
7559,1.446
7560,2.013
7561,2.26
7562,2.247
7563,2.207
7564,1.972
7565,1.492
7566,0.977
7567,0.397
7568,1.377
7569,3.067
7570,4.635
7571,5.846
7572,6.695
7573,7.147
7574,7.061
7575,6.436
7576,4.317
7577,2.457
7578,1.772
7579,1.317
7580,1.001
7581,1.23
7582,1.311
7583,1.305
7584,1.354
7585,1.303
7586,1.136
7587,0.869
7588,0.782
7589,0.798
7590,0.705
7591,0.293
7592,0.638
7593,2.311
7594,3.936
7595,5.451
7596,6.303
7597,6.425
7598,6.023
7599,5.134
7600,3.639
7601,2.166
7602,1.595
7603,0.994
7604,0.472
7605,0.009
7606,-0.329
7607,-0.597
7608,-0.832
7609,-1.143
7610,-1.46
7611,-1.616
7612,-1.461
7613,-1.279
7614,-1.055
7615,-1.294
7616,-1.001
7617,0.396
7618,2.557
7619,4.929
7620,6.954
7621,8.063
7622,8.152
7623,6.933
7624,3.683
7625,2.354
7626,1.903
7627,1.217
7628,0.827
7629,0.823
7630,0.916
7631,0.972
7632,0.897
7633,0.977
7634,1.161
7635,1.223
7636,1.274
7637,1.211
7638,1.112
7639,1.383
7640,2.109
7641,3.562
7642,5.087
7643,6.039
7644,6.197
7645,5.599
7646,4.851
7647,3.98
7648,2.872
7649,2.226
7650,2.303
7651,1.811
7652,1.139
7653,0.863
7654,0.609
7655,0.675
7656,0.804
7657,0.898
7658,0.982
7659,1.096
7660,1.096
7661,1.068
7662,1.07
7663,0.734
7664,0.825
7665,2.56
7666,3.961
7667,4.993
7668,5.301
7669,6.059
7670,6.761
7671,6.513
7672,5.345
7673,3.651
7674,2.673
7675,1.689
7676,0.811
7677,0.602
7678,0.31
7679,0.301
7680,0.495
7681,0.66
7682,0.681
7683,0.729
7684,0.86
7685,0.942
7686,0.921
7687,0.881
7688,0.945
7689,1.116
7690,1.416
7691,1.775
7692,2.185
7693,2.563
7694,2.818
7695,2.896
7696,2.594
7697,2.28
7698,2.34
7699,2.479
7700,2.428
7701,2.164
7702,1.722
7703,1.038
7704,0.436
7705,-0.017
7706,-0.359
7707,-0.794
7708,-1.05
7709,-1.296
7710,-1.435
7711,-1.446
7712,-0.68
7713,1.078
7714,2.535
7715,3.536
7716,4.028
7717,4.206
7718,4.108
7719,3.681
7720,2.397
7721,1.095
7722,0.629
7723,0.502
7724,0.602
7725,0.691
7726,0.668
7727,0.581
7728,0.619
7729,0.667
7730,0.867
7731,1.231
7732,1.362
7733,1.425
7734,1.582
7735,1.838
7736,2.388
7737,3.573
7738,4.511
7739,5.441
7740,6.089
7741,6.368
7742,6.268
7743,5.665
7744,3.999
7745,2.764
7746,2.188
7747,1.815
7748,1.499
7749,1.207
7750,0.993
7751,0.764
7752,0.506
7753,0.421
7754,0.451
7755,0.571
7756,0.792
7757,0.903
7758,0.885
7759,0.702
7760,0.705
7761,1.234
7762,2.267
7763,3.502
7764,4.447
7765,4.868
7766,4.861
7767,4.413
7768,2.637
7769,1.2
7770,0.806
7771,0.713
7772,0.717
7773,0.681
7774,0.592
7775,0.198
7776,0.061
7777,0.248
7778,0.323
7779,0.318
7780,0.354
7781,0.337
7782,0.251
7783,0.148
7784,0.415
7785,1.589
7786,2.705
7787,3.981
7788,5.139
7789,5.892
7790,6.095
7791,5.714
7792,4.482
7793,3.529
7794,2.881
7795,1.909
7796,0.876
7797,0.175
7798,-0.134
7799,-0.201
7800,-0.199
7801,0.372
7802,0.566
7803,0.471
7804,0.31
7805,0.203
7806,0.343
7807,0.452
7808,0.806
7809,2.015
7810,3.364
7811,4.779
7812,6.012
7813,6.657
7814,6.688
7815,5.935
7816,3.674
7817,2.092
7818,1.507
7819,1.5
7820,1.642
7821,1.96
7822,2.083
7823,1.629
7824,1.512
7825,1.307
7826,1.419
7827,1.616
7828,2.008
7829,2.239
7830,2.399
7831,2.602
7832,3.339
7833,5.715
7834,8.057
7835,10.132
7836,11.767
7837,12.506
7838,12.079
7839,10.807
7840,8.579
7841,7.26
7842,6.941
7843,6.633
7844,6.215
7845,5.722
7846,5.334
7847,5.063
7848,5.074
7849,4.983
7850,4.742
7851,4.579
7852,4.479
7853,4.053
7854,3.521
7855,2.814
7856,2.791
7857,4.186
7858,5.009
7859,6.028
7860,6.98
7861,7.342
7862,7.102
7863,6.142
7864,4.329
7865,3.653
7866,3.659
7867,3.595
7868,3.468
7869,3.341
7870,3.173
7871,3.114
7872,3.157
7873,3.206
7874,3.165
7875,3.09
7876,3.019
7877,3.03
7878,3.046
7879,3.039
7880,3.172
7881,3.553
7882,4.126
7883,4.882
7884,5.586
7885,6.034
7886,6.17
7887,5.819
7888,5.142
7889,4.856
7890,4.65
7891,4.523
7892,4.449
7893,4.387
7894,4.248
7895,4.039
7896,3.834
7897,3.639
7898,3.45
7899,3.284
7900,3.234
7901,3.249
7902,3.439
7903,3.629
7904,4.083
7905,5.163
7906,6.578
7907,7.979
7908,9.322
7909,10.06
7910,10.18
7911,9.067
7912,6.694
7913,5.495
7914,4.886
7915,4.187
7916,3.906
7917,4.01
7918,4.306
7919,4.774
7920,4.929
7921,4.943
7922,4.899
7923,5.056
7924,5.069
7925,4.914
7926,4.915
7927,5.059
7928,5.734
7929,6.285
7930,6.804
7931,7.716
7932,9.177
7933,10.421
7934,10.93
7935,10.308
7936,8.752
7937,8.36
7938,8.386
7939,8.306
7940,8.234
7941,8.207
7942,8.291
7943,8.327
7944,8.243
7945,8.05
7946,7.859
7947,7.769
7948,7.586
7949,7.356
7950,7.172
7951,7.091
7952,7.199
7953,7.746
7954,8.349
7955,8.893
7956,9.286
7957,9.47
7958,9.243
7959,8.578
7960,7.732
7961,7.221
7962,6.995
7963,6.934
7964,6.953
7965,6.974
7966,7.012
7967,7.021
7968,7.004
7969,6.977
7970,6.871
7971,6.627
7972,6.369
7973,6.248
7974,6.176
7975,6.095
7976,6.121
7977,6.33
7978,6.423
7979,6.125
7980,5.748
7981,5.499
7982,5.319
7983,4.945
7984,3.284
7985,2.076
7986,1.445
7987,0.915
7988,0.439
7989,-0.003
7990,-0.32
7991,-0.6
7992,-0.796
7993,-0.709
7994,-0.552
7995,-0.495
7996,-0.72
7997,-0.89
7998,-1.004
7999,-0.989
8000,-0.522
8001,0.983
8002,2.211
8003,3.849
8004,4.924
8005,5.249
8006,5.107
8007,3.928
8008,0.829
8009,-0.386
8010,-0.761
8011,-1.13
8012,-1.418
8013,-1.662
8014,-1.805
8015,-1.822
8016,-2.293
8017,-2.962
8018,-2.689
8019,-2.154
8020,-2.032
8021,-1.868
8022,-1.773
8023,-1.705
8024,-1.584
8025,-1.125
8026,-0.515
8027,0.15
8028,0.72
8029,1.043
8030,1.057
8031,0.639
8032,-0.173
8033,-0.662
8034,-0.77
8035,-0.709
8036,-0.626
8037,-0.502
8038,-0.566
8039,-0.792
8040,-1.152
8041,-1.644
8042,-2.076
8043,-2.267
8044,-2.359
8045,-2.664
8046,-2.774
8047,-2.975
8048,-2.955
8049,-1.252
8050,0.098
8051,1.694
8052,2.591
8053,2.832
8054,2.625
8055,1.35
8056,-0.907
8057,-1.491
8058,-1.635
8059,-1.468
8060,-1.279
8061,-1.213
8062,-1.22
8063,-1.184
8064,-1.116
8065,-1.126
8066,-0.899
8067,-0.667
8068,-0.524
8069,-0.366
8070,-0.453
8071,-0.652
8072,-0.566
8073,0.462
8074,1.345
8075,2.219
8076,3.044
8077,3.612
8078,3.85
8079,2.656
8080,0.094
8081,-1.091
8082,-1.338
8083,-1.664
8084,-2.023
8085,-2.348
8086,-2.512
8087,-2.683
8088,-2.833
8089,-2.961
8090,-3.075
8091,-3.213
8092,-3.382
8093,-3.508
8094,-3.485
8095,-3.446
8096,-3.179
8097,-1.736
8098,0.04
8099,1.601
8100,2.805
8101,3.472
8102,3.373
8103,1.593
8104,-1.612
8105,-2.504
8106,-2.717
8107,-2.916
8108,-3.063
8109,-3.217
8110,-3.316
8111,-3.343
8112,-3.338
8113,-3.305
8114,-3.189
8115,-2.997
8116,-2.963
8117,-2.943
8118,-2.93
8119,-2.997
8120,-2.879
8121,-1.784
8122,-0.754
8123,0.767
8124,1.867
8125,2.338
8126,2.13
8127,0.69
8128,-1.477
8129,-2.228
8130,-2.674
8131,-2.912
8132,-2.848
8133,-2.67
8134,-2.623
8135,-2.737
8136,-2.869
8137,-2.978
8138,-2.964
8139,-2.938
8140,-3.038
8141,-3.15
8142,-3.069
8143,-2.983
8144,-2.57
8145,-0.613
8146,1.156
8147,2.879
8148,4.146
8149,4.728
8150,4.314
8151,2.716
8152,1.212
8153,1.166
8154,1.406
8155,1.544
8156,1.65
8157,1.77
8158,2.09
8159,2.77
8160,3.424
8161,4.246
8162,4.491
8163,4.289
8164,4.106
8165,3.876
8166,3.805
8167,3.725
8168,3.795
8169,4.079
8170,4.502
8171,4.942
8172,5.505
8173,5.806
8174,5.74
8175,5.04
8176,3.556
8177,3.121
8178,2.45
8179,2.334
8180,2.41
8181,2.417
8182,2.308
8183,2.178
8184,2.092
8185,2.085
8186,2.207
8187,2.296
8188,2.524
8189,3.133
8190,3.649
8191,3.929
8192,4.225
8193,5.119
8194,6.072
8195,6.938
8196,7.595
8197,7.872
8198,7.909
8199,7.897
8200,7.802
8201,7.884
8202,8.062
8203,8.234
8204,8.259
8205,8.183
8206,7.894
8207,7.278
8208,6.585
8209,6.036
8210,5.638
8211,5.312
8212,5.055
8213,4.741
8214,4.419
8215,4.154
8216,4.114
8217,4.794
8218,5.626
8219,6.29
8220,6.778
8221,6.631
8222,5.951
8223,5.139
8224,4.431
8225,4.167
8226,4.053
8227,3.948
8228,3.909
8229,3.888
8230,3.76
8231,3.534
8232,3.177
8233,2.57
8234,1.908
8235,1.181
8236,0.837
8237,0.667
8238,0.531
8239,0.365
8240,0.283
8241,0.724
8242,1.418
8243,2.228
8244,3.043
8245,3.689
8246,3.738
8247,2.521
8248,0.398
8249,-0.594
8250,-1.141
8251,-1.785
8252,-2.469
8253,-2.71
8254,-2.514
8255,-1.952
8256,-1.553
8257,-1.734
8258,-2.197
8259,-2.568
8260,-2.692
8261,-2.677
8262,-2.368
8263,-1.872
8264,-1.364
8265,-0.309
8266,0.539
8267,1.182
8268,1.395
8269,1.376
8270,1.028
8271,0.636
8272,0.488
8273,0.487
8274,0.481
8275,0.567
8276,0.645
8277,0.709
8278,0.79
8279,0.909
8280,1.023
8281,1.079
8282,0.907
8283,0.761
8284,0.618
8285,0.559
8286,0.444
8287,0.31
8288,0.471
8289,1.1
8290,1.646
8291,2.146
8292,2.615
8293,2.876
8294,2.815
8295,1.901
8296,-0.531
8297,-1.79
8298,-2.498
8299,-2.762
8300,-2.403
8301,-2.036
8302,-1.98
8303,-1.914
8304,-1.601
8305,-1.434
8306,-1.546
8307,-1.532
8308,-1.303
8309,-1.0
8310,-0.495
8311,-0.029
8312,0.356
8313,0.552
8314,1.101
8315,2.162
8316,2.931
8317,3.015
8318,2.895
8319,2.74
8320,2.361
8321,2.211
8322,2.051
8323,1.929
8324,1.946
8325,2.199
8326,2.246
8327,1.944
8328,1.477
8329,1.149
8330,1.025
8331,1.254
8332,1.33
8333,1.331
8334,2.443
8335,5.27
8336,5.983
8337,5.659
8338,5.47
8339,5.478
8340,5.593
8341,5.698
8342,5.692
8343,5.281
8344,4.457
8345,4.086
8346,3.953
8347,3.967
8348,4.094
8349,4.285
8350,4.652
8351,5.058
8352,5.093
8353,5.643
8354,6.343
8355,7.235
8356,8.177
8357,8.597
8358,8.609
8359,8.566
8360,8.665
8361,9.007
8362,9.498
8363,9.78
8364,9.687
8365,9.296
8366,8.72
8367,7.879
8368,6.665
8369,6.081
8370,5.783
8371,5.457
8372,5.068
8373,4.639
8374,4.412
8375,4.355
8376,4.506
8377,4.812
8378,5.13
8379,5.483
8380,5.695
8381,5.645
8382,5.465
8383,4.965
8384,4.473
8385,6.229
8386,8.225
8387,9.144
8388,9.783
8389,10.101
8390,9.699
8391,8.063
8392,6.098
8393,5.623
8394,5.589
8395,5.219
8396,4.565
8397,4.213
8398,4.747
8399,5.026
8400,4.99
8401,4.977
8402,4.926
8403,5.042
8404,5.028
8405,4.891
8406,4.772
8407,4.776
8408,4.949
8409,6.468
8410,9.177
8411,10.896
8412,11.722
8413,12.191
8414,11.797
8415,9.787
8416,7.677
8417,7.278
8418,7.088
8419,6.761
8420,6.42
8421,6.17
8422,6.008
8423,5.818
8424,5.718
8425,5.479
8426,5.462
8427,5.453
8428,5.615
8429,5.839
8430,5.777
8431,5.967
8432,6.181
8433,7.282
8434,8.682
8435,9.87
8436,10.832
8437,11.378
8438,11.3
8439,10.524
8440,9.222
8441,7.599
8442,6.088
8443,5.806
8444,5.997
8445,6.198
8446,6.056
8447,5.484
8448,4.95
8449,4.566
8450,4.362
8451,4.172
8452,3.965
8453,3.633
8454,3.319
8455,3.168
8456,3.304
8457,4.981
8458,6.469
8459,7.605
8460,8.712
8461,9.746
8462,9.976
8463,8.074
8464,5.49
8465,4.834
8466,4.666
8467,4.431
8468,4.398
8469,4.438
8470,4.614
8471,4.48
8472,3.829
8473,3.452
8474,3.542
8475,3.916
8476,4.091
8477,4.278
8478,4.239
8479,4.47
8480,5.051
8481,6.585
8482,8.058
8483,9.034
8484,9.579
8485,9.582
8486,9.057
8487,8.298
8488,7.925
8489,8.006
8490,7.34
8491,6.654
8492,5.663
8493,4.779
8494,4.584
8495,4.408
8496,4.125
8497,3.655
8498,3.295
8499,2.996
8500,2.579
8501,2.288
8502,2.19
8503,2.405
8504,2.466
8505,3.259
8506,4.572
8507,6.004
8508,7.352
8509,8.236
8510,8.112
8511,6.525
8512,4.504
8513,3.582
8514,2.865
8515,2.276
8516,2.085
8517,2.113
8518,2.289
8519,2.671
8520,2.906
8521,3.245
8522,3.379
8523,3.433
8524,3.511
8525,3.503
8526,3.091
8527,3.014
8528,3.352
8529,4.486
8530,5.4
8531,6.029
8532,6.725
8533,7.44
8534,7.328
8535,6.418
8536,5.371
8537,4.903
8538,4.98
8539,5.119
8540,4.966
8541,4.577
8542,4.261
8543,4.192
8544,4.259
8545,4.326
8546,4.295
8547,4.347
8548,4.363
8549,4.37
8550,4.435
8551,4.501
8552,4.455
8553,4.68
8554,5.074
8555,5.439
8556,5.755
8557,5.875
8558,5.806
8559,5.567
8560,5.311
8561,5.251
8562,5.228
8563,5.053
8564,4.888
8565,4.712
8566,4.597
8567,4.456
8568,4.413
8569,4.489
8570,4.483
8571,4.266
8572,3.914
8573,3.224
8574,2.515
8575,2.378
8576,2.714
8577,3.44
8578,4.011
8579,4.21
8580,4.672
8581,5.382
8582,5.768
8583,6.115
8584,6.398
8585,6.314
8586,5.879
8587,5.155
8588,4.819
8589,5.088
8590,5.358
8591,5.342
8592,5.346
8593,5.511
8594,5.621
8595,5.649
8596,5.662
8597,5.606
8598,5.516
8599,5.444
8600,5.484
8601,5.789
8602,6.16
8603,6.251
8604,5.947
8605,5.705
8606,5.379
8607,4.848
8608,4.241
8609,4.03
8610,3.67
8611,3.224
8612,2.832
8613,2.739
8614,2.703
8615,2.627
8616,2.409
8617,2.193
8618,2.063
8619,1.945
8620,1.857
8621,1.724
8622,1.595
8623,1.374
8624,1.215
8625,1.474
8626,1.933
8627,2.931
8628,4.056
8629,4.434
8630,4.178
8631,3.208
8632,2.451
8633,2.216
8634,1.963
8635,1.687
8636,1.336
8637,1.026
8638,0.544
8639,0.091
8640,0.023
8641,0.445
8642,1.371
8643,2.073
8644,2.232
8645,2.242
8646,2.608
8647,2.886
8648,2.962
8649,3.266
8650,4.168
8651,4.869
8652,5.435
8653,5.793
8654,5.745
8655,5.039
8656,3.299
8657,2.565
8658,1.935
8659,1.153
8660,0.303
8661,-0.574
8662,-1.473
8663,-1.949
8664,-2.263
8665,-2.545
8666,-2.815
8667,-3.134
8668,-3.295
8669,-3.53
8670,-3.645
8671,-3.71
8672,-3.546
8673,-1.701
8674,-0.07
8675,1.509
8676,2.313
8677,2.505
8678,2.178
8679,0.175
8680,-2.785
8681,-3.387
8682,-3.49
8683,-3.49
8684,-3.222
8685,-2.805
8686,-2.587
8687,-2.417
8688,-2.582
8689,-3.438
8690,-3.905
8691,-4.053
8692,-4.184
8693,-4.285
8694,-4.363
8695,-4.363
8696,-4.128
8697,-2.823
8698,-1.336
8699,0.389
8700,1.7
8701,2.28
8702,2.062
8703,0.239
8704,-2.087
8705,-2.663
8706,-2.663
8707,-2.829
8708,-2.929
8709,-2.954
8710,-2.971
8711,-2.944
8712,-2.822
8713,-2.533
8714,-2.317
8715,-2.16
8716,-2.082
8717,-2.077
8718,-2.07
8719,-2.045
8720,-1.748
8721,0.019
8722,1.553
8723,2.895
8724,3.952
8725,4.465
8726,4.149
8727,2.569
8728,1.008
8729,0.407
8730,-0.04
8731,-0.325
8732,-0.372
8733,-0.382
8734,-0.387
8735,-0.572
8736,-0.863
8737,-1.06
8738,-1.164
8739,-1.276
8740,-1.357
8741,-1.437
8742,-1.479
8743,-1.574
8744,-1.518
8745,0.208
8746,1.784
8747,2.901
8748,3.518
8749,3.804
8750,3.476
8751,2.375
8752,1.329
8753,0.471
8754,-0.348
8755,-0.853
8756,-0.943
8757,-0.977
8758,-1.03
8759,-1.102
8760,-1.321
